2026/05/25 14:12:04 Received: 68F7D0D0DEA2C7CF8B19378E8DF07CFFF1E3C4C6C4B944B493C0FC48F690E3E6BDC1D8
2026/05/25 14:12:04 serial 120
2026/05/25 14:12:04 Processing protocol: 0x26 
2026/05/25 14:12:04 ⚠️ Unknown protocol: 0x26
2026/05/25 14:12:06 Received: B214629837AEFA77837C09C1530D7507EE936CE68D9BFFC838D975E9098F3DBE328DA8
2026/05/25 14:12:06 serial 121
2026/05/25 14:12:06 Processing protocol: 0x26 
2026/05/25 14:12:06 ⚠️ Unknown protocol: 0x26
2026/05/25 14:12:08 Received: 9F6D0FAF217A4CCB7D1DE6E343A7F965
2026/05/25 14:12:08 serial 122
2026/05/25 14:12:08 Processing protocol: 0x13 
2026/05/25 14:12:08 ✅ Heartbeat - Battery: 4, GSM: 1, TermInfo: CC25CA30, Serial: 122
2026/05/25 14:12:08 Sent response: 9CAD0732A921F123B889
2026/05/25 14:12:10 Received: A32B9DABE81BA3A5A356E79A17AA9BE47957E88151994F4063CD6D6E885E9857273B57
2026/05/25 14:12:10 serial 123
2026/05/25 14:12:10 Processing protocol: 0x26 
2026/05/25 14:12:10 ⚠️ Unknown protocol: 0x26
2026/05/25 14:12:12 Client connected: 118.70.42.176:14376
2026/05/25 14:12:12 Received: 5F1C32A800B6370AC03715A4DDE6C0572B789A5D
2026/05/25 14:12:12 serial 124
2026/05/25 14:12:12 Processing protocol: 0x01 
2026/05/25 14:12:12 ✅ Login packet - IMEI: 0867440060527926, Serial: 124
2026/05/25 14:12:12 Sent response: CAD867C875FDE786616D
2026/05/25 14:12:14 Received: EEF18EA16257CB25FA7234B7BDFCBD97
2026/05/25 14:12:14 serial 125
2026/05/25 14:12:14 Processing protocol: 0x13 
2026/05/25 14:12:14 ✅ Heartbeat - Battery: 5, GSM: 3, TermInfo: 620C83C4, Serial: 125
2026/05/25 14:12:14 Sent response: 0FB0526DF661466734A1
2026/05/25 14:12:16 Connection error: EOF
2026/05/25 14:12:18 Received: C4A4D96CA5779D180B2594A87FC6563B2A97C776D89394A68BF8223D99FA2D8C65D602325644729D
2026/05/25 14:12:18 serial 126
2026/05/25 14:12:18 Processing protocol: 0x22 
2026/05/25 14:12:18 ✅ Location - Lat: 22.610713, Lon: 88.320866, Speed: 72, Course: 3720, Serial: 126
2026/05/25 14:12:20 Client connected: 42.250.213.155:27298
2026/05/25 14:12:20 Received: 6662D22905EBCFEF00A0F72DC0D9C5B83B7BAE33
2026/05/25 14:12:20 serial 127
2026/05/25 14:12:20 Processing protocol: 0x01 
2026/05/25 14:12:20 ✅ Login packet - IMEI: 0867440060527926, Serial: 127
2026/05/25 14:12:20 Sent response: E37C65D5FE9B02529BFA
2026/05/25 14:12:22 Client connected: 20.149.187.24:37862
2026/05/25 14:12:22 Received: B0879891AE4DF365B349291A344F307E1B35D3ED
2026/05/25 14:12:22 serial 128
2026/05/25 14:12:22 Processing protocol: 0x01 
2026/05/25 14:12:22 ✅ Login packet - IMEI: 0867440060527926, Serial: 128
2026/05/25 14:12:22 Sent response: BA7690A92395693BEB19
2026/05/25 14:12:24 Received: 566AFB7B0CC22EBE8BFD78DFEAA23594
2026/05/25 14:12:24 serial 129
2026/05/25 14:12:24 Processing protocol: 0x13 
2026/05/25 14:12:24 ✅ Heartbeat - Battery: 3, GSM: 2, TermInfo: DDD36684, Serial: 129
2026/05/25 14:12:24 Sent response: 1B7C3C458652068361A9
2026/05/25 14:12:26 Received: 8D20A5F11A620987FE9A7890F40743A6CD44B1CBA074DFD5F4582D4B9070E48E5EC481B3DDD00829
2026/05/25 14:12:26 serial 130
2026/05/25 14:12:26 Processing protocol: 0x22 
2026/05/25 14:12:26 ✅ Location - Lat: 22.692523, Lon: 88.543445, Speed: 108, Course: 4296, Serial: 130
2026/05/25 14:12:28 Connection error: EOF
2026/05/25 14:12:30 Received: 44319B1B926D9B47B1AF4FF100AE1621A619CCCAD1141F8E22B2FBB998C91517963CE09796773F1D
2026/05/25 14:12:30 serial 131
2026/05/25 14:12:30 Processing protocol: 0x22 
2026/05/25 14:12:30 ✅ Location - Lat: 22.558792, Lon: 88.378857, Speed: 76, Course: 2991, Serial: 131
2026/05/25 14:12:32 Received: C8AF4B4A69E6A0ECD6B7CAC91004B0EA
2026/05/25 14:12:32 serial 132
2026/05/25 14:12:32 Processing protocol: 0x13 
2026/05/25 14:12:32 ✅ Heartbeat - Battery: 1, GSM: 2, TermInfo: 5AEC5F0F, Serial: 132
2026/05/25 14:12:32 Sent response: B627CD3A66BBB78E2E99
2026/05/25 14:12:34 Received: 2FDEAF3B818FA0C7E8065600ECB506EA
2026/05/25 14:12:34 serial 133
2026/05/25 14:12:34 Processing protocol: 0x13 
2026/05/25 14:12:34 ✅ Heartbeat - Battery: 5, GSM: 5, TermInfo: 60BD4528, Serial: 133
2026/05/25 14:12:34 Sent response: 4E86F9F1ADEFCE85E591
2026/05/25 14:12:36 Connection error: EOF
2026/05/25 14:12:38 Received: 7FE79828AB646EA28B84641B76997D15156071BD2BD46C244DC51CA476FE357719C431FEE3411D8E
2026/05/25 14:12:38 serial 134
2026/05/25 14:12:38 Processing protocol: 0x22 
2026/05/25 14:12:38 ✅ Location - Lat: 22.675835, Lon: 88.338835, Speed: 16, Course: 4626, Serial: 134
2026/05/25 14:12:40 Connection error: EOF
2026/05/25 14:12:42 Received: F441C7A26D98444CFACBA5633E22E551
2026/05/25 14:12:42 serial 135
2026/05/25 14:12:42 Processing protocol: 0x13 
2026/05/25 14:12:42 ✅ Heartbeat - Battery: 5, GSM: 3, TermInfo: 8DDAE47D, Serial: 135
2026/05/25 14:12:42 Sent response: 9AED97E35C41F97D0F63
2026/05/25 14:12:44 Received: D31C9463A3FB59683A362F2D49BA3C745309EF3BE9795B7C1204DAE6B4CE3D59C3966B12956BACEB
2026/05/25 14:12:44 serial 136
2026/05/25 14:12:44 Processing protocol: 0x22 
2026/05/25 14:12:44 ✅ Location - Lat: 22.631445, Lon: 88.355908, Speed: 31, Course: 5079, Serial: 136
2026/05/25 14:12:46 Received: 0187C29E96587C0137B585FC27E851EA3C2B1DAF345A02C743BBFC1539996DAAAD9EB463D6488311
2026/05/25 14:12:46 serial 137
2026/05/25 14:12:46 Processing protocol: 0x22 
2026/05/25 14:12:46 ✅ Location - Lat: 22.517164, Lon: 88.392269, Speed: 22, Course: 5532, Serial: 137
2026/05/25 14:12:48 Connection error: EOF
2026/05/25 14:12:50 Received: 0E80166A327FC26F41D60F072D539CB9DC50A68ED8A30FA10886630F1796AD408FFBC9
2026/05/25 14:12:50 serial 138
2026/05/25 14:12:50 Processing protocol: 0x26 
2026/05/25 14:12:50 ⚠️ Unknown protocol: 0x26
2026/05/25 14:12:52 Received: 10F61E81802E1CB87ACBBE7047A8A634AFE5157054DABEECA88583075CCE3E8E61B003
2026/05/25 14:12:52 serial 139
2026/05/25 14:12:52 Processing protocol: 0x26 
2026/05/25 14:12:52 ⚠️ Unknown protocol: 0x26
2026/05/25 14:12:54 Connection error: EOF
2026/05/25 14:12:56 Received: 094A61EB615F14A51A778915F1914350
2026/05/25 14:12:56 serial 140
2026/05/25 14:12:56 Processing protocol: 0x13 
2026/05/25 14:12:56 ✅ Heartbeat - Battery: 2, GSM: 3, TermInfo: A728478E, Serial: 140
2026/05/25 14:12:56 Sent response: 965E8047CFF796FDA670
2026/05/25 14:12:58 Client connected: 92.126.150.245:19333
2026/05/25 14:12:58 Received: A89EB2BB2E90842E0D96978534122AF77B0F4709
2026/05/25 14:12:58 serial 141
2026/05/25 14:12:58 Processing protocol: 0x01 
2026/05/25 14:12:58 ✅ Login packet - IMEI: 0867440060527926, Serial: 141
2026/05/25 14:12:58 Sent response: A14BFBF95173CF6DC961
2026/05/25 14:13:00 Client connected: 13.215.250.88:28933
2026/05/25 14:13:00 Received: 6DD531D62151ABD358E441EADA2F117FB5B779F9
2026/05/25 14:13:00 serial 142
2026/05/25 14:13:00 Processing protocol: 0x01 
2026/05/25 14:13:00 ✅ Login packet - IMEI: 0867440060527926, Serial: 142
2026/05/25 14:13:00 Sent response: BBB8D51AD74E46BE9D14
2026/05/25 14:13:02 Received: 4DB3E8C586B43D8A1984401F442B5827
2026/05/25 14:13:02 serial 143
2026/05/25 14:13:02 Processing protocol: 0x13 
2026/05/25 14:13:02 ✅ Heartbeat - Battery: 1, GSM: 3, TermInfo: 96E36953, Serial: 143
2026/05/25 14:13:02 Sent response: 5F7F9A6E9C9D6B3044C1
2026/05/25 14:13:04 Received: DB408BA6D9CC4514E617192473E6246A7322678462AC88FDABA3946BAB843696B14F92
2026/05/25 14:13:04 serial 144
2026/05/25 14:13:04 Processing protocol: 0x26 
2026/05/25 14:13:04 ⚠️ Unknown protocol: 0x26
2026/05/25 14:13:06 Received: D2A40E41870C1F9E292821C7B6D6D00B92117F1296030EFA7A2B88295C4FFB02B3782228077BD08D
2026/05/25 14:13:06 serial 145
2026/05/25 14:13:06 Processing protocol: 0x22 
2026/05/25 14:13:06 ✅ Location - Lat: 22.663613, Lon: 88.339251, Speed: 70, Course: 1869, Serial: 145
2026/05/25 14:13:08 Received: 05531EC2BB7EE9E1920912CE0EBAC104
2026/05/25 14:13:08 serial 146
2026/05/25 14:13:08 Processing protocol: 0x13 
2026/05/25 14:13:08 ✅ Heartbeat - Battery: 1, GSM: 5, TermInfo: 963FAA2B, Serial: 146
2026/05/25 14:13:08 Sent response: 58D2F0BF7FD6D446B082
2026/05/25 14:13:10 Received: F52D338318C80A7C3CCDE851A970FEEBEE4BAB1C5AE95BD56554185890A41832D4A31CBE760B5C2A
2026/05/25 14:13:10 serial 147
2026/05/25 14:13:10 Processing protocol: 0x22 
2026/05/25 14:13:10 ✅ Location - Lat: 22.629523, Lon: 88.389939, Speed: 25, Course: 1780, Serial: 147
2026/05/25 14:13:12 Client connected: 18.131.219.128:21190
2026/05/25 14:13:12 Received: 04DD8C503649EA6522775A7ED4C02D974F6D0AF8
2026/05/25 14:13:12 serial 148
2026/05/25 14:13:12 Processing protocol: 0x01 
2026/05/25 14:13:12 ✅ Login packet - IMEI: 0867440060527926, Serial: 148
2026/05/25 14:13:12 Sent response: B454EAFB4A97A7D12F89
2026/05/25 14:13:14 Client connected: 88.163.81.207:27410
2026/05/25 14:13:14 Received: 85236911FAA57A9BDC1A39E4B4D4F6DA34E65DB4
2026/05/25 14:13:14 serial 149
2026/05/25 14:13:14 Processing protocol: 0x01 
2026/05/25 14:13:14 ✅ Login packet - IMEI: 0867440060527926, Serial: 149
2026/05/25 14:13:14 Sent response: D1867636E45632364257
2026/05/25 14:13:16 Received: 7EF6F9FAB09CBA909D78BDB61E7610888D61B7222379ADD4B2D129FD0DB69031B8C3E7
2026/05/25 14:13:16 serial 150
2026/05/25 14:13:16 Processing protocol: 0x26 
2026/05/25 14:13:16 ⚠️ Unknown protocol: 0x26
2026/05/25 14:13:18 Connection error: EOF
2026/05/25 14:13:20 Received: 729E2F7FDFD77A19CEB7AED87B3A97F052F42FF646963F576CF11E07FB514ACBCD34BB
2026/05/25 14:13:20 serial 151
2026/05/25 14:13:20 Processing protocol: 0x26 
2026/05/25 14:13:20 ⚠️ Unknown protocol: 0x26
2026/05/25 14:13:22 Client connected: 57.82.166.81:34123
2026/05/25 14:13:22 Received: 44F5AE28BCADE381ABF01A5CFE8D4FCE9AAFA5B5
2026/05/25 14:13:22 serial 152
2026/05/25 14:13:22 Processing protocol: 0x01 
2026/05/25 14:13:22 ✅ Login packet - IMEI: 0867440060527926, Serial: 152
2026/05/25 14:13:22 Sent response: EFF0990F56706E78F678
2026/05/25 14:13:24 Client connected: 81.29.57.138:58680
2026/05/25 14:13:24 Received: 0865853679AFDE46303E569D5458818C08C3EE03
2026/05/25 14:13:24 serial 153
2026/05/25 14:13:24 Processing protocol: 0x01 
2026/05/25 14:13:24 ✅ Login packet - IMEI: 0867440060527926, Serial: 153
2026/05/25 14:13:24 Sent response: 25A11CB3EF7F0777532B
2026/05/25 14:13:26 Received: B39E2033CD1646B6473BDAC667A20B66
2026/05/25 14:13:26 serial 154
2026/05/25 14:13:26 Processing protocol: 0x13 
2026/05/25 14:13:26 ✅ Heartbeat - Battery: 4, GSM: 4, TermInfo: 0A2634E1, Serial: 154
2026/05/25 14:13:26 Sent response: 1B996B3E3F0F1160EF38
2026/05/25 14:13:28 Received: DCF11976FB26D46579DDAE2DFAF63072
2026/05/25 14:13:28 serial 155
2026/05/25 14:13:28 Processing protocol: 0x13 
2026/05/25 14:13:28 ✅ Heartbeat - Battery: 4, GSM: 4, TermInfo: B1B22045, Serial: 155
2026/05/25 14:13:28 Sent response: 1D4091776C91BDE3F878
2026/05/25 14:13:30 Connection error: EOF
2026/05/25 14:13:32 Received: 7809EAE4ED75CC13D31DA49A9C431413
2026/05/25 14:13:32 serial 156
2026/05/25 14:13:32 Processing protocol: 0x13 
2026/05/25 14:13:32 ✅ Heartbeat - Battery: 1, GSM: 3, TermInfo: C7AD587E, Serial: 156
2026/05/25 14:13:32 Sent response: 9D7CC5FFAFC05C60C50B
2026/05/25 14:13:34 Received: B9EFB67547AE5ADB5036C9016F98AECF3A47EE57D6CB7112348BE45A4F33180BEA7B3760B1779C93
2026/05/25 14:13:34 serial 157
2026/05/25 14:13:34 Processing protocol: 0x22 
2026/05/25 14:13:34 ✅ Location - Lat: 22.506217, Lon: 88.531944, Speed: 71, Course: 5584, Serial: 157
2026/05/25 14:13:36 Received: C4A3C945E3BDFC06E0B7B788E11AF7D1B3D4F7F5124E3352A3F386B1649446CFF1849D
2026/05/25 14:13:36 serial 158
2026/05/25 14:13:36 Processing protocol: 0x26 
2026/05/25 14:13:36 ⚠️ Unknown protocol: 0x26
2026/05/25 14:13:38 Connection error: EOF
2026/05/25 14:13:40 Received: C5FC0273B548B0E65474D3AA0F2C92D03FDAC55D5E413F3F566F2B8834FC00BD2D7F42129EA57EAF
2026/05/25 14:13:40 serial 159
2026/05/25 14:13:40 Processing protocol: 0x22 
2026/05/25 14:13:40 ✅ Location - Lat: 22.572567, Lon: 88.453122, Speed: 113, Course: 2826, Serial: 159
2026/05/25 14:13:42 Received: 82C46478893894D5E3CBF2C77F8C91FB16843A97CFF65B9B1EFB78943A1F6EA3F42C6A4BB83E736F
2026/05/25 14:13:42 serial 160
2026/05/25 14:13:42 Processing protocol: 0x22 
2026/05/25 14:13:42 ✅ Location - Lat: 22.563821, Lon: 88.498603, Speed: 90, Course: 1387, Serial: 160
2026/05/25 14:13:44 Received: 0DB7262CE9D6FE4A96924E79018EBB588F841E0CB8AB47E7B802F6DD96EF41B6546CBE45CBFDB37E
2026/05/25 14:13:44 serial 161
2026/05/25 14:13:44 Processing protocol: 0x22 
2026/05/25 14:13:44 ✅ Location - Lat: 22.621305, Lon: 88.570499, Speed: 22, Course: 1970, Serial: 161
2026/05/25 14:13:46 Connection error: EOF
2026/05/25 14:13:48 Received: 13D8FC1D3BB26D4EECFF6060DA819900
2026/05/25 14:13:48 serial 162
2026/05/25 14:13:48 Processing protocol: 0x13 
2026/05/25 14:13:48 ✅ Heartbeat - Battery: 5, GSM: 2, TermInfo: 8FF8CD0E, Serial: 162
2026/05/25 14:13:48 Sent response: 744BFA189B3BDA4E9A80
2026/05/25 14:13:50 Received: 6CF61545724472BAB1502435594E9F40
2026/05/25 14:13:50 serial 163
2026/05/25 14:13:50 Processing protocol: 0x13 
2026/05/25 14:13:50 ✅ Heartbeat - Battery: 5, GSM: 4, TermInfo: 8C362C3C, Serial: 163
2026/05/25 14:13:50 Sent response: 371615CE3F60E2D8A4A6
2026/05/25 14:13:52 Received: 748FE6D0CBBD968817C4AECDFA388499A83A9BE56766E92A5D847B5138A41134856A9C
2026/05/25 14:13:52 serial 164
2026/05/25 14:13:52 Processing protocol: 0x26 
2026/05/25 14:13:52 ⚠️ Unknown protocol: 0x26
2026/05/25 14:13:54 Received: 22B1E37C3F36EE7DDF2A225EC7C05A52
2026/05/25 14:13:54 serial 165
2026/05/25 14:13:54 Processing protocol: 0x13 
2026/05/25 14:13:54 ✅ Heartbeat - Battery: 6, GSM: 2, TermInfo: D91B5CD9, Serial: 165
2026/05/25 14:13:54 Sent response: 2F7DCC6F731676956AF3
2026/05/25 14:13:56 Client connected: 107.217.6.134:23204
2026/05/25 14:13:56 Received: 07357AC5222DA14A20557131794456EBA2935827
2026/05/25 14:13:56 serial 166
2026/05/25 14:13:56 Processing protocol: 0x01 
2026/05/25 14:13:56 ✅ Login packet - IMEI: 0867440060527926, Serial: 166
2026/05/25 14:13:56 Sent response: A142F5A99D17810DE3DA
2026/05/25 14:13:58 Client connected: 199.231.36.222:14916
2026/05/25 14:13:58 Received: 37AC8DC0EE670A97585DDE109142834911E6874D
2026/05/25 14:13:58 serial 167
2026/05/25 14:13:58 Processing protocol: 0x01 
2026/05/25 14:13:58 ✅ Login packet - IMEI: 0867440060527926, Serial: 167
2026/05/25 14:13:58 Sent response: AD50C243EA8C2F347F3E
2026/05/25 14:14:00 Client connected: 213.65.59.242:33675
2026/05/25 14:14:00 Received: 941D28387F67F1C9B92DF398502FB674D01F4D3F
2026/05/25 14:14:00 serial 168
2026/05/25 14:14:00 Processing protocol: 0x01 
2026/05/25 14:14:00 ✅ Login packet - IMEI: 0867440060527926, Serial: 168
2026/05/25 14:14:00 Sent response: 9D17B50773778EA3BA3F
2026/05/25 14:14:02 Client connected: 139.189.99.65:27687
2026/05/25 14:14:02 Received: 646617651627759EFE6F1CE5F702857B1D0CF6EA
2026/05/25 14:14:02 serial 169
2026/05/25 14:14:02 Processing protocol: 0x01 
2026/05/25 14:14:02 ✅ Login packet - IMEI: 0867440060527926, Serial: 169
2026/05/25 14:14:02 Sent response: B049A662CC89411EABA3
2026/05/25 14:14:04 Connection error: EOF
2026/05/25 14:14:06 Connection error: EOF
2026/05/25 14:14:08 Received: FBA1F1D24C98D79B9DA8DE1BB074742CF2C83D2BD520B6711482CD84103061E72FA97E06F27D0524
2026/05/25 14:14:08 serial 170
2026/05/25 14:14:08 Processing protocol: 0x22 
2026/05/25 14:14:08 ✅ Location - Lat: 22.619997, Lon: 88.553795, Speed: 1, Course: 2476, Serial: 170
2026/05/25 14:14:10 Received: 923A1BDA30E5BCE9097DBA2FC1F79115A5F32AEEC30E84603B967FE2D6AE61B5AEBFC10E39A5083D
2026/05/25 14:14:10 serial 171
2026/05/25 14:14:10 Processing protocol: 0x22 
2026/05/25 14:14:10 ✅ Location - Lat: 22.504209, Lon: 88.421767, Speed: 12, Course: 5969, Serial: 171
2026/05/25 14:14:12 Client connected: 95.103.23.211:13360
2026/05/25 14:14:12 Received: 39B97E121F8812AE62CF587CB36257C14E9F90C6
2026/05/25 14:14:12 serial 172
2026/05/25 14:14:12 Processing protocol: 0x01 
2026/05/25 14:14:12 ✅ Login packet - IMEI: 0867440060527926, Serial: 172
2026/05/25 14:14:12 Sent response: 4E0D3864C23950E98B78
2026/05/25 14:14:14 Client connected: 80.175.106.12:47242
2026/05/25 14:14:14 Received: 94151F9A99F948565CA6A7F856732F0833380AD4
2026/05/25 14:14:14 serial 173
2026/05/25 14:14:14 Processing protocol: 0x01 
2026/05/25 14:14:14 ✅ Login packet - IMEI: 0867440060527926, Serial: 173
2026/05/25 14:14:14 Sent response: 8F4740844C08E93925EF
2026/05/25 14:14:16 Received: 431AD4BD27C9688714F4E85DB954DA0465C0D47DCC6D28794D71F94DD362BBEF4B9C8E
2026/05/25 14:14:16 serial 174
2026/05/25 14:14:16 Processing protocol: 0x26 
2026/05/25 14:14:16 ⚠️ Unknown protocol: 0x26
2026/05/25 14:14:18 Connection error: EOF
2026/05/25 14:14:20 Received: C83E89C962D1E7A9951395BC737D4D60012BE5F46A314078821C66A562A4F830B1F160A339F83DD7
2026/05/25 14:14:20 serial 175
2026/05/25 14:14:20 Processing protocol: 0x22 
2026/05/25 14:14:20 ✅ Location - Lat: 22.662648, Lon: 88.577064, Speed: 34, Course: 2652, Serial: 175
2026/05/25 14:14:22 Connection error: EOF
2026/05/25 14:14:24 Received: 18DE79EBD2F0B7A602296EB7CDE8E0B8AC7D40E757EDFC9560893AC81173326DC731FBE1AE13B9A9
2026/05/25 14:14:24 serial 176
2026/05/25 14:14:24 Processing protocol: 0x22 
2026/05/25 14:14:24 ✅ Location - Lat: 22.597636, Lon: 88.494770, Speed: 23, Course: 5039, Serial: 176
2026/05/25 14:14:26 Client connected: 61.130.53.212:17310
2026/05/25 14:14:26 Received: 1F772B833CFD4E0BB02562FE9B472B7A03CAF111
2026/05/25 14:14:26 serial 177
2026/05/25 14:14:26 Processing protocol: 0x01 
2026/05/25 14:14:26 ✅ Login packet - IMEI: 0867440060527926, Serial: 177
2026/05/25 14:14:26 Sent response: 0281125119E5BD4B3F7C
2026/05/25 14:14:28 Received: B3E1CC87B5D1FD514DA062C50595B3AA
2026/05/25 14:14:28 serial 178
2026/05/25 14:14:28 Processing protocol: 0x13 
2026/05/25 14:14:28 ✅ Heartbeat - Battery: 5, GSM: 1, TermInfo: CE5269F8, Serial: 178
2026/05/25 14:14:28 Sent response: 2E8D2C893F91D6A2A22E
2026/05/25 14:14:30 Received: 04B149BF6F6EB2B93FA9713022039B58AEC4D41B43980E837BF594189BE00659D491D87964B79CAA
2026/05/25 14:14:30 serial 179
2026/05/25 14:14:30 Processing protocol: 0x22 
2026/05/25 14:14:30 ✅ Location - Lat: 22.669487, Lon: 88.417875, Speed: 21, Course: 5047, Serial: 179
2026/05/25 14:14:32 Client connected: 34.96.102.115:34630
2026/05/25 14:14:32 Received: 55C9C5E196330829BDC66912B64755F71BBDAAF5
2026/05/25 14:14:32 serial 180
2026/05/25 14:14:32 Processing protocol: 0x01 
2026/05/25 14:14:32 ✅ Login packet - IMEI: 0867440060527926, Serial: 180
2026/05/25 14:14:32 Sent response: 93F0FCDEA8EB5151FEDC
2026/05/25 14:14:34 Connection error: EOF
2026/05/25 14:14:36 Received: 72E3D44534A04055B08B54C6AF2BC10D
2026/05/25 14:14:36 serial 181
2026/05/25 14:14:36 Processing protocol: 0x13 
2026/05/25 14:14:36 ✅ Heartbeat - Battery: 5, GSM: 5, TermInfo: 0875F1A7, Serial: 181
2026/05/25 14:14:36 Sent response: E9AAA73AE6B57C99E76B
2026/05/25 14:14:38 Connection error: EOF
2026/05/25 14:14:40 Received: 912AF46346887BEF7E7BCD3641FB7375
2026/05/25 14:14:40 serial 182
2026/05/25 14:14:40 Processing protocol: 0x13 
2026/05/25 14:14:40 ✅ Heartbeat - Battery: 3, GSM: 5, TermInfo: 6CB20EB7, Serial: 182
2026/05/25 14:14:40 Sent response: 1CD52EBC57DD2D84936C
2026/05/25 14:14:42 Client connected: 14.9.97.1:41646
2026/05/25 14:14:42 Received: 946C5B6C288D57D1216621758962D342FAC869D9
2026/05/25 14:14:42 serial 183
2026/05/25 14:14:42 Processing protocol: 0x01 
2026/05/25 14:14:42 ✅ Login packet - IMEI: 0867440060527926, Serial: 183
2026/05/25 14:14:42 Sent response: 6BBF084C5C109AF2787F
2026/05/25 14:14:44 Received: 874EBED6F1FFFD1AAD9C3DD679A88853
2026/05/25 14:14:44 serial 184
2026/05/25 14:14:44 Processing protocol: 0x13 
2026/05/25 14:14:44 ✅ Heartbeat - Battery: 5, GSM: 3, TermInfo: B652C981, Serial: 184
2026/05/25 14:14:44 Sent response: A32C6960EFFEE325E23F
2026/05/25 14:14:46 Received: 9804337C5845B35BCE8EFF403E795015
2026/05/25 14:14:46 serial 185
2026/05/25 14:14:46 Processing protocol: 0x13 
2026/05/25 14:14:46 ✅ Heartbeat - Battery: 6, GSM: 5, TermInfo: DD16809F, Serial: 185
2026/05/25 14:14:46 Sent response: DDF836A382EEE254854E
2026/05/25 14:14:48 Client connected: 66.162.142.61:16186
2026/05/25 14:14:48 Received: F41EFA915B21CE3DA3C29CDB6CD42903728688C8
2026/05/25 14:14:48 serial 186
2026/05/25 14:14:48 Processing protocol: 0x01 
2026/05/25 14:14:48 ✅ Login packet - IMEI: 0867440060527926, Serial: 186
2026/05/25 14:14:48 Sent response: 08320DDEEBDE5CAFDBAE
2026/05/25 14:14:50 Received: F261AD7D676A4AFCF9C27316D09DB44AC53A331F514FFFFFA6822D5296C647C3B708EB61115F9EBD
2026/05/25 14:14:50 serial 187
2026/05/25 14:14:50 Processing protocol: 0x22 
2026/05/25 14:14:50 ✅ Location - Lat: 22.673795, Lon: 88.393404, Speed: 34, Course: 5658, Serial: 187
2026/05/25 14:14:52 Received: 7A73D2137BA1EF68EFC0B8384B71091E110655CD1C0780B073F57742ED799B291F18B8
2026/05/25 14:14:52 serial 188
2026/05/25 14:14:52 Processing protocol: 0x26 
2026/05/25 14:14:52 ⚠️ Unknown protocol: 0x26
2026/05/25 14:14:54 Connection error: EOF
2026/05/25 14:14:56 Received: 06328E6BF2BB33AFD99F7CD5B3175E136B86B78AD2BDA4FF5B0E9CD72DEF6A36A8824653FDC85024
2026/05/25 14:14:56 serial 189
2026/05/25 14:14:56 Processing protocol: 0x22 
2026/05/25 14:14:56 ✅ Location - Lat: 22.620444, Lon: 88.430413, Speed: 31, Course: 2354, Serial: 189
2026/05/25 14:14:58 Client connected: 81.188.163.153:39907
2026/05/25 14:14:58 Received: 418BBD4A02A4221BFE425AC7D122CAE23F61C56C
2026/05/25 14:14:58 serial 190
2026/05/25 14:14:58 Processing protocol: 0x01 
2026/05/25 14:14:58 ✅ Login packet - IMEI: 0867440060527926, Serial: 190
2026/05/25 14:14:58 Sent response: 2EE3AB4645285E89260E
2026/05/25 14:15:00 Received: 43BF37D4DA3350524807E13DE4183940E32BE4CCD2A811FDE335C2CDBB19CE1BCAA152
2026/05/25 14:15:00 serial 191
2026/05/25 14:15:00 Processing protocol: 0x26 
2026/05/25 14:15:00 ⚠️ Unknown protocol: 0x26
2026/05/25 14:15:02 Client connected: 172.204.113.197:36859
2026/05/25 14:15:02 Received: 5C39BF331E555013D9DDDC7A0F18C2D1BB247847
2026/05/25 14:15:02 serial 192
2026/05/25 14:15:02 Processing protocol: 0x01 
2026/05/25 14:15:02 ✅ Login packet - IMEI: 0867440060527926, Serial: 192
2026/05/25 14:15:02 Sent response: 0129E32D0ACC14858F04
2026/05/25 14:15:04 Client connected: 56.96.100.232:44135
2026/05/25 14:15:04 Received: 16177ADB190AF7B6ED46E4B55C8EEA7B4245F6E3
2026/05/25 14:15:04 serial 193
2026/05/25 14:15:04 Processing protocol: 0x01 
2026/05/25 14:15:04 ✅ Login packet - IMEI: 0867440060527926, Serial: 193
2026/05/25 14:15:04 Sent response: 1EABD75D809DE199ED45
2026/05/25 14:15:08 Server listening on :5023
2026/05/25 14:15:08 Connection error: EOF
2026/05/25 14:15:10 Received: 60168724563130D7FBEDF0AB92F897D40D34926C3D74453F6746489C5E11CA7900C18AB392736283
2026/05/25 14:15:10 serial 120
2026/05/25 14:15:10 Processing protocol: 0x22 
2026/05/25 14:15:10 ✅ Location - Lat: 22.578733, Lon: 88.364440, Speed: 30, Course: 5713, Serial: 120
2026/05/25 14:15:12 Server listening on :5023
2026/05/25 14:15:14 Received: 546E43B3030C10EA8BE413FDA5CE5D24
2026/05/25 14:15:14 serial 121
2026/05/25 14:15:14 Processing protocol: 0x13 
2026/05/25 14:15:14 ✅ Heartbeat - Battery: 3, GSM: 5, TermInfo: 881604D8, Serial: 121
2026/05/25 14:15:14 Sent response: E75428204EA77ECE57C5
2026/05/25 14:15:16 Received: 09E11FA666C5335133EFA4A8
2026/05/25 14:15:16 serial 122
2026/05/25 14:15:16 Processing protocol: 0x94 
2026/05/25 14:15:16 ℹ️ Information transmission packet
2026/05/25 14:15:18 Received: 83F7616B73CD6280BBE37E6CB715DFE5EA8ADCBF7F36B8E640536FD95E740C8EC96F8C
2026/05/25 14:15:18 serial 123
2026/05/25 14:15:18 Processing protocol: 0x26 
2026/05/25 14:15:18 ⚠️ Unknown protocol: 0x26
2026/05/25 14:15:20 Received: 683B9913BD902B66BDCD4F48
2026/05/25 14:15:20 serial 124
2026/05/25 14:15:20 Processing protocol: 0x94 
2026/05/25 14:15:20 ℹ️ Information transmission packet
2026/05/25 14:15:22 Received: E96C9D2621D57D2FA7B6EC34DCE7C2211B4F948CE48980AD25BC1437AA69E428B90478D8C3BEB641
2026/05/25 14:15:22 serial 125
2026/05/25 14:15:22 Processing protocol: 0x22 
2026/05/25 14:15:22 ✅ Location - Lat: 22.586564, Lon: 88.391127, Speed: 77, Course: 3004, Serial: 125
2026/05/25 14:15:24 Received: 2A52D36BDBF8A81EB585A6BC69B526EE36B865CBA018D80D01BC7FA4AA8FBAE8504EC6
2026/05/25 14:15:24 serial 126
2026/05/25 14:15:24 Processing protocol: 0x26 
2026/05/25 14:15:24 ⚠️ Unknown protocol: 0x26
2026/05/25 14:15:26 Client connected: 118.56.212.166:57679
2026/05/25 14:15:26 Received: F66C828E763C29013F1548E2FB16EEE943DDBA7B
2026/05/25 14:15:26 serial 127
2026/05/25 14:15:26 Processing protocol: 0x01 
2026/05/25 14:15:26 ✅ Login packet - IMEI: 7123375967515358, Serial: 127
2026/05/25 14:15:26 Sent response: B7AA6F16A4431E9DC115
2026/05/25 14:15:28 Client connected: 106.76.180.46:22895
2026/05/25 14:15:28 Received: F0DBDD4CF335B636C40F8E58071260E81299BF8A
2026/05/25 14:15:28 serial 128
2026/05/25 14:15:28 Processing protocol: 0x01 
2026/05/25 14:15:28 ✅ Login packet - IMEI: 1316950347921365, Serial: 128
2026/05/25 14:15:28 Sent response: 8CCA0DF060F4DF8B8DA4
2026/05/25 14:15:28 Connection error: EOF
2026/05/25 14:15:30 Received: ECC618E9FCF09C4AE04BCA498F1ABB837E6D0504906CF2D75C37291B11FCC445CBBF95
2026/05/25 14:15:30 serial 129
2026/05/25 14:15:30 Processing protocol: 0x26 
2026/05/25 14:15:30 ⚠️ Unknown protocol: 0x26
2026/05/25 14:15:32 Server listening on :5023
2026/05/25 14:15:34 Received: 6A9DBEBB5CB86EB36340D419
2026/05/25 14:15:34 serial 130
2026/05/25 14:15:34 Processing protocol: 0x94 
2026/05/25 14:15:34 ℹ️ Information transmission packet
2026/05/25 14:15:36 Received: FBB678506D54B20D3CF150A6509807C4
2026/05/25 14:15:36 serial 131
2026/05/25 14:15:36 Processing protocol: 0x13 
2026/05/25 14:15:36 ✅ Heartbeat - Battery: 2, GSM: 4, TermInfo: B8C0EE1F, Serial: 131
2026/05/25 14:15:36 Sent response: 841B1A120EAE1198AD20
2026/05/25 14:15:38 Received: 865EF151B5DD08FFD3F2936AF5CB8E58
2026/05/25 14:15:38 serial 132
2026/05/25 14:15:38 Processing protocol: 0x13 
2026/05/25 14:15:38 ✅ Heartbeat - Battery: 5, GSM: 4, TermInfo: D626B32F, Serial: 132
2026/05/25 14:15:38 Sent response: D71E9558907862F9E781
2026/05/25 14:15:40 Received: E8316FB4AAA0560F849CEB11
2026/05/25 14:15:40 serial 133
2026/05/25 14:15:40 Processing protocol: 0x94 
2026/05/25 14:15:40 ℹ️ Information transmission packet
2026/05/25 14:15:42 Received: 4D255374E1674E52DBB29BA4837E141D14AC68A18FB49DA2D121493FF2D40F8EB2EA83A487C9A450
2026/05/25 14:15:42 serial 134
2026/05/25 14:15:42 Processing protocol: 0x22 
2026/05/25 14:15:42 ✅ Location - Lat: 22.626272, Lon: 88.588643, Speed: 62, Course: 2078, Serial: 134
2026/05/25 14:15:44 Server listening on :5023
2026/05/25 14:15:46 Received: 6C4F84700FA28140EBDA04DE
2026/05/25 14:15:46 serial 135
2026/05/25 14:15:46 Processing protocol: 0x94 
2026/05/25 14:15:46 ℹ️ Information transmission packet
2026/05/25 14:15:49 Client connected: 104.111.63.187:57487
2026/05/25 14:15:49 Received: 481D1FA5C50DD04A98B2FBEBE297F825F300BF9D
2026/05/25 14:15:49 serial 120
2026/05/25 14:15:49 Processing protocol: 0x01 
2026/05/25 14:15:49 ✅ Login packet - IMEI: 9419169904198088, Serial: 120
2026/05/25 14:15:49 Sent response: 1B3A4BCA29FFD2E37FD6
2026/05/25 14:15:51 Server listening on :5023
2026/05/25 14:15:53 Received: 2D7BDDA7E91F2284E70E5E9289EBFC7E
2026/05/25 14:15:53 serial 121
2026/05/25 14:15:53 Processing protocol: 0x13 
2026/05/25 14:15:53 ✅ Heartbeat - Battery: 2, GSM: 5, TermInfo: 87F68FBB, Serial: 121
2026/05/25 14:15:53 Sent response: 7D3B3F6CAECC6C5A8FD4
2026/05/25 14:15:53 Connection error: EOF
2026/05/25 14:15:55 Server listening on :5023
2026/05/25 14:15:57 Received: EB3946137402201AB58FD95DC4A34530
2026/05/25 14:15:57 serial 122
2026/05/25 14:15:57 Processing protocol: 0x13 
2026/05/25 14:15:57 ✅ Heartbeat - Battery: 3, GSM: 2, TermInfo: A290C6D3, Serial: 122
2026/05/25 14:15:57 Sent response: 483E86BF3ACD10E99E1F
2026/05/25 14:15:57 Connection error: EOF
2026/05/25 14:15:59 Received: 0CE28D853B7DF4334084603B15B8D2F42D7622DDC9C172F39031155F1D69C6618E61C4BA3310DE3F
2026/05/25 14:15:59 serial 123
2026/05/25 14:15:59 Processing protocol: 0x22 
2026/05/25 14:15:59 ✅ Location - Lat: 22.660325, Lon: 88.518736, Speed: 91, Course: 1031, Serial: 123
2026/05/25 14:16:01 Client connected: 45.171.173.242:14217
2026/05/25 14:16:01 Received: 448878B38D4BD35661C38A0BEBA15A4428DBCF20
2026/05/25 14:16:01 serial 124
2026/05/25 14:16:01 Processing protocol: 0x01 
2026/05/25 14:16:01 ✅ Login packet - IMEI: 1404930038161080, Serial: 124
2026/05/25 14:16:01 Sent response: 9F88F1EBFF3DEC4AE373
2026/05/25 14:16:03 Received: E537034DC373016DCAD3FF0F2ADBB7845A50CFC6F66437F5CB02BF7B3A99BAFCF8CA27
2026/05/25 14:16:03 serial 125
2026/05/25 14:16:03 Processing protocol: 0x26 
2026/05/25 14:16:03 ⚠️ Unknown protocol: 0x26
2026/05/25 14:16:05 Server listening on :5023
2026/05/25 14:16:07 Received: 69A5EDE0CE79A8AB172E0A85E27CDC0386BEFC1929E94AE06B48512E6D2E7563CF5FB1FF6B3699ED
2026/05/25 14:16:07 serial 126
2026/05/25 14:16:07 Processing protocol: 0x22 
2026/05/25 14:16:07 ✅ Location - Lat: 22.625359, Lon: 88.309642, Speed: 64, Course: 1030, Serial: 126
2026/05/25 14:16:09 Received: C17928FFC2DBB600EFB565E612A291FDA6E36560769AFE0FE8FA7759E389B45702D28BD1926516DB
2026/05/25 14:16:09 serial 127
2026/05/25 14:16:09 Processing protocol: 0x22 
2026/05/25 14:16:09 ✅ Location - Lat: 22.582940, Lon: 88.374722, Speed: 60, Course: 3657, Serial: 127
2026/05/25 14:16:11 Server listening on :5023
2026/05/25 14:16:13 Received: A0D0E1A6C3D4478412627B8D55784C9E
2026/05/25 14:16:13 serial 128
2026/05/25 14:16:13 Processing protocol: 0x13 
2026/05/25 14:16:13 ✅ Heartbeat - Battery: 6, GSM: 2, TermInfo: FC597EB1, Serial: 128
2026/05/25 14:16:13 Sent response: 9149E02D0D96007C638C
2026/05/25 14:16:13 Connection error: EOF
2026/05/25 14:16:15 Server listening on :5023
2026/05/25 14:16:17 Client connected: 46.187.224.159:26892
2026/05/25 14:16:17 Received: E6382F83AC63360AA4193F9873DE623C1C2227D9
2026/05/25 14:16:17 serial 129
2026/05/25 14:16:17 Processing protocol: 0x01 
2026/05/25 14:16:17 ✅ Login packet - IMEI: 6636142237927306, Serial: 129
2026/05/25 14:16:17 Sent response: 1E2BFFFBACCFFEFD1DB6
2026/05/25 14:16:19 Received: F510E1BC064D8D397CCC7D1CF8060930
2026/05/25 14:16:19 serial 130
2026/05/25 14:16:19 Processing protocol: 0x13 
2026/05/25 14:16:19 ✅ Heartbeat - Battery: 6, GSM: 3, TermInfo: 32C6C182, Serial: 130
2026/05/25 14:16:19 Sent response: E01BC7719FAD5F19AA00
2026/05/25 14:16:19 Connection error: EOF
2026/05/25 14:16:21 Received: AAB1C1BBCFC698814DDC7F4A9EC9DFEA4F4C593A5677EB1600CBCAA973254CC73520F3
2026/05/25 14:16:21 serial 131
2026/05/25 14:16:21 Processing protocol: 0x26 
2026/05/25 14:16:21 ⚠️ Unknown protocol: 0x26
2026/05/25 14:16:21 Connection error: EOF
2026/05/25 14:16:23 Client connected: 7.186.97.133:59914
2026/05/25 14:16:23 Received: 5B91FBDCCB237F36C78644E135959AF9C9FF6531
2026/05/25 14:16:23 serial 132
2026/05/25 14:16:23 Processing protocol: 0x01 
2026/05/25 14:16:23 ✅ Login packet - IMEI: 6950104683961925, Serial: 132
2026/05/25 14:16:23 Sent response: D773F67CCC1B9D7CDC10
2026/05/25 14:16:25 Received: 0926AF3D8224B9D0AB8179A35EEB0BC3EAE30F5044B4131FFA4F50F3E743CEF6CCA5E230C7E249FB
2026/05/25 14:16:25 serial 133
2026/05/25 14:16:25 Processing protocol: 0x22 
2026/05/25 14:16:25 ✅ Location - Lat: 22.667762, Lon: 88.513786, Speed: 5, Course: 1624, Serial: 133
2026/05/25 14:16:25 Connection error: EOF
2026/05/25 14:16:27 Client connected: 234.184.6.249:31377
2026/05/25 14:16:27 Received: F61975E55E179A2D4F886CB749DA964BDD8C192C
2026/05/25 14:16:27 serial 134
2026/05/25 14:16:27 Processing protocol: 0x01 
2026/05/25 14:16:27 ✅ Login packet - IMEI: 8565501031345492, Serial: 134
2026/05/25 14:16:27 Sent response: 320AB463D4CBD14E7701
2026/05/25 14:16:29 Client connected: 25.220.236.34:26065
2026/05/25 14:16:29 Received: 7F20620426C7778DEC73A665626129E8E66A9890
2026/05/25 14:16:29 serial 135
2026/05/25 14:16:29 Processing protocol: 0x01 
2026/05/25 14:16:29 ✅ Login packet - IMEI: 0203942895351377, Serial: 135
2026/05/25 14:16:29 Sent response: 5D1D03D00517B2F33B34
2026/05/25 14:16:29 Connection error: EOF
2026/05/25 14:16:31 Received: 88AB294F837DA948ABBFD1015AFCA1483A6A62BEF95B40767558120B68160F98FC649D
2026/05/25 14:16:31 serial 136
2026/05/25 14:16:31 Processing protocol: 0x26 
2026/05/25 14:16:31 ⚠️ Unknown protocol: 0x26
2026/05/25 14:16:33 Client connected: 241.3.120.129:18285
2026/05/25 14:16:33 Received: DB2C8310AD22BDEDA3C3AE57E000046BC799EB8A
2026/05/25 14:16:33 serial 137
2026/05/25 14:16:33 Processing protocol: 0x01 
2026/05/25 14:16:33 ✅ Login packet - IMEI: 2158100555150219, Serial: 137
2026/05/25 14:16:33 Sent response: FE7B1EF4CEB30A2ACFDA
2026/05/25 14:16:35 Client connected: 253.135.55.204:36025
2026/05/25 14:16:35 Received: E6AAE1349008DFE668806F241218472398BEBF15
2026/05/25 14:16:35 serial 138
2026/05/25 14:16:35 Processing protocol: 0x01 
2026/05/25 14:16:35 ✅ Login packet - IMEI: 4030903651110077, Serial: 138
2026/05/25 14:16:35 Sent response: 2369AC4D610843403E97
2026/05/25 14:16:37 Server listening on :5023
2026/05/25 14:16:39 Received: BA57686161873621EAC18574
2026/05/25 14:16:39 serial 139
2026/05/25 14:16:39 Processing protocol: 0x94 
2026/05/25 14:16:39 ℹ️ Information transmission packet
2026/05/25 14:16:41 Server listening on :5023
2026/05/25 14:16:43 Received: 26A8601FA5BCE6E6C323FBBCBD56C0F2
2026/05/25 14:16:43 serial 140
2026/05/25 14:16:43 Processing protocol: 0x13 
2026/05/25 14:16:43 ✅ Heartbeat - Battery: 6, GSM: 5, TermInfo: 8AB940EA, Serial: 140
2026/05/25 14:16:43 Sent response: 42F5CF74EFB914798B95
2026/05/25 14:16:45 Received: BA6D696529708B3BACA61708
2026/05/25 14:16:45 serial 141
2026/05/25 14:16:45 Processing protocol: 0x94 
2026/05/25 14:16:45 ℹ️ Information transmission packet
2026/05/25 14:16:47 Server listening on :5023
2026/05/25 14:16:47 Connection error: EOF
2026/05/25 14:16:49 Received: B00D7651229F9904FAD703EA
2026/05/25 14:16:49 serial 142
2026/05/25 14:16:49 Processing protocol: 0x94 
2026/05/25 14:16:49 ℹ️ Information transmission packet
2026/05/25 14:16:51 Server listening on :5023
2026/05/25 14:16:53 Received: DA94C917DE3147F92E4E4A6D
2026/05/25 14:16:53 serial 143
2026/05/25 14:16:53 Processing protocol: 0x94 
2026/05/25 14:16:53 ℹ️ Information transmission packet
2026/05/25 14:16:55 Received: D24D193364D4DEB32FD4C1F1C57274162A77B67595D1E16F18544B155F10182B9D5DA9CEA4091E11
2026/05/25 14:16:55 serial 144
2026/05/25 14:16:55 Processing protocol: 0x22 
2026/05/25 14:16:55 ✅ Location - Lat: 22.598492, Lon: 88.302769, Speed: 23, Course: 1553, Serial: 144
2026/05/25 14:16:57 Received: 430E2165715038A318FE6046A663B1FA1954C60B10310095DD29161FD261C49FC68F66
2026/05/25 14:16:57 serial 145
2026/05/25 14:16:57 Processing protocol: 0x26 
2026/05/25 14:16:57 ⚠️ Unknown protocol: 0x26
2026/05/25 14:16:59 Client connected: 141.82.208.161:28055
2026/05/25 14:16:59 Received: 97B324722F92640DAD6FB8A8302DE5678DA540F4
2026/05/25 14:16:59 serial 146
2026/05/25 14:16:59 Processing protocol: 0x01 
2026/05/25 14:16:59 ✅ Login packet - IMEI: 5329594907897299, Serial: 146
2026/05/25 14:16:59 Sent response: 7A085A6299A38C319107
2026/05/25 14:17:01 Client connected: 253.134.94.98:57538
2026/05/25 14:17:01 Received: C9773F48653F2770BF6E7A29E6EC6F3592DBEA9D
2026/05/25 14:17:01 serial 147
2026/05/25 14:17:01 Processing protocol: 0x01 
2026/05/25 14:17:01 ✅ Login packet - IMEI: 2141696159368691, Serial: 147
2026/05/25 14:17:01 Sent response: 060B63A3193BE17F7E7A
2026/05/25 14:17:03 Server listening on :5023
2026/05/25 14:17:05 Server listening on :5023
2026/05/25 14:17:05 Connection error: EOF
2026/05/25 14:17:07 Received: EACD793B17B9EF39B4B6B016
2026/05/25 14:17:07 serial 148
2026/05/25 14:17:07 Processing protocol: 0x94 
2026/05/25 14:17:07 ℹ️ Information transmission packet
2026/05/25 14:17:09 Received: A0D2DD0196B797C94D80F8C9E4B94CB2A13F170376252AB45D9DE94460081E9879A19D
2026/05/25 14:17:09 serial 149
2026/05/25 14:17:09 Processing protocol: 0x26 
2026/05/25 14:17:09 ⚠️ Unknown protocol: 0x26
2026/05/25 14:17:09 Connection error: EOF
2026/05/25 14:17:11 Received: 2038CF4628CB5C1421ED3007E0AE11DE7A3396DA1DC186F4CCD820E8C20BD276D7C38E63E2E2E5AF
2026/05/25 14:17:11 serial 150
2026/05/25 14:17:11 Processing protocol: 0x22 
2026/05/25 14:17:11 ✅ Location - Lat: 22.697279, Lon: 88.499613, Speed: 89, Course: 5190, Serial: 150
2026/05/25 14:17:13 Received: 710BA97F8803928203D23E36
2026/05/25 14:17:13 serial 151
2026/05/25 14:17:13 Processing protocol: 0x94 
2026/05/25 14:17:13 ℹ️ Information transmission packet
2026/05/25 14:17:15 Received: 56B90623BF103F9A30BDC585BD90638BC8C84C87CD289B5B1F85DF1D55439ED4C3C35174B339087C
2026/05/25 14:17:15 serial 152
2026/05/25 14:17:15 Processing protocol: 0x22 
2026/05/25 14:17:15 ✅ Location - Lat: 22.627686, Lon: 88.547274, Speed: 30, Course: 5772, Serial: 152
2026/05/25 14:17:17 Client connected: 250.76.84.158:29202
2026/05/25 14:17:17 Received: D992B43081147CF03450BC388A832BE491F9D2D3
2026/05/25 14:17:17 serial 153
2026/05/25 14:17:17 Processing protocol: 0x01 
2026/05/25 14:17:17 ✅ Login packet - IMEI: 6929298360498292, Serial: 153
2026/05/25 14:17:17 Sent response: C392177C95D14C250CAE
2026/05/25 14:17:19 Received: 39AEC058E9A54ED32081359561D108C6D5A52DFAF5087CA8BA87773DC7109F384521F5A2F98B995F
2026/05/25 14:17:19 serial 154
2026/05/25 14:17:19 Processing protocol: 0x22 
2026/05/25 14:17:19 ✅ Location - Lat: 22.634382, Lon: 88.532445, Speed: 78, Course: 4625, Serial: 154
2026/05/25 14:17:21 Received: D5A1503049B3505E77D6E5B273BFA144
2026/05/25 14:17:21 serial 155
2026/05/25 14:17:21 Processing protocol: 0x13 
2026/05/25 14:17:21 ✅ Heartbeat - Battery: 5, GSM: 2, TermInfo: 6CC06960, Serial: 155
2026/05/25 14:17:21 Sent response: E80C4AA359AE35A145E7
2026/05/25 14:17:23 Received: 6B0468C51D00D312547C20FBF9547390EFBE6763E3F8AF7DEAABD9704D526BCA2AEA613DE2098257
2026/05/25 14:17:23 serial 156
2026/05/25 14:17:23 Processing protocol: 0x22 
2026/05/25 14:17:23 ✅ Location - Lat: 22.687483, Lon: 88.461495, Speed: 93, Course: 3184, Serial: 156
2026/05/25 14:17:23 Connection error: EOF
2026/05/25 14:17:25 Received: EE786F77AF9EA957D891E34BF92F6061
2026/05/25 14:17:25 serial 157
2026/05/25 14:17:25 Processing protocol: 0x13 
2026/05/25 14:17:25 ✅ Heartbeat - Battery: 2, GSM: 1, TermInfo: FE5DFEC1, Serial: 157
2026/05/25 14:17:25 Sent response: 1F27431C75272F51968E
2026/05/25 14:17:27 Received: C2C00FE0E3312AFF650DF53E48025C886D887488DA901720CF842F0F96CCACDB93CA2F475D5E852E
2026/05/25 14:17:27 serial 158
2026/05/25 14:17:27 Processing protocol: 0x22 
2026/05/25 14:17:27 ✅ Location - Lat: 22.646600, Lon: 88.336925, Speed: 7, Course: 4938, Serial: 158
2026/05/25 14:17:29 Received: B173A7C93D3DAAF298255E63
2026/05/25 14:17:29 serial 159
2026/05/25 14:17:29 Processing protocol: 0x94 
2026/05/25 14:17:29 ℹ️ Information transmission packet
2026/05/25 14:17:31 Received: 6770E2A707D8F5E6B97E3F4219E0CD23579F84AFB327762E51BEEC441FFCC9C225005D26839A1678
2026/05/25 14:17:31 serial 160
2026/05/25 14:17:31 Processing protocol: 0x22 
2026/05/25 14:17:31 ✅ Location - Lat: 22.600560, Lon: 88.344828, Speed: 8, Course: 2967, Serial: 160
2026/05/25 14:17:33 Client connected: 127.75.193.213:33319
2026/05/25 14:17:33 Received: 15CB32F639BF48917E286FCCCE000B11CC4CD82F
2026/05/25 14:17:33 serial 161
2026/05/25 14:17:33 Processing protocol: 0x01 
2026/05/25 14:17:33 ✅ Login packet - IMEI: 1169667088389012, Serial: 161
2026/05/25 14:17:33 Sent response: F2F1F498D4CE1D147151
2026/05/25 14:17:33 Connection error: EOF
2026/05/25 14:17:35 Server listening on :5023
2026/05/25 14:17:37 Client connected: 15.124.80.85:52080
2026/05/25 14:17:37 Received: 60CB5D35A9EA2137783D92E402E26C27EE96DEB9
2026/05/25 14:17:37 serial 162
2026/05/25 14:17:37 Processing protocol: 0x01 
2026/05/25 14:17:37 ✅ Login packet - IMEI: 3995777608175067, Serial: 162
2026/05/25 14:17:37 Sent response: A6F876718349F7BA5B65
2026/05/25 14:17:39 Client connected: 27.42.162.1:46199
2026/05/25 14:17:39 Received: 9F413E9C1E8E30718EA27C9EED94FC279CA07124
2026/05/25 14:17:39 serial 163
2026/05/25 14:17:39 Processing protocol: 0x01 
2026/05/25 14:17:39 ✅ Login packet - IMEI: 9512859020099108, Serial: 163
2026/05/25 14:17:39 Sent response: 3B58213834590B7B2697
2026/05/25 14:17:41 Received: 54C2E147999806540A64E5C37F4A28D358AC949DCF8DFA7B32435FF04139EEB2226E58
2026/05/25 14:17:41 serial 164
2026/05/25 14:17:41 Processing protocol: 0x26 
2026/05/25 14:17:41 ⚠️ Unknown protocol: 0x26
2026/05/25 14:17:43 Received: DBAF7ADAB30E56B5EF72B19270E1CFC6921B9AF7D57BD2BC9E65F6EDB5819DABC3A688
2026/05/25 14:17:43 serial 165
2026/05/25 14:17:43 Processing protocol: 0x26 
2026/05/25 14:17:43 ⚠️ Unknown protocol: 0x26
2026/05/25 14:17:45 Received: B188119CDF4E0AA99333933A435D80B0
2026/05/25 14:17:45 serial 166
2026/05/25 14:17:45 Processing protocol: 0x13 
2026/05/25 14:17:45 ✅ Heartbeat - Battery: 1, GSM: 3, TermInfo: C310DD68, Serial: 166
2026/05/25 14:17:45 Sent response: 2A861A6E7B1DDF766564
2026/05/25 14:17:45 Connection error: EOF
2026/05/25 14:17:47 Received: 3060DCA732ADE1A3659867A8462AA148
2026/05/25 14:17:47 serial 167
2026/05/25 14:17:47 Processing protocol: 0x13 
2026/05/25 14:17:47 ✅ Heartbeat - Battery: 6, GSM: 3, TermInfo: 5A67CCE9, Serial: 167
2026/05/25 14:17:47 Sent response: FCCED139C3AE85FD99FD
2026/05/25 14:17:49 Server listening on :5023
2026/05/25 14:17:49 Connection error: EOF
2026/05/25 14:17:51 Received: ED13808F71F4E0CE14740C97
2026/05/25 14:17:51 serial 168
2026/05/25 14:17:51 Processing protocol: 0x94 
2026/05/25 14:17:51 ℹ️ Information transmission packet
2026/05/25 14:17:53 Client connected: 212.125.222.107:50599
2026/05/25 14:17:53 Received: 82817D4F75581B491EDDF4789409511E50938722
2026/05/25 14:17:53 serial 169
2026/05/25 14:17:53 Processing protocol: 0x01 
2026/05/25 14:17:53 ✅ Login packet - IMEI: 8757702130350175, Serial: 169
2026/05/25 14:17:53 Sent response: 90BF8F3040F1FCD7AB85
2026/05/25 14:17:55 Received: 3A14095C45D2E5F51B70C644B1A18CD6E6133D0AC5373299692E161EB4C1025D4BD4C0F8D262CB66
2026/05/25 14:17:55 serial 170
2026/05/25 14:17:55 Processing protocol: 0x22 
2026/05/25 14:17:55 ✅ Location - Lat: 22.655128, Lon: 88.499176, Speed: 108, Course: 5349, Serial: 170
2026/05/25 14:17:57 Client connected: 18.167.94.101:57537
2026/05/25 14:17:57 Received: E1333978FF4FFC6DF46572997F4848F834091F4F
2026/05/25 14:17:57 serial 171
2026/05/25 14:17:57 Processing protocol: 0x01 
2026/05/25 14:17:57 ✅ Login packet - IMEI: 9763346712832290, Serial: 171
2026/05/25 14:17:57 Sent response: 42F257129CD2A5EDAD72
2026/05/25 14:17:59 Received: 9D83CD449CA9D6DD7B4AB3D2
2026/05/25 14:17:59 serial 172
2026/05/25 14:17:59 Processing protocol: 0x94 
2026/05/25 14:17:59 ℹ️ Information transmission packet
2026/05/25 14:17:59 Connection error: EOF
2026/05/25 14:18:01 Received: 6595FC564B7FADAC02DBC3B1B3EC41A52FE35BE6B49FA808E5FE0983BF5CA2102F796F
2026/05/25 14:18:01 serial 173
2026/05/25 14:18:01 Processing protocol: 0x26 
2026/05/25 14:18:01 ⚠️ Unknown protocol: 0x26
2026/05/25 14:18:01 Connection error: EOF
2026/05/25 14:18:03 Received: CA7195A9012175ACEB15F752370B3FB39FFE2D3C7B49C569D0B1579BFC11E57FD5AA21
2026/05/25 14:18:03 serial 174
2026/05/25 14:18:03 Processing protocol: 0x26 
2026/05/25 14:18:03 ⚠️ Unknown protocol: 0x26
2026/05/25 14:18:03 Connection error: EOF
2026/05/25 14:18:05 Server listening on :5023
2026/05/25 14:18:07 Client connected: 145.57.60.38:35275
2026/05/25 14:18:07 Received: F26014A152F0B516B6BB2A54218C82E63D341BDC
2026/05/25 14:18:07 serial 175
2026/05/25 14:18:07 Processing protocol: 0x01 
2026/05/25 14:18:07 ✅ Login packet - IMEI: 6398238542787956, Serial: 175
2026/05/25 14:18:07 Sent response: 001805CCB71D50B60FCA
2026/05/25 14:18:09 Server listening on :5023
2026/05/25 14:18:11 Received: C2FF9F13B70CF27459A900B21183A982
2026/05/25 14:18:11 serial 176
2026/05/25 14:18:11 Processing protocol: 0x13 
2026/05/25 14:18:11 ✅ Heartbeat - Battery: 6, GSM: 1, TermInfo: 306032F2, Serial: 176
2026/05/25 14:18:11 Sent response: 355F81F35A841BEAF35C
2026/05/25 14:18:11 Connection error: EOF
2026/05/25 14:18:13 Received: 0D1A406F3C6F19BCAACC2760BA465245EF05AB3F8D10F18A860DCDEC49F78B163B762E0D26940F5E
2026/05/25 14:18:13 serial 177
2026/05/25 14:18:13 Processing protocol: 0x22 
2026/05/25 14:18:13 ✅ Location - Lat: 22.636816, Lon: 88.594078, Speed: 35, Course: 1178, Serial: 177
2026/05/25 14:18:15 Client connected: 194.189.94.68:39240
2026/05/25 14:18:15 Received: 5D82F2B9038D217D1C07C77E7E434180E4BBD134
2026/05/25 14:18:15 serial 178
2026/05/25 14:18:15 Processing protocol: 0x01 
2026/05/25 14:18:15 ✅ Login packet - IMEI: 4503645751192229, Serial: 178
2026/05/25 14:18:15 Sent response: 3983A7C82E7F988D599C
2026/05/25 14:18:17 Received: 8ACC31567B32124E439E04660648B8A1AC459CAABFF982451393C25B546833809C339303E33CE1F4
2026/05/25 14:18:17 serial 179
2026/05/25 14:18:17 Processing protocol: 0x22 
2026/05/25 14:18:17 ✅ Location - Lat: 22.524826, Lon: 88.310450, Speed: 37, Course: 2990, Serial: 179
2026/05/25 14:18:19 Received: 5BAC14B7F182633D2128EAF53672FA506646DE140A5E303BDF7F64B3772449DBF8F68A
2026/05/25 14:18:19 serial 180
2026/05/25 14:18:19 Processing protocol: 0x26 
2026/05/25 14:18:19 ⚠️ Unknown protocol: 0x26
2026/05/25 14:18:21 Received: 6E78E481BC78A5D63DEF21E4E26C5B36
2026/05/25 14:18:21 serial 181
2026/05/25 14:18:21 Processing protocol: 0x13 
2026/05/25 14:18:21 ✅ Heartbeat - Battery: 3, GSM: 3, TermInfo: 4AB6CAB1, Serial: 181
2026/05/25 14:18:21 Sent response: 75A7C0BAE15C0CEC4515
2026/05/25 14:18:23 Received: BC36E0C64BB87276EB3EF1066E4DC902EA1A7C6047C0072C26209C7411B60F49DC7BF1
2026/05/25 14:18:23 serial 182
2026/05/25 14:18:23 Processing protocol: 0x26 
2026/05/25 14:18:23 ⚠️ Unknown protocol: 0x26
2026/05/25 14:18:25 Server listening on :5023
2026/05/25 14:18:27 Client connected: 153.149.77.23:45279
2026/05/25 14:18:27 Received: D5A998494016824E9FEDAFEE832E58B07E901F4E
2026/05/25 14:18:27 serial 183
2026/05/25 14:18:27 Processing protocol: 0x01 
2026/05/25 14:18:27 ✅ Login packet - IMEI: 0822176748810671, Serial: 183
2026/05/25 14:18:27 Sent response: E50B1C87BFB234D3B835
2026/05/25 14:18:29 Received: 2C7A082391D8BA274FC9ED420FAD49F9F7F75DFBABFE99C7A325A84664FE8D7C45236A
2026/05/25 14:18:29 serial 184
2026/05/25 14:18:29 Processing protocol: 0x26 
2026/05/25 14:18:29 ⚠️ Unknown protocol: 0x26
2026/05/25 14:18:31 Received: 0D4B8665D32EE9F19385E7A88C26FA48FCAA8308E0ACBF3E35A6F6781831D47F0E064C
2026/05/25 14:18:31 serial 185
2026/05/25 14:18:31 Processing protocol: 0x26 
2026/05/25 14:18:31 ⚠️ Unknown protocol: 0x26
2026/05/25 14:18:33 Server listening on :5023
2026/05/25 14:18:35 Received: 3A6ABC2D51C252BCC89DFDDA81532C70501BECCD83357B7BA44D28D5096EADD33803DC
2026/05/25 14:18:35 serial 186
2026/05/25 14:18:35 Processing protocol: 0x26 
2026/05/25 14:18:35 ⚠️ Unknown protocol: 0x26
2026/05/25 14:18:37 Received: 7015C7E8EAE2CD8878843B3F
2026/05/25 14:18:37 serial 187
2026/05/25 14:18:37 Processing protocol: 0x94 
2026/05/25 14:18:37 ℹ️ Information transmission packet
2026/05/25 14:18:39 Received: CE4505515A090EDF8792CFA8
2026/05/25 14:18:39 serial 188
2026/05/25 14:18:39 Processing protocol: 0x94 
2026/05/25 14:18:39 ℹ️ Information transmission packet
2026/05/25 14:18:41 Server listening on :5023
2026/05/25 14:18:43 Client connected: 248.141.80.20:19932
2026/05/25 14:18:43 Received: 4D5C28773A22B279D78DE233C84B373D7E5D0A46
2026/05/25 14:18:43 serial 189
2026/05/25 14:18:43 Processing protocol: 0x01 
2026/05/25 14:18:43 ✅ Login packet - IMEI: 1416156710291260, Serial: 189
2026/05/25 14:18:43 Sent response: 1EA1B374EC6EB7FEF600
2026/05/25 14:18:45 Received: BA2A891208097DD2BF421CCD
2026/05/25 14:18:45 serial 190
2026/05/25 14:18:45 Processing protocol: 0x94 
2026/05/25 14:18:45 ℹ️ Information transmission packet
2026/05/25 14:18:47 Received: 82E2C46B2C35790C198F63A2E40FEEDC477A41F5FCCCE0CCDDFB3D56AD365EE7113B9412179DEA18
2026/05/25 14:18:47 serial 191
2026/05/25 14:18:47 Processing protocol: 0x22 
2026/05/25 14:18:47 ✅ Location - Lat: 22.580585, Lon: 88.553194, Speed: 77, Course: 4449, Serial: 191
2026/05/25 14:18:47 Connection error: EOF
2026/05/25 14:18:49 Received: A30304AFF87399B8A35ABF3CC96FF0BF341062FC2E7571A518043D4768EF98CA986813
2026/05/25 14:18:49 serial 192
2026/05/25 14:18:49 Processing protocol: 0x26 
2026/05/25 14:18:49 ⚠️ Unknown protocol: 0x26
2026/05/25 14:18:51 Client connected: 180.19.69.49:49559
2026/05/25 14:18:51 Received: D57F2B36FC04E88376C795A52165EC1BC6FA9902
2026/05/25 14:18:51 serial 193
2026/05/25 14:18:51 Processing protocol: 0x01 
2026/05/25 14:18:51 ✅ Login packet - IMEI: 1143987870156993, Serial: 193
2026/05/25 14:18:51 Sent response: 794D1A21C27F2ECE7F36
2026/05/25 14:18:53 Received: 3EE8FA8E339FA83C98D3AA6BDD1B6BA1461B2C5E11648CDB2ACD9AE26104C0146D5E2502D3AA368B
2026/05/25 14:18:53 serial 194
2026/05/25 14:18:53 Processing protocol: 0x22 
2026/05/25 14:18:53 ✅ Location - Lat: 22.623142, Lon: 88.445082, Speed: 49, Course: 5280, Serial: 194
2026/05/25 14:18:55 Client connected: 132.52.160.169:48748
2026/05/25 14:18:55 Received: E43FB0454C0B5E79060D6D6AEE823AA44CE0570B
2026/05/25 14:18:55 serial 195
2026/05/25 14:18:55 Processing protocol: 0x01 
2026/05/25 14:18:55 ✅ Login packet - IMEI: 6602548519422489, Serial: 195
2026/05/25 14:18:55 Sent response: E1382C7915377A07C0C9
2026/05/25 14:18:57 Received: 30BDDD97695CD6B8087BDAA1627ABC020A033DA2A77943EA3DC68B49DC2005840BB877
2026/05/25 14:18:57 serial 196
2026/05/25 14:18:57 Processing protocol: 0x26 
2026/05/25 14:18:57 ⚠️ Unknown protocol: 0x26
2026/05/25 14:18:59 Server listening on :5023
2026/05/25 14:18:59 Connection error: EOF
2026/05/25 14:19:01 Server listening on :5023
2026/05/25 14:19:03 Client connected: 24.223.82.8:29283
2026/05/25 14:19:03 Received: 6591B6D98F84A89720781F072A82D9477F214726
2026/05/25 14:19:03 serial 197
2026/05/25 14:19:03 Processing protocol: 0x01 
2026/05/25 14:19:03 ✅ Login packet - IMEI: 5966224549879295, Serial: 197
2026/05/25 14:19:03 Sent response: CE7DB2045E69732220AF
2026/05/25 14:19:05 Received: 757BBB8F6750E8919D1572DC7B0F170A
2026/05/25 14:19:05 serial 198
2026/05/25 14:19:05 Processing protocol: 0x13 
2026/05/25 14:19:05 ✅ Heartbeat - Battery: 6, GSM: 1, TermInfo: 75AAC135, Serial: 198
2026/05/25 14:19:05 Sent response: A7881F2532B86076E685
2026/05/25 14:19:07 Received: 2521613CF788AD0A4312A15D
2026/05/25 14:19:07 serial 199
2026/05/25 14:19:07 Processing protocol: 0x94 
2026/05/25 14:19:07 ℹ️ Information transmission packet
2026/05/25 14:19:09 Server listening on :5023
2026/05/25 14:19:11 Received: 4CF6D009C74AD235BDF4E3273EAF897DC18E1FCCEDB418A735844E017051A66A4A0785
2026/05/25 14:19:11 serial 200
2026/05/25 14:19:11 Processing protocol: 0x26 
2026/05/25 14:19:11 ⚠️ Unknown protocol: 0x26
2026/05/25 14:19:13 Received: 10A923F0239656D7441F2CD5D5B981A1
2026/05/25 14:19:13 serial 201
2026/05/25 14:19:13 Processing protocol: 0x13 
2026/05/25 14:19:13 ✅ Heartbeat - Battery: 6, GSM: 2, TermInfo: 5FDC7B1D, Serial: 201
2026/05/25 14:19:13 Sent response: 2ED79620FD2BE1D664BD
2026/05/25 14:19:15 Received: 643B457F8F6664B79EEE14BD454C19FDBFEA83B7071F1A4F1375087F64C00E4279B8C9
2026/05/25 14:19:15 serial 202
2026/05/25 14:19:15 Processing protocol: 0x26 
2026/05/25 14:19:15 ⚠️ Unknown protocol: 0x26
2026/05/25 14:19:17 Client connected: 96.123.54.84:32234
2026/05/25 14:19:17 Received: 389F4A1A38C153CCA02ECEDF3EA21A8228BFD474
2026/05/25 14:19:17 serial 203
2026/05/25 14:19:17 Processing protocol: 0x01 
2026/05/25 14:19:17 ✅ Login packet - IMEI: 7202785348934806, Serial: 203
2026/05/25 14:19:17 Sent response: 2042632B465E678473B8
2026/05/25 14:19:19 Received: 79672744EB35FA9DBEC6B766FD49E2918EDE2D6331DF44D951FD1B0773D66255B8B7AA9220EE2565
2026/05/25 14:19:19 serial 204
2026/05/25 14:19:19 Processing protocol: 0x22 
2026/05/25 14:19:19 ✅ Location - Lat: 22.604597, Lon: 88.461918, Speed: 65, Course: 5381, Serial: 204
2026/05/25 14:19:21 Received: 337846744F4CB899393EC1418C0D00317C5E32866584DF13297B78BDD074FAB61DF297
2026/05/25 14:19:21 serial 205
2026/05/25 14:19:21 Processing protocol: 0x26 
2026/05/25 14:19:21 ⚠️ Unknown protocol: 0x26
2026/05/25 14:19:23 Received: 3DFB660AB9CFC2553EAA5A24
2026/05/25 14:19:23 serial 206
2026/05/25 14:19:23 Processing protocol: 0x94 
2026/05/25 14:19:23 ℹ️ Information transmission packet
2026/05/25 14:19:23 Connection error: EOF
2026/05/25 14:19:25 Client connected: 76.191.4.20:21454
2026/05/25 14:19:25 Received: 422A5B76414552893DC6940EC7A644BC136C337C
2026/05/25 14:19:25 serial 207
2026/05/25 14:19:25 Processing protocol: 0x01 
2026/05/25 14:19:25 ✅ Login packet - IMEI: 6243214211704305, Serial: 207
2026/05/25 14:19:25 Sent response: BF39A9E90F5AF8233E60
2026/05/25 14:19:27 Client connected: 21.72.68.112:38659
2026/05/25 14:19:27 Received: A8B10BE8910CB23D3DD32CEC419A0AB3F48C61CE
2026/05/25 14:19:27 serial 208
2026/05/25 14:19:27 Processing protocol: 0x01 
2026/05/25 14:19:27 ✅ Login packet - IMEI: 6364095655967550, Serial: 208
2026/05/25 14:19:27 Sent response: 8B3A75D4BAA89AC82740
2026/05/25 14:19:29 Received: 73FEF60BE8BA504D410E2B48
2026/05/25 14:19:29 serial 209
2026/05/25 14:19:29 Processing protocol: 0x94 
2026/05/25 14:19:29 ℹ️ Information transmission packet
2026/05/25 14:19:31 Client connected: 73.178.241.165:53217
2026/05/25 14:19:31 Received: 176038053C4A939133B7D60E4BC6BB315075D26C
2026/05/25 14:19:31 serial 210
2026/05/25 14:19:31 Processing protocol: 0x01 
2026/05/25 14:19:31 ✅ Login packet - IMEI: 4150108781411071, Serial: 210
2026/05/25 14:19:31 Sent response: 9B967770159541469A42
2026/05/25 14:19:33 Received: 3D5F2D563F55BC5B834EFB85EC022C613898A0B3057BCFF76B5C2803EA09292870774CE1176DB35C
2026/05/25 14:19:33 serial 211
2026/05/25 14:19:33 Processing protocol: 0x22 
2026/05/25 14:19:33 ✅ Location - Lat: 22.532374, Lon: 88.593814, Speed: 77, Course: 3571, Serial: 211
2026/05/25 14:19:35 Server listening on :5023
2026/05/25 14:19:37 Received: 7D7B8410FB57DBE531D22595A5BF300DFBDC4A3270C8D93DD4895211A3483DB88DB6CE2CA56133DA
2026/05/25 14:19:37 serial 212
2026/05/25 14:19:37 Processing protocol: 0x22 
2026/05/25 14:19:37 ✅ Location - Lat: 22.557992, Lon: 88.403247, Speed: 117, Course: 4167, Serial: 212
2026/05/25 14:19:39 Received: 745B40F4960AA7840C0FD3C1
2026/05/25 14:19:39 serial 213
2026/05/25 14:19:39 Processing protocol: 0x94 
2026/05/25 14:19:39 ℹ️ Information transmission packet
2026/05/25 14:19:41 Client connected: 237.9.86.25:33324
2026/05/25 14:19:41 Received: 21566CB46CAD483F11F4CF6C228067812C151A81
2026/05/25 14:19:41 serial 214
2026/05/25 14:19:41 Processing protocol: 0x01 
2026/05/25 14:19:41 ✅ Login packet - IMEI: 9005845110086135, Serial: 214
2026/05/25 14:19:41 Sent response: EB99DAB483EDB1A76318
2026/05/25 14:19:43 Received: 8C0E6AB485A975009B8FA62937BD60C9A5D309B95EBD82926FCA29AFC488992C15B15FCCEE7CEB4D
2026/05/25 14:19:43 serial 215
2026/05/25 14:19:43 Processing protocol: 0x22 
2026/05/25 14:19:43 ✅ Location - Lat: 22.517965, Lon: 88.480668, Speed: 101, Course: 5890, Serial: 215
2026/05/25 14:19:45 Received: 168D410750D3D2085705F430
2026/05/25 14:19:45 serial 216
2026/05/25 14:19:45 Processing protocol: 0x94 
2026/05/25 14:19:45 ℹ️ Information transmission packet
2026/05/25 14:19:47 Received: 60944CE7E5E69E6697FB3299
2026/05/25 14:19:47 serial 217
2026/05/25 14:19:47 Processing protocol: 0x94 
2026/05/25 14:19:47 ℹ️ Information transmission packet
2026/05/25 14:19:49 Received: 5A000C0D6C112657FB96F7A6
2026/05/25 14:19:49 serial 218
2026/05/25 14:19:49 Processing protocol: 0x94 
2026/05/25 14:19:49 ℹ️ Information transmission packet
2026/05/25 14:19:51 Server listening on :5023
2026/05/25 14:19:53 Received: 1607FB50E05D856C5A736856615A5FA3FEE9F6766788CB67617DB7743C6894A3D9663E50390AC872
2026/05/25 14:19:53 serial 219
2026/05/25 14:19:53 Processing protocol: 0x22 
2026/05/25 14:19:53 ✅ Location - Lat: 22.692009, Lon: 88.516703, Speed: 10, Course: 5513, Serial: 219
2026/05/25 14:19:53 Connection error: EOF
2026/05/25 14:19:55 Client connected: 111.199.147.228:25209
2026/05/25 14:19:55 Received: F36FF4F10E731C250211C9ADA8C927D1F3055625
2026/05/25 14:19:55 serial 220
2026/05/25 14:19:55 Processing protocol: 0x01 
2026/05/25 14:19:55 ✅ Login packet - IMEI: 7255772519571163, Serial: 220
2026/05/25 14:19:55 Sent response: E28DB4ECB28EBB6F416C
2026/05/25 14:19:57 Received: 57B05F23EB1D641AA56A454AC150F161A2F598F4790683A049BD4D860D4EFD6ACF90CC04A50DD9BD
2026/05/25 14:19:57 serial 221
2026/05/25 14:19:57 Processing protocol: 0x22 
2026/05/25 14:19:57 ✅ Location - Lat: 22.652528, Lon: 88.451879, Speed: 59, Course: 3192, Serial: 221
2026/05/25 14:19:59 Received: 0C9481876FD1A9C40E0669D7E245D17C
2026/05/25 14:19:59 serial 222
2026/05/25 14:19:59 Processing protocol: 0x13 
2026/05/25 14:19:59 ✅ Heartbeat - Battery: 1, GSM: 3, TermInfo: 24DD8DD2, Serial: 222
2026/05/25 14:19:59 Sent response: 6920D0905E2B743D5482
2026/05/25 14:20:01 Received: 1689C1B1E1D38CCFF9FB3242
2026/05/25 14:20:01 serial 223
2026/05/25 14:20:01 Processing protocol: 0x94 
2026/05/25 14:20:01 ℹ️ Information transmission packet
2026/05/25 14:20:03 Received: 0BACD59A6A10D93D1EC918BE26474B3EE8DC5952B674882794B2BD390E7A1FE6B8D67A02AF685482
2026/05/25 14:20:03 serial 224
2026/05/25 14:20:03 Processing protocol: 0x22 
2026/05/25 14:20:03 ✅ Location - Lat: 22.634958, Lon: 88.422961, Speed: 86, Course: 1927, Serial: 224
2026/05/25 14:20:05 Received: 9E99E4DA5B0D57248CD32D225A2631DF
2026/05/25 14:20:05 serial 225
2026/05/25 14:20:05 Processing protocol: 0x13 
2026/05/25 14:20:05 ✅ Heartbeat - Battery: 3, GSM: 1, TermInfo: 86313B25, Serial: 225
2026/05/25 14:20:05 Sent response: 61204CBD2B0AAAFA5268
2026/05/25 14:20:07 Server listening on :5023
2026/05/25 14:20:09 Received: BADED31165B60E1E9E6A73BB842E3C94
2026/05/25 14:20:09 serial 226
2026/05/25 14:20:09 Processing protocol: 0x13 
2026/05/25 14:20:09 ✅ Heartbeat - Battery: 6, GSM: 1, TermInfo: 38E693BE, Serial: 226
2026/05/25 14:20:09 Sent response: C6E97435D7F3F22F71F4
2026/05/25 14:20:09 Connection error: EOF
2026/05/25 14:20:11 Received: FC4140827C485DFF5F5796E2
2026/05/25 14:20:11 serial 227
2026/05/25 14:20:11 Processing protocol: 0x94 
2026/05/25 14:20:11 ℹ️ Information transmission packet
2026/05/25 14:20:13 Received: D3D0F815FFE9FC76E08799F621257572D958A5A0DE61403B174B134A01CC8580F72DCC77DD7F408B
2026/05/25 14:20:13 serial 228
2026/05/25 14:20:13 Processing protocol: 0x22 
2026/05/25 14:20:13 ✅ Location - Lat: 22.647675, Lon: 88.529435, Speed: 31, Course: 5024, Serial: 228
2026/05/25 14:20:13 Connection error: EOF
2026/05/25 14:20:15 Received: E87871239568B7704DDB129CD0E3D07F4AB4AF510E171EC0ACCAEBFB68A7B55032BB572E09677A41
2026/05/25 14:20:15 serial 229
2026/05/25 14:20:15 Processing protocol: 0x22 
2026/05/25 14:20:15 ✅ Location - Lat: 22.692583, Lon: 88.581791, Speed: 21, Course: 1177, Serial: 229
2026/05/25 14:20:15 Connection error: EOF
2026/05/25 14:20:17 Client connected: 51.71.210.83:25790
2026/05/25 14:20:17 Received: 98132B1AD6F666EED18F833A8A5CE64BAC0949B1
2026/05/25 14:20:17 serial 230
2026/05/25 14:20:17 Processing protocol: 0x01 
2026/05/25 14:20:17 ✅ Login packet - IMEI: 7362607033915032, Serial: 230
2026/05/25 14:20:17 Sent response: 0269EF1E5F621F0F1A46
2026/05/25 14:20:19 Server listening on :5023
2026/05/25 14:20:21 Received: BCF3E30B73E3A306837A0C9B
2026/05/25 14:20:21 serial 231
2026/05/25 14:20:21 Processing protocol: 0x94 
2026/05/25 14:20:21 ℹ️ Information transmission packet
2026/05/25 14:20:23 Received: D8ACD9F6D35249B52F8364C49C7980FFD2E1CFAFED43F1D2E543F69E62273656DB7E6CE7B7D11947
2026/05/25 14:20:23 serial 232
2026/05/25 14:20:23 Processing protocol: 0x22 
2026/05/25 14:20:23 ✅ Location - Lat: 22.699729, Lon: 88.316480, Speed: 59, Course: 4786, Serial: 232
2026/05/25 14:20:23 Connection error: EOF
2026/05/25 14:20:25 Received: 0A87BB6D40B847665BF1E161E2203E9067C6DDE2F8D983CEF00CF475CD4344C2C0DF55
2026/05/25 14:20:25 serial 233
2026/05/25 14:20:25 Processing protocol: 0x26 
2026/05/25 14:20:25 ⚠️ Unknown protocol: 0x26
2026/05/25 14:20:27 Client connected: 218.236.68.68:17707
2026/05/25 14:20:27 Received: 3AE6B777E2BBEFA64464551C639C3A356126FD05
2026/05/25 14:20:27 serial 234
2026/05/25 14:20:27 Processing protocol: 0x01 
2026/05/25 14:20:27 ✅ Login packet - IMEI: 3156792321954131, Serial: 234
2026/05/25 14:20:27 Sent response: 659DB705D3EEA30F3AB8
2026/05/25 14:20:29 Received: 8ACCCB4CF20F0772B217DD61775EBC8EA0C7EEF1FB3E8C275D790390A92B8DE5A2B5CF45072B05E7
2026/05/25 14:20:29 serial 235
2026/05/25 14:20:29 Processing protocol: 0x22 
2026/05/25 14:20:29 ✅ Location - Lat: 22.523321, Lon: 88.339902, Speed: 47, Course: 3107, Serial: 235
2026/05/25 14:20:31 Received: C4FC490CC6B3104C506E6981
2026/05/25 14:20:31 serial 236
2026/05/25 14:20:31 Processing protocol: 0x94 
2026/05/25 14:20:31 ℹ️ Information transmission packet
2026/05/25 14:20:33 Received: E97F67FB4FD69DCA6F3ADD60A4C65D63
2026/05/25 14:20:33 serial 237
2026/05/25 14:20:33 Processing protocol: 0x13 
2026/05/25 14:20:33 ✅ Heartbeat - Battery: 5, GSM: 3, TermInfo: E229DDEB, Serial: 237
2026/05/25 14:20:33 Sent response: 03125E8FEB3969F1A385
2026/05/25 14:20:33 Connection error: EOF
2026/05/25 14:20:35 Received: 20B06B6FC6B0C1D751E28F27794BE1C5EF9A999A6CC0BD780FAAD26AE1633306A94004
2026/05/25 14:20:35 serial 238
2026/05/25 14:20:35 Processing protocol: 0x26 
2026/05/25 14:20:35 ⚠️ Unknown protocol: 0x26
2026/05/25 14:20:37 Server listening on :5023
2026/05/25 14:20:39 Server listening on :5023
2026/05/25 14:20:41 Received: EAC7AE11766BC0F318DAC72CBAE6BE1D239DBC93B8A84EB6606CD16A7D0745A53CE9A1B47704229D
2026/05/25 14:20:41 serial 239
2026/05/25 14:20:41 Processing protocol: 0x22 
2026/05/25 14:20:41 ✅ Location - Lat: 22.692876, Lon: 88.584036, Speed: 49, Course: 4853, Serial: 239
2026/05/25 14:20:43 Received: 22D4EC94340D31159CDBE85B
2026/05/25 14:20:43 serial 240
2026/05/25 14:20:43 Processing protocol: 0x94 
2026/05/25 14:20:43 ℹ️ Information transmission packet
2026/05/25 14:20:45 Received: 991BDD8A767267EB8D3657F3E296AC79AFCE9B343CA10B8323EC2352332C6A8174047EEBA993AB23
2026/05/25 14:20:45 serial 241
2026/05/25 14:20:45 Processing protocol: 0x22 
2026/05/25 14:20:45 ✅ Location - Lat: 22.613995, Lon: 88.349621, Speed: 41, Course: 5214, Serial: 241
2026/05/25 14:20:47 Received: 264A0E216212842711CF448F
2026/05/25 14:20:47 serial 242
2026/05/25 14:20:47 Processing protocol: 0x94 
2026/05/25 14:20:47 ℹ️ Information transmission packet
2026/05/25 14:20:49 Received: 00D3637629FD67E91BB6E9F409BDE29D
2026/05/25 14:20:49 serial 243
2026/05/25 14:20:49 Processing protocol: 0x13 
2026/05/25 14:20:49 ✅ Heartbeat - Battery: 1, GSM: 3, TermInfo: 9AAB7837, Serial: 243
2026/05/25 14:20:49 Sent response: 638EEC66DA68FA53B365
2026/05/25 14:20:51 Server listening on :5023
2026/05/25 14:20:51 Connection error: EOF
2026/05/25 14:20:53 Received: 5D8E9D43E4D8DF03004005C9B0476E79BF002CC7C775E1E6E8DE15B3513E869A78E414
2026/05/25 14:20:53 serial 244
2026/05/25 14:20:53 Processing protocol: 0x26 
2026/05/25 14:20:53 ⚠️ Unknown protocol: 0x26
2026/05/25 14:20:53 Connection error: EOF
2026/05/25 14:20:55 Received: 0FA356BA0AAB1896A233C854EC7D0153
2026/05/25 14:20:55 serial 245
2026/05/25 14:20:55 Processing protocol: 0x13 
2026/05/25 14:20:55 ✅ Heartbeat - Battery: 5, GSM: 5, TermInfo: DFC71BF4, Serial: 245
2026/05/25 14:20:55 Sent response: 7B30F1DB1EBA118FAE9D
2026/05/25 14:20:57 Received: 01959D8CC51102D444935572ACAB60ED7A30D47D42DB3AECA68FCE376AD674D10F9B6B030B64468A
2026/05/25 14:20:57 serial 246
2026/05/25 14:20:57 Processing protocol: 0x22 
2026/05/25 14:20:57 ✅ Location - Lat: 22.528730, Lon: 88.590821, Speed: 39, Course: 3990, Serial: 246
2026/05/25 14:20:59 Received: 7C6A60B6C2BA2901BF6BE9F6E00A08982FACEE4E6DFC374C36DD7E40C7955723E0360EC701C92EF6
2026/05/25 14:20:59 serial 247
2026/05/25 14:20:59 Processing protocol: 0x22 
2026/05/25 14:20:59 ✅ Location - Lat: 22.552733, Lon: 88.546612, Speed: 112, Course: 4041, Serial: 247
2026/05/25 14:21:01 Client connected: 119.185.215.231:43602
2026/05/25 14:21:01 Received: C1FFB94E4A649052B76DAD2896F58933EAACFBED
2026/05/25 14:21:01 serial 248
2026/05/25 14:21:01 Processing protocol: 0x01 
2026/05/25 14:21:01 ✅ Login packet - IMEI: 2026402494303032, Serial: 248
2026/05/25 14:21:01 Sent response: 518B6D4429A9A0B98A75
2026/05/25 14:21:01 Connection error: EOF
2026/05/25 14:21:03 Server listening on :5023
2026/05/25 14:21:05 Server listening on :5023
2026/05/25 14:21:07 Received: D73D1A1CCF80E56BC0BB5B0A
2026/05/25 14:21:07 serial 249
2026/05/25 14:21:07 Processing protocol: 0x94 
2026/05/25 14:21:07 ℹ️ Information transmission packet
2026/05/25 14:21:09 Received: 22E87FD9E438EB0D63F62D77FAC45FC46BABD5A111A81418B2BC494DCBFCDC61EF6D36
2026/05/25 14:21:09 serial 250
2026/05/25 14:21:09 Processing protocol: 0x26 
2026/05/25 14:21:09 ⚠️ Unknown protocol: 0x26
2026/05/25 14:21:11 Received: B408E2038C79E09AD102C61210A2DCF36C63136501E3C249FA6C20A5C0CFDECC3EF4232632CDCBDF
2026/05/25 14:21:11 serial 251
2026/05/25 14:21:11 Processing protocol: 0x22 
2026/05/25 14:21:11 ✅ Location - Lat: 22.534823, Lon: 88.365432, Speed: 85, Course: 4433, Serial: 251
2026/05/25 14:21:13 Received: FDFDB8788951F806AD9F685F
2026/05/25 14:21:13 serial 252
2026/05/25 14:21:13 Processing protocol: 0x94 
2026/05/25 14:21:13 ℹ️ Information transmission packet
2026/05/25 14:21:15 Received: 27D76A308D2FED222F7F1CBB37062D35D05D23E53A2040B744A80C3B6656CBAC5D002F6C44C6864F
2026/05/25 14:21:15 serial 253
2026/05/25 14:21:15 Processing protocol: 0x22 
2026/05/25 14:21:15 ✅ Location - Lat: 22.638224, Lon: 88.428681, Speed: 5, Course: 1800, Serial: 253
2026/05/25 14:21:17 Received: FBE2E99722C8B550CED8F6A200EA6BF8A977AC7EB7BCC9E0DA06BFAE122237F0C6C7CB9748982045
2026/05/25 14:21:17 serial 254
2026/05/25 14:21:17 Processing protocol: 0x22 
2026/05/25 14:21:17 ✅ Location - Lat: 22.695479, Lon: 88.482156, Speed: 89, Course: 1859, Serial: 254
2026/05/25 14:21:19 Received: 7CB9810819580ABC32F71BA7
2026/05/25 14:21:19 serial 255
2026/05/25 14:21:19 Processing protocol: 0x94 
2026/05/25 14:21:19 ℹ️ Information transmission packet
2026/05/25 14:21:21 Received: 0FD873F8F715F4A02C6F70DE06F4F5B042BEF286165C344ACDE87289629495987ED757
2026/05/25 14:21:21 serial 256
2026/05/25 14:21:21 Processing protocol: 0x26 
2026/05/25 14:21:21 ⚠️ Unknown protocol: 0x26
2026/05/25 14:21:23 Received: 9F21028D31F9C6D545B6ADC07B8052D9555BE7D5AFB9B0EEFBB2B28BDDA5D30E14CEA1
2026/05/25 14:21:23 serial 257
2026/05/25 14:21:23 Processing protocol: 0x26 
2026/05/25 14:21:23 ⚠️ Unknown protocol: 0x26
2026/05/25 14:21:25 Received: EE87DB52E3765DE0EB75F1C4
2026/05/25 14:21:25 serial 258
2026/05/25 14:21:25 Processing protocol: 0x94 
2026/05/25 14:21:25 ℹ️ Information transmission packet
2026/05/25 14:21:29 Received: 2AFC6A13DEF5CBF4273A55E30FEE6638
2026/05/25 14:21:29 serial 100
2026/05/25 14:21:29 Processing protocol: 0x13 
2026/05/25 14:21:29 ✅ Heartbeat - IMEI: 867440069564326, Battery: 3, GSM: 1, TermInfo: ECB4BFCF, Serial: 100
2026/05/25 14:21:29 Sent response: 93BFA6933FE207098A9B
2026/05/25 14:21:31 Client connected: 219.61.208.188:19665
2026/05/25 14:21:31 Received: 955ADEC3E8BBC347AB26DA918FC63B77DB7B5337
2026/05/25 14:21:31 serial 101
2026/05/25 14:21:31 Processing protocol: 0x01 
2026/05/25 14:21:31 ✅ Login packet - IMEI: 867440069564328, Serial: 101
2026/05/25 14:21:31 Sent response: E1755CD406D7C3F4D9BE
2026/05/25 14:21:33 Received: 4FC819FF6AEB3F1435964597101AEEF49F181C8F2775765F99F05B448141EB669B7F13
2026/05/25 14:21:33 serial 102
2026/05/25 14:21:33 Processing protocol: 0x26 
2026/05/25 14:21:33 ⚠️ Unknown protocol: 0x26
2026/05/25 14:21:35 Received: 1016A22333811CD9A0DD52A67B1BC1B1F5A2F8878C587D9A90D347AAF7BA3AA3C56C092AF82287AD
2026/05/25 14:21:35 serial 103
2026/05/25 14:21:35 Processing protocol: 0x22 
2026/05/25 14:21:35 ✅ Location - IMEI: 867440069564327, Lat: 22.698297, Lon: 88.489412, Speed: 22, Course: 1286, Serial: 103
2026/05/25 14:21:35 Connection error: EOF
2026/05/25 14:21:37 Client connected: 123.15.2.26:18538
2026/05/25 14:21:37 Received: 402749F31DD43EA0B77C3DB9235B60DF078C3B4B
2026/05/25 14:21:37 serial 104
2026/05/25 14:21:37 Processing protocol: 0x01 
2026/05/25 14:21:37 ✅ Login packet - IMEI: 867440069564326, Serial: 104
2026/05/25 14:21:37 Sent response: DFC2A75E465426C88BA8
2026/05/25 14:21:39 Received: FE81DF8A31D81C6DD73051BD3A3F54B8FB371A3A182DAF8FCD3BC4DECA18EA8326052E
2026/05/25 14:21:39 serial 105
2026/05/25 14:21:39 Processing protocol: 0x26 
2026/05/25 14:21:39 ⚠️ Unknown protocol: 0x26
2026/05/25 14:21:41 Received: 4DB6BCAC6BF43DF736233640A20A49A4
2026/05/25 14:21:41 serial 106
2026/05/25 14:21:41 Processing protocol: 0x13 
2026/05/25 14:21:41 ✅ Heartbeat - IMEI: 867440069564330, Battery: 1, GSM: 1, TermInfo: F612F434, Serial: 106
2026/05/25 14:21:41 Sent response: 5031D808FF0FF33DAF95
2026/05/25 14:21:43 Received: 05E969E3BEF5F320D40D31F8DC7821038909EA6F4B13AE3B11738A05AD080F30ECF230827449F743
2026/05/25 14:21:43 serial 107
2026/05/25 14:21:43 Processing protocol: 0x22 
2026/05/25 14:21:43 ✅ Location - IMEI: 867440069564326, Lat: 22.676752, Lon: 88.382860, Speed: 41, Course: 5384, Serial: 107
2026/05/25 14:21:45 Client connected: 135.15.79.96:36783
2026/05/25 14:21:45 Received: D48F5ECD955C87B7E4B0BA4A504A5BE7E389E1F6
2026/05/25 14:21:45 serial 108
2026/05/25 14:21:45 Processing protocol: 0x01 
2026/05/25 14:21:45 ✅ Login packet - IMEI: 867440069564324, Serial: 108
2026/05/25 14:21:45 Sent response: 0A1FA35AC93DFBE7BD9A
2026/05/25 14:21:47 Received: BA54E6F07F2420AD3B7FE35262B05D05414BD81EDFE782CA1D8BA2D9D70EA783A4B817BFD41BB214
2026/05/25 14:21:47 serial 109
2026/05/25 14:21:47 Processing protocol: 0x22 
2026/05/25 14:21:47 ✅ Location - IMEI: 867440069564321, Lat: 22.672576, Lon: 88.521313, Speed: 71, Course: 2272, Serial: 109
2026/05/25 14:21:49 Received: F8E860CBD52AA2EB30A8DC6A76AC9199
2026/05/25 14:21:49 serial 110
2026/05/25 14:21:49 Processing protocol: 0x13 
2026/05/25 14:21:49 ✅ Heartbeat - IMEI: 867440069564329, Battery: 3, GSM: 1, TermInfo: C3D953F0, Serial: 110
2026/05/25 14:21:49 Sent response: E45AC8688D77FFFF4AA2
2026/05/25 14:21:51 Received: EB5316FDAE929513E6B87C2AA19E8DB3BD742736ECE36D0693613817B7272CE83090EAC150754409
2026/05/25 14:21:51 serial 111
2026/05/25 14:21:51 Processing protocol: 0x22 
2026/05/25 14:21:51 ✅ Location - IMEI: 867440069564326, Lat: 22.611133, Lon: 88.470505, Speed: 91, Course: 4961, Serial: 111
2026/05/25 14:21:53 Server listening on :5023
2026/05/25 14:21:55 Received: 6AB5CFFC1D2C5784B531CEDD
2026/05/25 14:21:55 serial 112
2026/05/25 14:21:55 Processing protocol: 0x94 
2026/05/25 14:21:55 ℹ️ Information transmission packet
2026/05/25 14:21:59 Received: E5C174611F9890596EC27C9DFBC1E66C
2026/05/25 14:21:59 serial 100
2026/05/25 14:21:59 Processing protocol: 0x13 
2026/05/25 14:21:59 ✅ Heartbeat - IMEI: 867440069564321, Battery: 3, GSM: 2, TermInfo: DB9BB71D, Serial: 100
2026/05/25 14:21:59 Sent response: 7A69C1DADDCD53F17878
2026/05/25 14:22:01 Received: 23FF0E4F3B6C59F636E23486DB1189C1
2026/05/25 14:22:01 serial 101
2026/05/25 14:22:01 Processing protocol: 0x13 
2026/05/25 14:22:01 ✅ Heartbeat - IMEI: 867440069564326, Battery: 1, GSM: 3, TermInfo: 2ACEE00B, Serial: 101
2026/05/25 14:22:01 Sent response: 73D5A02E869C35755A56
2026/05/25 14:22:03 Received: D531D82E361E5B792A0C17A2
2026/05/25 14:22:03 serial 102
2026/05/25 14:22:03 Processing protocol: 0x94 
2026/05/25 14:22:03 ℹ️ Information transmission packet
2026/05/25 14:22:03 Connection error: EOF
2026/05/25 14:22:05 Client connected: 172.44.205.159:24146
2026/05/25 14:22:05 Received: 6F8371BAA777A60FA701D5B71D27716BC6CBF18B
2026/05/25 14:22:05 serial 103
2026/05/25 14:22:05 Processing protocol: 0x01 
2026/05/25 14:22:05 ✅ Login packet - IMEI: 867440069564329, Serial: 103
2026/05/25 14:22:05 Sent response: 9FE8366E70574EDF9646
2026/05/25 14:22:07 Received: 2CC4AC20F4EC0A767C6D8307
2026/05/25 14:22:07 serial 104
2026/05/25 14:22:07 Processing protocol: 0x94 
2026/05/25 14:22:07 ℹ️ Information transmission packet
2026/05/25 14:22:09 Received: D991807ECA22817AF7095E662A79C807
2026/05/25 14:22:09 serial 105
2026/05/25 14:22:09 Processing protocol: 0x13 
2026/05/25 14:22:09 ✅ Heartbeat - IMEI: 867440069564328, Battery: 4, GSM: 2, TermInfo: 38DFEC1D, Serial: 105
2026/05/25 14:22:09 Sent response: 3DE016CD6FF2B414CF0F
2026/05/25 14:22:09 Connection error: EOF
2026/05/25 14:22:11 Received: 0020AFFC5EB106D8C77153D2
2026/05/25 14:22:11 serial 106
2026/05/25 14:22:11 Processing protocol: 0x94 
2026/05/25 14:22:11 ℹ️ Information transmission packet
2026/05/25 14:22:13 Client connected: 60.238.93.138:40435
2026/05/25 14:22:13 Received: 371658CE2E242532CBB6642AC72B0F86699B3153
2026/05/25 14:22:13 serial 107
2026/05/25 14:22:13 Processing protocol: 0x01 
2026/05/25 14:22:13 ✅ Login packet - IMEI: 867440069564328, Serial: 107
2026/05/25 14:22:13 Sent response: B0522C0CE7956F7737E4
2026/05/25 14:22:15 Client connected: 179.213.246.5:35225
2026/05/25 14:22:15 Received: 43FE876152BF8BD09E0C42AFD16DC53B71BB68A3
2026/05/25 14:22:15 serial 108
2026/05/25 14:22:15 Processing protocol: 0x01 
2026/05/25 14:22:15 ✅ Login packet - IMEI: 867440069564328, Serial: 108
2026/05/25 14:22:15 Sent response: C34CA00A88200A066B9F
2026/05/25 14:22:17 Received: 2199AD5E69B180958F3093124D369C88BF9BD6D02A9E94925332ACF6AA6BFC8AC210D3
2026/05/25 14:22:17 serial 109
2026/05/25 14:22:17 Processing protocol: 0x26 
2026/05/25 14:22:17 ⚠️ Unknown protocol: 0x26
2026/05/25 14:22:19 Received: D574DC2D13DD8571154EAB11
2026/05/25 14:22:19 serial 110
2026/05/25 14:22:19 Processing protocol: 0x94 
2026/05/25 14:22:19 ℹ️ Information transmission packet
2026/05/25 14:22:19 Connection error: EOF
2026/05/25 14:22:21 Server listening on :5023
2026/05/25 14:22:23 Received: 9C815F1D0386EA48A39B247F25E2A371CC351ADE9008CF42F65CFFFF35DEB465C221C7
2026/05/25 14:22:23 serial 111
2026/05/25 14:22:23 Processing protocol: 0x26 
2026/05/25 14:22:23 ⚠️ Unknown protocol: 0x26
2026/05/25 14:22:23 Connection error: EOF
2026/05/25 14:22:25 Server listening on :5023
2026/05/25 14:22:27 Server listening on :5023
2026/05/25 14:22:29 Server listening on :5023
2026/05/25 14:22:31 Received: FD18C0BAD8ADDD7077F8F9FE5721030E0AF7A3DBC93935B184B73C6D8609A02FEAECD5
2026/05/25 14:22:31 serial 112
2026/05/25 14:22:31 Processing protocol: 0x26 
2026/05/25 14:22:31 ⚠️ Unknown protocol: 0x26
2026/05/25 14:22:33 Client connected: 254.121.144.31:45402
2026/05/25 14:22:33 Received: 0FFDC2403C90E1712CB2352A6D1DC3AAD14931D9
2026/05/25 14:22:33 serial 113
2026/05/25 14:22:33 Processing protocol: 0x01 
2026/05/25 14:22:33 ✅ Login packet - IMEI: 867440069564323, Serial: 113
2026/05/25 14:22:33 Sent response: 9C05216E290388358463
2026/05/25 14:22:35 Received: B9867D7408D94B63704CD6E910383F3ADC931E5ACAFDD1D07BE4B552575D12FDA71E80
2026/05/25 14:22:35 serial 114
2026/05/25 14:22:35 Processing protocol: 0x26 
2026/05/25 14:22:35 ⚠️ Unknown protocol: 0x26
2026/05/25 14:22:37 Received: 5391D83458DA5F9756B009FD6B56B3C7
2026/05/25 14:22:37 serial 115
2026/05/25 14:22:37 Processing protocol: 0x13 
2026/05/25 14:22:37 ✅ Heartbeat - IMEI: 867440069564329, Battery: 6, GSM: 1, TermInfo: 651DB9ED, Serial: 115
2026/05/25 14:22:37 Sent response: E319A9814999838734EB
2026/05/25 14:22:37 Connection error: EOF
2026/05/25 14:22:39 Server listening on :5023
2026/05/25 14:22:41 Received: 0522CD862C4F364851E54957E9440EFE7266994402F530996EF3DE64DE7C38AD7F3DF6
2026/05/25 14:22:41 serial 116
2026/05/25 14:22:41 Processing protocol: 0x26 
2026/05/25 14:22:41 ⚠️ Unknown protocol: 0x26
2026/05/25 14:22:41 Connection error: EOF
2026/05/25 14:22:43 Received: 0FE3A131DF7B3497C66594BB748D0EFE
2026/05/25 14:22:43 serial 117
2026/05/25 14:22:43 Processing protocol: 0x13 
2026/05/25 14:22:43 ✅ Heartbeat - IMEI: 867440069564328, Battery: 4, GSM: 5, TermInfo: 0E2A94D2, Serial: 117
2026/05/25 14:22:43 Sent response: 154B0B9F670220986C5B
2026/05/25 14:22:45 Received: 758CD9EF1F57C28EEA1AD881937FF0D6A596B5FDBB127D17276584E6DD582BD38BD706
2026/05/25 14:22:45 serial 118
2026/05/25 14:22:45 Processing protocol: 0x26 
2026/05/25 14:22:45 ⚠️ Unknown protocol: 0x26
2026/05/25 14:22:47 Received: 2EF757978183439C02A97827C13BC155AC5AF810D01F72AC33D119F69A4532A653806553063DB178
2026/05/25 14:22:47 serial 119
2026/05/25 14:22:47 Processing protocol: 0x22 
2026/05/25 14:22:47 ✅ Location - IMEI: 867440069564321, Lat: 22.581957, Lon: 88.309900, Speed: 120, Course: 1571, Serial: 119
2026/05/25 14:22:47 Connection error: EOF
2026/05/25 14:22:49 Received: 70DA1CC872B52BB44643438BD1873342
2026/05/25 14:22:49 serial 120
2026/05/25 14:22:49 Processing protocol: 0x13 
2026/05/25 14:22:49 ✅ Heartbeat - IMEI: 867440069564323, Battery: 2, GSM: 1, TermInfo: 7589F2FB, Serial: 120
2026/05/25 14:22:49 Sent response: 981453FCC945C2C6AB00
2026/05/25 14:22:51 Received: D12BF648E219B115E4B09F92
2026/05/25 14:22:51 serial 121
2026/05/25 14:22:51 Processing protocol: 0x94 
2026/05/25 14:22:51 ℹ️ Information transmission packet
2026/05/25 14:22:53 Received: 66F2F8FEBC480BEB343BED9D4EB997E1
2026/05/25 14:22:53 serial 122
2026/05/25 14:22:53 Processing protocol: 0x13 
2026/05/25 14:22:53 ✅ Heartbeat - IMEI: 867440069564330, Battery: 1, GSM: 3, TermInfo: 5B624107, Serial: 122
2026/05/25 14:22:53 Sent response: EDF44FF38CA40AB35DA2
2026/05/25 14:22:55 Received: 3CBB1ADE367413A18FB7047B7C4ACAF9F86FCCAA21F70717E18A303B53841F1F5F0CBD
2026/05/25 14:22:55 serial 123
2026/05/25 14:22:55 Processing protocol: 0x26 
2026/05/25 14:22:55 ⚠️ Unknown protocol: 0x26
2026/05/25 14:22:55 Connection error: EOF
2026/05/25 14:22:57 Client connected: 45.97.245.83:10874
2026/05/25 14:22:57 Received: EEC271B70AC4636CF2AB682018AB81A356A00246
2026/05/25 14:22:57 serial 124
2026/05/25 14:22:57 Processing protocol: 0x01 
2026/05/25 14:22:57 ✅ Login packet - IMEI: 867440069564321, Serial: 124
2026/05/25 14:22:57 Sent response: 25BC6DD1F31CC49CAE00
2026/05/25 14:22:59 Received: 7C77E059465D844DE5A6DDC25EA52A9587CEB4F9F9749084BE34918DF4889CB753539E0E5DAB9786
2026/05/25 14:22:59 serial 125
2026/05/25 14:22:59 Processing protocol: 0x22 
2026/05/25 14:22:59 ✅ Location - IMEI: 867440069564323, Lat: 22.637575, Lon: 88.575206, Speed: 109, Course: 1381, Serial: 125
2026/05/25 14:23:01 Received: B7C96D7CAE31099F2F40900CE5F0BAB3D6CC5A963AC9349D876E05A3D271306EBC0B18
2026/05/25 14:23:01 serial 126
2026/05/25 14:23:01 Processing protocol: 0x26 
2026/05/25 14:23:01 ⚠️ Unknown protocol: 0x26
2026/05/25 14:23:01 Connection error: EOF
2026/05/25 14:23:03 Server listening on :5023
2026/05/25 14:23:05 Server listening on :5023
2026/05/25 14:23:05 Connection error: EOF
2026/05/25 14:23:07 Received: 6A807B27A9535794BD639C91EA851DBBBC5940A46A399090CD60CD74929126B1F22685
2026/05/25 14:23:07 serial 127
2026/05/25 14:23:07 Processing protocol: 0x26 
2026/05/25 14:23:07 ⚠️ Unknown protocol: 0x26
2026/05/25 14:23:07 Connection error: EOF
2026/05/25 14:23:09 Client connected: 157.127.96.120:51548
2026/05/25 14:23:09 Received: 7D01118BA896A3B730EAA66632DA63DED0B0F95B
2026/05/25 14:23:09 serial 128
2026/05/25 14:23:09 Processing protocol: 0x01 
2026/05/25 14:23:09 ✅ Login packet - IMEI: 867440069564329, Serial: 128
2026/05/25 14:23:09 Sent response: 85F30C266F9A17C7F8CF
2026/05/25 14:23:11 Received: D14418AA4D9D17B77EB92CEFF857DCB2
2026/05/25 14:23:11 serial 129
2026/05/25 14:23:11 Processing protocol: 0x13 
2026/05/25 14:23:11 ✅ Heartbeat - IMEI: 867440069564321, Battery: 4, GSM: 2, TermInfo: 779B9627, Serial: 129
2026/05/25 14:23:11 Sent response: FBAF6B36C55F8B563C89
2026/05/25 14:23:13 Received: 63A4C089F48CEF69C5F9BEB1E3C28469B29DCC8F5ADF84795327EA1A1ACEE281FFCD1A756933A1F2
2026/05/25 14:23:13 serial 130
2026/05/25 14:23:13 Processing protocol: 0x22 
2026/05/25 14:23:13 ✅ Location - IMEI: 867440069564322, Lat: 22.618447, Lon: 88.391943, Speed: 15, Course: 3690, Serial: 130
2026/05/25 14:23:15 Received: 5750FBF0A071A47F0E91424A
2026/05/25 14:23:15 serial 131
2026/05/25 14:23:15 Processing protocol: 0x94 
2026/05/25 14:23:15 ℹ️ Information transmission packet
2026/05/25 14:23:17 Client connected: 235.220.86.228:36440
2026/05/25 14:23:17 Received: 13D5CE330FAE846D6DA35AA69438BDBEAEEA01B9
2026/05/25 14:23:17 serial 132
2026/05/25 14:23:17 Processing protocol: 0x01 
2026/05/25 14:23:17 ✅ Login packet - IMEI: 867440069564322, Serial: 132
2026/05/25 14:23:17 Sent response: 6868F87A7DA28CE1D0BB
2026/05/25 14:23:19 Received: 56F13955604962B59716637978B57BD0A9F4F322781FC26747429D380C4483BAF8CFBA
2026/05/25 14:23:19 serial 133
2026/05/25 14:23:19 Processing protocol: 0x26 
2026/05/25 14:23:19 ⚠️ Unknown protocol: 0x26
2026/05/25 14:23:21 Client connected: 203.195.34.55:18299
2026/05/25 14:23:21 Received: 11F1E6FB84C09D9E17492F2BF630B08AE820B487
2026/05/25 14:23:21 serial 134
2026/05/25 14:23:21 Processing protocol: 0x01 
2026/05/25 14:23:21 ✅ Login packet - IMEI: 867440069564321, Serial: 134
2026/05/25 14:23:21 Sent response: 75D1CDD1B1EC64F316DF
2026/05/25 14:23:23 Received: 3E1B829979EEBB09D0E8E9A0
2026/05/25 14:23:23 serial 135
2026/05/25 14:23:23 Processing protocol: 0x94 
2026/05/25 14:23:23 ℹ️ Information transmission packet
2026/05/25 14:23:25 Received: 8E812235D184579850BA9D9F1A31A71C115C269DB04F265999C7E9F65BFB4F8177DE9709B9E00437
2026/05/25 14:23:25 serial 136
2026/05/25 14:23:25 Processing protocol: 0x22 
2026/05/25 14:23:25 ✅ Location - IMEI: 867440069564324, Lat: 22.587938, Lon: 88.496000, Speed: 10, Course: 5468, Serial: 136
2026/05/25 14:23:25 Connection error: EOF
2026/05/25 14:23:27 Received: CFD3A2CECD48F11A73D310C494E87B881643682FBFE017C8A47DB6382F1594432F03FE
2026/05/25 14:23:27 serial 137
2026/05/25 14:23:27 Processing protocol: 0x26 
2026/05/25 14:23:27 ⚠️ Unknown protocol: 0x26
2026/05/25 14:23:29 Received: AF02EEC3B834E494CFD05441FEA1513E0F0F4FAA36BEE65A1CC29A0790731456C17B7A02CFAD5452
2026/05/25 14:23:29 serial 138
2026/05/25 14:23:29 Processing protocol: 0x22 
2026/05/25 14:23:29 ✅ Location - IMEI: 867440069564323, Lat: 22.626411, Lon: 88.570250, Speed: 52, Course: 2186, Serial: 138
2026/05/25 14:23:29 Connection error: EOF
2026/05/25 14:23:31 Received: 86EDC862235814DA95358761B92FF4B7152C14F7B6D2A6F999E9809E671EBBF616035FC6888175E5
2026/05/25 14:23:31 serial 139
2026/05/25 14:23:31 Processing protocol: 0x22 
2026/05/25 14:23:31 ✅ Location - IMEI: 867440069564328, Lat: 22.670292, Lon: 88.388900, Speed: 28, Course: 3407, Serial: 139
2026/05/25 14:23:33 Received: B229BDACD31B0BE4972C79914990028E1178E3C5DE9E62957032A4F25387C0E5A0D32A
2026/05/25 14:23:33 serial 140
2026/05/25 14:23:33 Processing protocol: 0x26 
2026/05/25 14:23:33 ⚠️ Unknown protocol: 0x26
2026/05/25 14:23:33 Connection error: EOF
2026/05/25 14:23:35 Client connected: 96.60.179.145:37734
2026/05/25 14:23:35 Received: 9B163E59656CB3F51AE8569AC40F55170F338D28
2026/05/25 14:23:35 serial 141
2026/05/25 14:23:35 Processing protocol: 0x01 
2026/05/25 14:23:35 ✅ Login packet - IMEI: 867440069564329, Serial: 141
2026/05/25 14:23:35 Sent response: 6DA1C8D2468A96A0CEE3
2026/05/25 14:23:37 Received: CE139F970588BB3C08764835270FE06E7F1237EC6B26005D49BA5782C4AE9D96407A995467797C4A
2026/05/25 14:23:37 serial 142
2026/05/25 14:23:37 Processing protocol: 0x22 
2026/05/25 14:23:37 ✅ Location - IMEI: 867440069564326, Lat: 22.579804, Lon: 88.486435, Speed: 51, Course: 1350, Serial: 142
2026/05/25 14:23:39 Received: 25EFBF8B53E6CBB3446A8216
2026/05/25 14:23:39 serial 143
2026/05/25 14:23:39 Processing protocol: 0x94 
2026/05/25 14:23:39 ℹ️ Information transmission packet
2026/05/25 14:23:41 Received: 753FAFC3C1B25DCA9D9FD5AAE7AF41394CA3BA912F4F10D4128D3371F2475554F4661E
2026/05/25 14:23:41 serial 144
2026/05/25 14:23:41 Processing protocol: 0x26 
2026/05/25 14:23:41 ⚠️ Unknown protocol: 0x26
2026/05/25 14:23:43 Received: 47783FEB6C64986ED71AA0760A0FF34F7CFA4379C071B48E2AC7CB9AD8D7814C3207AC
2026/05/25 14:23:43 serial 145
2026/05/25 14:23:43 Processing protocol: 0x26 
2026/05/25 14:23:43 ⚠️ Unknown protocol: 0x26
2026/05/25 14:23:45 Client connected: 72.222.92.45:23635
2026/05/25 14:23:45 Received: DDB3F79364B14D249536063751606C025B7B105F
2026/05/25 14:23:45 serial 146
2026/05/25 14:23:45 Processing protocol: 0x01 
2026/05/25 14:23:45 ✅ Login packet - IMEI: 867440069564322, Serial: 146
2026/05/25 14:23:45 Sent response: 20500095294138C19586
2026/05/25 14:23:47 Received: B031626BCF08CAADC61F294882F676EE
2026/05/25 14:23:47 serial 147
2026/05/25 14:23:47 Processing protocol: 0x13 
2026/05/25 14:23:47 ✅ Heartbeat - IMEI: 867440069564321, Battery: 6, GSM: 1, TermInfo: F5812BE5, Serial: 147
2026/05/25 14:23:47 Sent response: 33D8549B19AC444BBB3D
2026/05/25 14:23:49 Client connected: 154.120.57.119:51023
2026/05/25 14:23:49 Received: B63D9FA25E0A416B2C7177F35E99C5FCC819C828
2026/05/25 14:23:49 serial 148
2026/05/25 14:23:49 Processing protocol: 0x01 
2026/05/25 14:23:49 ✅ Login packet - IMEI: 867440069564324, Serial: 148
2026/05/25 14:23:49 Sent response: 9E2C64E775C998C56F0D
2026/05/25 14:23:51 Received: B86F894AEACF29E3CD98A9206C693472
2026/05/25 14:23:51 serial 149
2026/05/25 14:23:51 Processing protocol: 0x13 
2026/05/25 14:23:51 ✅ Heartbeat - IMEI: 867440069564327, Battery: 3, GSM: 4, TermInfo: 36EDD6A5, Serial: 149
2026/05/25 14:23:51 Sent response: 1866D170196CE1CEE78E
2026/05/25 14:23:53 Client connected: 231.83.71.123:16204
2026/05/25 14:23:53 Received: 6B3EC75E4F7C5ED1E510801DCEFBECCDC843B3F0
2026/05/25 14:23:53 serial 150
2026/05/25 14:23:53 Processing protocol: 0x01 
2026/05/25 14:23:53 ✅ Login packet - IMEI: 867440069564327, Serial: 150
2026/05/25 14:23:53 Sent response: 4E239C4C00E01D99829E
2026/05/25 14:23:55 Received: D015AE8C86A4968DA81B3CF55B66766884FA6FD9C785AF3995BCB6C7A6FA497EE10100
2026/05/25 14:23:55 serial 151
2026/05/25 14:23:55 Processing protocol: 0x26 
2026/05/25 14:23:55 ⚠️ Unknown protocol: 0x26
2026/05/25 14:23:57 Client connected: 115.71.183.175:32453
2026/05/25 14:23:57 Received: 3670598E00D87D05C2791C2ECA06EA4916C9D8DD
2026/05/25 14:23:57 serial 152
2026/05/25 14:23:57 Processing protocol: 0x01 
2026/05/25 14:23:57 ✅ Login packet - IMEI: 867440069564326, Serial: 152
2026/05/25 14:23:57 Sent response: BBA1834C9776801A0ADA
2026/05/25 14:23:59 Client connected: 63.52.187.17:51289
2026/05/25 14:23:59 Received: 22AF28628638A3BF1020811883988129FF18DB68
2026/05/25 14:23:59 serial 153
2026/05/25 14:23:59 Processing protocol: 0x01 
2026/05/25 14:23:59 ✅ Login packet - IMEI: 867440069564325, Serial: 153
2026/05/25 14:23:59 Sent response: 4FDC0F3E7D82CD2CD01A
2026/05/25 14:24:01 Server listening on :5023
2026/05/25 14:24:03 Client connected: 66.27.216.215:28508
2026/05/25 14:24:03 Received: 85C381E7F94B29792C1398BE6A9465A7CA808C1D
2026/05/25 14:24:03 serial 154
2026/05/25 14:24:03 Processing protocol: 0x01 
2026/05/25 14:24:03 ✅ Login packet - IMEI: 867440069564330, Serial: 154
2026/05/25 14:24:03 Sent response: 4E6FD27C8305696905E0
2026/05/25 14:24:05 Received: 73AB122D559D457478C1BA8DBD131AED
2026/05/25 14:24:05 serial 155
2026/05/25 14:24:05 Processing protocol: 0x13 
2026/05/25 14:24:05 ✅ Heartbeat - IMEI: 867440069564326, Battery: 2, GSM: 2, TermInfo: 6262948E, Serial: 155
2026/05/25 14:24:05 Sent response: BDB3EB30E31BA211A087
2026/05/25 14:24:07 Received: ED432CD19799E62E3D215E92B4B1E2A84B45F1DFCCDB90FE161FDF0C57CC796D5B7014876B583A58
2026/05/25 14:24:07 serial 156
2026/05/25 14:24:07 Processing protocol: 0x22 
2026/05/25 14:24:07 ✅ Location - IMEI: 867440069564329, Lat: 22.598797, Lon: 88.377744, Speed: 97, Course: 5556, Serial: 156
2026/05/25 14:24:07 Connection error: EOF
2026/05/25 14:24:09 Received: 34982C7F48828555E6786058
2026/05/25 14:24:09 serial 157
2026/05/25 14:24:09 Processing protocol: 0x94 
2026/05/25 14:24:09 ℹ️ Information transmission packet
2026/05/25 14:24:11 Client connected: 28.218.219.111:34673
2026/05/25 14:24:11 Received: 8D4BCF839F2A6D93F3F7336AF3E29C81A66EC597
2026/05/25 14:24:11 serial 158
2026/05/25 14:24:11 Processing protocol: 0x01 
2026/05/25 14:24:11 ✅ Login packet - IMEI: 867440069564323, Serial: 158
2026/05/25 14:24:11 Sent response: 82EB5F58DD5CCD824664
2026/05/25 14:24:13 Received: D073EEE4CBC61A8C78E363F4
2026/05/25 14:24:13 serial 159
2026/05/25 14:24:13 Processing protocol: 0x94 
2026/05/25 14:24:13 ℹ️ Information transmission packet
2026/05/25 14:24:15 Received: 6D63E72DDF236358259908BA1806C1460A3E84357656E87A1B489B7DCAA2183625C8FE
2026/05/25 14:24:15 serial 160
2026/05/25 14:24:15 Processing protocol: 0x26 
2026/05/25 14:24:15 ⚠️ Unknown protocol: 0x26
2026/05/25 14:24:17 Received: D95349C30F2FE3B4C2820F9971DED847AC253281961219B08E578526DD00076A48B99C
2026/05/25 14:24:17 serial 161
2026/05/25 14:24:17 Processing protocol: 0x26 
2026/05/25 14:24:17 ⚠️ Unknown protocol: 0x26
2026/05/25 14:24:17 Connection error: EOF
2026/05/25 14:24:19 Client connected: 114.238.213.255:19883
2026/05/25 14:24:19 Received: 1429E150A1E4C0EA8E40B9895938D757283FA878
2026/05/25 14:24:19 serial 162
2026/05/25 14:24:19 Processing protocol: 0x01 
2026/05/25 14:24:19 ✅ Login packet - IMEI: 867440069564321, Serial: 162
2026/05/25 14:24:19 Sent response: A4E5F931CA30F8B3DADA
2026/05/25 14:24:21 Received: 3A25B94FC1F202615149F9E66A941F8EC842089EDAEE51726351686E91BF6DEC769FA75C0F3CEDAB
2026/05/25 14:24:21 serial 163
2026/05/25 14:24:21 Processing protocol: 0x22 
2026/05/25 14:24:21 ✅ Location - IMEI: 867440069564328, Lat: 22.556014, Lon: 88.385924, Speed: 19, Course: 2314, Serial: 163
2026/05/25 14:24:23 Server listening on :5023
2026/05/25 14:24:25 Server listening on :5023
2026/05/25 14:24:27 Client connected: 216.31.137.175:12845
2026/05/25 14:24:27 Received: 574C5FD3E8D59DDEA1D136019755F6DA16FCF3CC
2026/05/25 14:24:27 serial 164
2026/05/25 14:24:27 Processing protocol: 0x01 
2026/05/25 14:24:27 ✅ Login packet - IMEI: 867440069564323, Serial: 164
2026/05/25 14:24:27 Sent response: A2308056136546637E32
2026/05/25 14:24:29 Received: 70D81902E70F30B376CB7FD1999B8C6FA7981188EDA14C6AA7A280E6ACCBFF0B5E8601
2026/05/25 14:24:29 serial 165
2026/05/25 14:24:29 Processing protocol: 0x26 
2026/05/25 14:24:29 ⚠️ Unknown protocol: 0x26
2026/05/25 14:24:29 Connection error: EOF
2026/05/25 14:24:31 Received: 851419D8B104D1786E23993A38A5466AC902DE6895D3E68896BF9EE14A1D90C57EA5E0
2026/05/25 14:24:31 serial 166
2026/05/25 14:24:31 Processing protocol: 0x26 
2026/05/25 14:24:31 ⚠️ Unknown protocol: 0x26
2026/05/25 14:24:33 Received: 75BDC852A2C099854B5FDD3D
2026/05/25 14:24:33 serial 167
2026/05/25 14:24:33 Processing protocol: 0x94 
2026/05/25 14:24:33 ℹ️ Information transmission packet
2026/05/25 14:24:33 Connection error: EOF
2026/05/25 14:24:35 Received: A9ADECAC2DD7B2EDF64811F9518AB2081DFC414EA7424BE559EC9A922517F3C54F786F2AF87FC48D
2026/05/25 14:24:35 serial 168
2026/05/25 14:24:35 Processing protocol: 0x22 
2026/05/25 14:24:35 ✅ Location - IMEI: 867440069564323, Lat: 22.581883, Lon: 88.307117, Speed: 43, Course: 1784, Serial: 168
2026/05/25 14:24:37 Client connected: 223.190.233.25:55715
2026/05/25 14:24:37 Received: 3F3B7685AB4C8766BA81A6F7EDB4100AD5395A11
2026/05/25 14:24:37 serial 169
2026/05/25 14:24:37 Processing protocol: 0x01 
2026/05/25 14:24:37 ✅ Login packet - IMEI: 867440069564323, Serial: 169
2026/05/25 14:24:37 Sent response: CA23422DAAD3E26F9A1D
2026/05/25 14:24:39 Received: 4435E63A2EE077243336DA689722B2F3732543352C1F8FBC93CC637CE64FC35584D4C0
2026/05/25 14:24:39 serial 170
2026/05/25 14:24:39 Processing protocol: 0x26 
2026/05/25 14:24:39 ⚠️ Unknown protocol: 0x26
2026/05/25 14:24:41 Received: D27112A579F0998F4C5BEDDB382477C3
2026/05/25 14:24:41 serial 171
2026/05/25 14:24:41 Processing protocol: 0x13 
2026/05/25 14:24:41 ✅ Heartbeat - IMEI: 867440069564330, Battery: 4, GSM: 3, TermInfo: 010197C8, Serial: 171
2026/05/25 14:24:41 Sent response: C8F4593F3CA922A3A489
2026/05/25 14:24:41 Connection error: EOF
2026/05/25 14:24:43 Received: E929BFC718C20A754EE154BD4E5C58B57C6DD07C8FF6B7CD5116315061BE668FF5325A
2026/05/25 14:24:43 serial 172
2026/05/25 14:24:43 Processing protocol: 0x26 
2026/05/25 14:24:43 ⚠️ Unknown protocol: 0x26
2026/05/25 14:24:45 Received: 2FDA7EAA1DF7A19B39F64F4DF49D25A6748A2F84E83BC0C69232511FC570CB23D0463E78DA71C95F
2026/05/25 14:24:45 serial 173
2026/05/25 14:24:45 Processing protocol: 0x22 
2026/05/25 14:24:45 ✅ Location - IMEI: 867440069564324, Lat: 22.567275, Lon: 88.322038, Speed: 46, Course: 2409, Serial: 173
2026/05/25 14:24:47 Received: 13791E06998F182D7203088B915AC8DD6DE50598F40DC88804841EB3ED685C4B2EABBA99375ED6FA
2026/05/25 14:24:47 serial 174
2026/05/25 14:24:47 Processing protocol: 0x22 
2026/05/25 14:24:47 ✅ Location - IMEI: 867440069564329, Lat: 22.624188, Lon: 88.366131, Speed: 27, Course: 1696, Serial: 174
2026/05/25 14:24:47 Connection error: EOF
2026/05/25 14:24:49 Received: 7CD128D80100073B596F1DD21E59BAE3999DB75A6DB0753740512C8518FCA7D32CB02BFBCB086B26
2026/05/25 14:24:49 serial 175
2026/05/25 14:24:49 Processing protocol: 0x22 
2026/05/25 14:24:49 ✅ Location - IMEI: 867440069564321, Lat: 22.555374, Lon: 88.507937, Speed: 111, Course: 2524, Serial: 175
2026/05/25 14:24:51 Received: 371911D28554AE81ACF6840E
2026/05/25 14:24:51 serial 176
2026/05/25 14:24:51 Processing protocol: 0x94 
2026/05/25 14:24:51 ℹ️ Information transmission packet
2026/05/25 14:24:53 Server listening on :5023
2026/05/25 14:24:53 Connection error: EOF
2026/05/25 14:24:55 Server listening on :5023
2026/05/25 14:24:57 Received: BD903C7371DFF60BB2E58B7AB3E982E5
2026/05/25 14:24:57 serial 177
2026/05/25 14:24:57 Processing protocol: 0x13 
2026/05/25 14:24:57 ✅ Heartbeat - IMEI: 867440069564329, Battery: 6, GSM: 3, TermInfo: 3E415DDA, Serial: 177
2026/05/25 14:24:57 Sent response: 3F6061676AEFDB7D81A7
2026/05/25 14:24:59 Server listening on :5023
2026/05/25 14:25:01 Server listening on :5023
2026/05/25 14:25:03 Received: 75B3C91E320766A76EE10E27
2026/05/25 14:25:03 serial 178
2026/05/25 14:25:03 Processing protocol: 0x94 
2026/05/25 14:25:03 ℹ️ Information transmission packet
2026/05/25 14:25:05 Received: F1EECF0A70E9B6A7DA3BF9463BEAB5791EDB3D4C56DFBF9433BAB0F854DDC90E7BAC46
2026/05/25 14:25:05 serial 179
2026/05/25 14:25:05 Processing protocol: 0x26 
2026/05/25 14:25:05 ⚠️ Unknown protocol: 0x26
2026/05/25 14:25:05 Connection error: EOF
2026/05/25 14:25:07 Server listening on :5023
2026/05/25 14:25:09 Received: 2BDA012BE993054690E7920F
2026/05/25 14:25:09 serial 180
2026/05/25 14:25:09 Processing protocol: 0x94 
2026/05/25 14:25:09 ℹ️ Information transmission packet
2026/05/25 14:25:11 Received: 75914562B9550D1F03D2473316BA8F25C7DD466E03681627F3E8F57EE508D41937D14C93D78D0F16
2026/05/25 14:25:11 serial 181
2026/05/25 14:25:11 Processing protocol: 0x22 
2026/05/25 14:25:11 ✅ Location - IMEI: 867440069564324, Lat: 22.592436, Lon: 88.348784, Speed: 59, Course: 5000, Serial: 181
2026/05/25 14:25:13 Server listening on :5023
2026/05/25 14:25:15 Received: 04335BF321B41A083637D60FCE97E6CA
2026/05/25 14:25:15 serial 182
2026/05/25 14:25:15 Processing protocol: 0x13 
2026/05/25 14:25:15 ✅ Heartbeat - IMEI: 867440069564322, Battery: 2, GSM: 2, TermInfo: 4EF54A3B, Serial: 182
2026/05/25 14:25:15 Sent response: F4737BF97A594B099093
2026/05/25 14:25:17 Received: E0DBBFBCF6BACD4BEA9E17DA64E6942A
2026/05/25 14:25:17 serial 183
2026/05/25 14:25:17 Processing protocol: 0x13 
2026/05/25 14:25:17 ✅ Heartbeat - IMEI: 867440069564328, Battery: 6, GSM: 3, TermInfo: 2F196462, Serial: 183
2026/05/25 14:25:17 Sent response: E358D9E13F8F7CABC2F5
2026/05/25 14:25:19 Received: 64F48085C20F3952CD578A39301FD927
2026/05/25 14:25:19 serial 184
2026/05/25 14:25:19 Processing protocol: 0x13 
2026/05/25 14:25:19 ✅ Heartbeat - IMEI: 867440069564323, Battery: 6, GSM: 5, TermInfo: EC6143ED, Serial: 184
2026/05/25 14:25:19 Sent response: 14CC0340E58803B3C77B
2026/05/25 14:25:21 Received: 891CDEA732047698F728852914E5B054
2026/05/25 14:25:21 serial 185
2026/05/25 14:25:21 Processing protocol: 0x13 
2026/05/25 14:25:21 ✅ Heartbeat - IMEI: 867440069564322, Battery: 1, GSM: 4, TermInfo: 83E289B4, Serial: 185
2026/05/25 14:25:21 Sent response: A96AF2E4FBE0CDDA3D96
2026/05/25 14:25:23 Received: A51C08C47BCC7154ECCE22560253DAB81B21841020D6D8F5594370D42C5553159C3D84
2026/05/25 14:25:23 serial 186
2026/05/25 14:25:23 Processing protocol: 0x26 
2026/05/25 14:25:23 ⚠️ Unknown protocol: 0x26
2026/05/25 14:25:25 Received: FB248EE1C3989A67BBB90761776EB9D1E974D2F1574237BAB86D72886C6B26AAF3E1DA
2026/05/25 14:25:25 serial 187
2026/05/25 14:25:25 Processing protocol: 0x26 
2026/05/25 14:25:25 ⚠️ Unknown protocol: 0x26
2026/05/25 14:25:27 Client connected: 121.236.207.146:40368
2026/05/25 14:25:27 Received: 299C6EF154670A201CA9630E663B048DFB8565AC
2026/05/25 14:25:27 serial 188
2026/05/25 14:25:27 Processing protocol: 0x01 
2026/05/25 14:25:27 ✅ Login packet - IMEI: 867440069564328, Serial: 188
2026/05/25 14:25:27 Sent response: DB4C8459A2DC72999D49
2026/05/25 14:25:29 Received: C5A6B5A41CD841E5FB9CCA78
2026/05/25 14:25:29 serial 189
2026/05/25 14:25:29 Processing protocol: 0x94 
2026/05/25 14:25:29 ℹ️ Information transmission packet
2026/05/25 14:25:29 Connection error: EOF
2026/05/25 14:25:31 Received: A9027C0A18FE90F8AFDD90D2
2026/05/25 14:25:31 serial 190
2026/05/25 14:25:31 Processing protocol: 0x94 
2026/05/25 14:25:31 ℹ️ Information transmission packet
2026/05/25 14:25:31 Connection error: EOF
2026/05/25 14:25:33 Received: AA3C894A8B959A43CB083CEABBB47E40
2026/05/25 14:25:33 serial 191
2026/05/25 14:25:33 Processing protocol: 0x13 
2026/05/25 14:25:33 ✅ Heartbeat - IMEI: 867440069564327, Battery: 1, GSM: 1, TermInfo: C159AF95, Serial: 191
2026/05/25 14:25:33 Sent response: 9C5B23BA62CE72D50B31
2026/05/25 14:25:35 Received: 7CFC1008259CFF4CF1C881FD
2026/05/25 14:25:35 serial 192
2026/05/25 14:25:35 Processing protocol: 0x94 
2026/05/25 14:25:35 ℹ️ Information transmission packet
2026/05/25 14:25:37 Received: 72F48EB11246D45054605D42DB6DC94D
2026/05/25 14:25:37 serial 193
2026/05/25 14:25:37 Processing protocol: 0x13 
2026/05/25 14:25:37 ✅ Heartbeat - IMEI: 867440069564325, Battery: 5, GSM: 1, TermInfo: B4B1536D, Serial: 193
2026/05/25 14:25:37 Sent response: 87D959394A75C60CAFA9
2026/05/25 14:25:39 Received: 39F328266C868F6DC14DB681B3B2C5FED4B707A98488911DF8CBDC99EF1F8300D3C505
2026/05/25 14:25:39 serial 194
2026/05/25 14:25:39 Processing protocol: 0x26 
2026/05/25 14:25:39 ⚠️ Unknown protocol: 0x26
2026/05/25 14:25:41 Client connected: 21.199.220.15:15242
2026/05/25 14:25:41 Received: AD9B3B3432F163FD788FF4CEC34E93E2A7944CA0
2026/05/25 14:25:41 serial 195
2026/05/25 14:25:41 Processing protocol: 0x01 
2026/05/25 14:25:41 ✅ Login packet - IMEI: 867440069564325, Serial: 195
2026/05/25 14:25:41 Sent response: 1D439CDADE45FA970552
2026/05/25 14:25:43 Received: 069A6A2F179A48B0A5751E54FFEA962402851F0EF4E5FF05BBC3A11CF1C13C99570C48
2026/05/25 14:25:43 serial 196
2026/05/25 14:25:43 Processing protocol: 0x26 
2026/05/25 14:25:43 ⚠️ Unknown protocol: 0x26
2026/05/25 14:25:45 Received: 6B69EF044E7B839D6B12F2E9803202EC4FB0AAB437C0F96E4DB6B686A67473F1D2F6FB528929F8FF
2026/05/25 14:25:45 serial 197
2026/05/25 14:25:45 Processing protocol: 0x22 
2026/05/25 14:25:45 ✅ Location - IMEI: 867440069564324, Lat: 22.522773, Lon: 88.321560, Speed: 40, Course: 2220, Serial: 197
2026/05/25 14:25:47 Client connected: 196.148.205.210:18455
2026/05/25 14:25:47 Received: A72F6DE5EF520CDAAD6CCDD0B606D932A876DB1E
2026/05/25 14:25:47 serial 198
2026/05/25 14:25:47 Processing protocol: 0x01 
2026/05/25 14:25:47 ✅ Login packet - IMEI: 867440069564322, Serial: 198
2026/05/25 14:25:47 Sent response: D9BB5A0102E238B744EE
2026/05/25 14:25:49 Received: AC77B1EAD4DF702F1FACBD2D49E83AFDAB8FE1DEC98C57C8A60D2460F74F2D36012BD00E21A704FF
2026/05/25 14:25:49 serial 199
2026/05/25 14:25:49 Processing protocol: 0x22 
2026/05/25 14:25:49 ✅ Location - IMEI: 867440069564323, Lat: 22.506941, Lon: 88.382483, Speed: 79, Course: 1683, Serial: 199
2026/05/25 14:25:51 Client connected: 97.175.65.129:16622
2026/05/25 14:25:51 Received: 327D7C886E901F09971071EFB2D5821B5A9D4604
2026/05/25 14:25:51 serial 200
2026/05/25 14:25:51 Processing protocol: 0x01 
2026/05/25 14:25:51 ✅ Login packet - IMEI: 867440069564321, Serial: 200
2026/05/25 14:25:51 Sent response: 14DF3E2952FEAFE3308D
2026/05/25 14:25:53 Received: 372F1123BF219C0C7A85A1938322CF8BB7D4A13EE2D3BB8AE8213203690AFAEFBE2461
2026/05/25 14:25:53 serial 201
2026/05/25 14:25:53 Processing protocol: 0x26 
2026/05/25 14:25:53 ⚠️ Unknown protocol: 0x26
2026/05/25 14:25:55 Client connected: 123.119.248.139:31494
2026/05/25 14:25:55 Received: C5FF9DC576C2ED21C9C12A631A3F760C275A95CB
2026/05/25 14:25:55 serial 202
2026/05/25 14:25:55 Processing protocol: 0x01 
2026/05/25 14:25:55 ✅ Login packet - IMEI: 867440069564323, Serial: 202
2026/05/25 14:25:55 Sent response: 3E0BB3FA313CDA88E412
2026/05/25 14:25:57 Received: 562FE70D6D2FD336B4476EF124FC9EC45862C549CEC67D2159C1ED181B6AD773E8947275AB130D48
2026/05/25 14:25:57 serial 203
2026/05/25 14:25:57 Processing protocol: 0x22 
2026/05/25 14:25:57 ✅ Location - IMEI: 867440069564323, Lat: 22.631465, Lon: 88.487550, Speed: 43, Course: 4188, Serial: 203
2026/05/25 14:25:59 Received: 508F81340395FD041513A115
2026/05/25 14:25:59 serial 204
2026/05/25 14:25:59 Processing protocol: 0x94 
2026/05/25 14:25:59 ℹ️ Information transmission packet
2026/05/25 14:26:01 Received: 2D8E5BEF0F701065170BD298DD086BF8C3A22D4AD05EB13B66A720E6AF01EAE70CA2282051FD5910
2026/05/25 14:26:01 serial 205
2026/05/25 14:26:01 Processing protocol: 0x22 
2026/05/25 14:26:01 ✅ Location - IMEI: 867440069564324, Lat: 22.548484, Lon: 88.479940, Speed: 79, Course: 2158, Serial: 205
2026/05/25 14:26:03 Server listening on :5023
2026/05/25 14:26:05 Received: 35A1B84844D46268354309D9C04BEB67EF4CF1E203558CAA8C1E5F5D291E74D4F0BE29
2026/05/25 14:26:05 serial 206
2026/05/25 14:26:05 Processing protocol: 0x26 
2026/05/25 14:26:05 ⚠️ Unknown protocol: 0x26
2026/05/25 14:26:05 Connection error: EOF
2026/05/25 14:26:07 Received: 71A1A5134AED9C97C03BE6793FBF7AB7A11EFA03B603F4D254BE2E81C0F5CE85C86D4B
2026/05/25 14:26:07 serial 207
2026/05/25 14:26:07 Processing protocol: 0x26 
2026/05/25 14:26:07 ⚠️ Unknown protocol: 0x26
2026/05/25 14:26:09 Received: 4DE965F734ABC82691444B5F548DE6E00BD92931BC421DD43B927F2132C2AA96EDB157940CC8B04F
2026/05/25 14:26:09 serial 208
2026/05/25 14:26:09 Processing protocol: 0x22 
2026/05/25 14:26:09 ✅ Location - IMEI: 867440069564330, Lat: 22.684059, Lon: 88.586188, Speed: 118, Course: 1969, Serial: 208
2026/05/25 14:26:11 Client connected: 99.236.180.64:49316
2026/05/25 14:26:11 Received: 85869667FFCD7A3388888941C5AA683E309522CD
2026/05/25 14:26:11 serial 209
2026/05/25 14:26:11 Processing protocol: 0x01 
2026/05/25 14:26:11 ✅ Login packet - IMEI: 867440069564330, Serial: 209
2026/05/25 14:26:11 Sent response: 40DDD109619D906EB8BF
2026/05/25 14:26:13 Received: 4CA7BEA42636E3DA046A51C03D5159E6
2026/05/25 14:26:13 serial 210
2026/05/25 14:26:13 Processing protocol: 0x13 
2026/05/25 14:26:13 ✅ Heartbeat - IMEI: 867440069564330, Battery: 1, GSM: 1, TermInfo: 4ABE6CEB, Serial: 210
2026/05/25 14:26:13 Sent response: 4D50C5151C065DF57072
2026/05/25 14:26:15 Received: D1376514C13AB614B724E8C3C9BBCA3D685B0875893AFDFEE5CFBCD75FF764F9145B5DEECF553BD3
2026/05/25 14:26:15 serial 211
2026/05/25 14:26:15 Processing protocol: 0x22 
2026/05/25 14:26:15 ✅ Location - IMEI: 867440069564325, Lat: 22.650569, Lon: 88.342528, Speed: 69, Course: 2795, Serial: 211
2026/05/25 14:26:17 Server listening on :5023
2026/05/25 14:26:19 Server listening on :5023
2026/05/25 14:26:21 Client connected: 20.40.210.210:14262
2026/05/25 14:26:21 Received: 80421570CE424BDB6DE6CEE0D6983224BC4BD604
2026/05/25 14:26:21 serial 212
2026/05/25 14:26:21 Processing protocol: 0x01 
2026/05/25 14:26:21 ✅ Login packet - IMEI: 867440069564330, Serial: 212
2026/05/25 14:26:21 Sent response: 4E21BFD012C36D3741D8
2026/05/25 14:26:23 Received: CAF20C6B18CDB507136D7B98
2026/05/25 14:26:23 serial 213
2026/05/25 14:26:23 Processing protocol: 0x94 
2026/05/25 14:26:23 ℹ️ Information transmission packet
2026/05/25 14:26:25 Received: EBD298E3793EF9131188856276F82514
2026/05/25 14:26:25 serial 214
2026/05/25 14:26:25 Processing protocol: 0x13 
2026/05/25 14:26:25 ✅ Heartbeat - IMEI: 867440069564323, Battery: 3, GSM: 3, TermInfo: 7A44EE9D, Serial: 214
2026/05/25 14:26:25 Sent response: E4AD5E026C3324E620E9
2026/05/25 14:26:27 Received: 5AE5F353BC1B0DD27B8A374678ED5DE4
2026/05/25 14:26:27 serial 215
2026/05/25 14:26:27 Processing protocol: 0x13 
2026/05/25 14:26:27 ✅ Heartbeat - IMEI: 867440069564329, Battery: 2, GSM: 4, TermInfo: 11EA53CF, Serial: 215
2026/05/25 14:26:27 Sent response: 49116D0E66E273466FFA
2026/05/25 14:26:29 Received: 5E42365F65F77B736C58FAC55E1E5ABE
2026/05/25 14:26:29 serial 216
2026/05/25 14:26:29 Processing protocol: 0x13 
2026/05/25 14:26:29 ✅ Heartbeat - IMEI: 867440069564324, Battery: 5, GSM: 1, TermInfo: 126A62B3, Serial: 216
2026/05/25 14:26:29 Sent response: A4EC37E1E9021316E25C
2026/05/25 14:26:31 Received: 836F81F2150855753D5E59D264394021B36419A32EBA35652085C30ABE1D5FD2763DC095D00C089D
2026/05/25 14:26:31 serial 217
2026/05/25 14:26:31 Processing protocol: 0x22 
2026/05/25 14:26:31 ✅ Location - IMEI: 867440069564325, Lat: 22.556422, Lon: 88.542361, Speed: 32, Course: 4657, Serial: 217
2026/05/25 14:26:31 Connection error: EOF
2026/05/25 14:26:33 Server listening on :5023
2026/05/25 14:26:33 Connection error: EOF
2026/05/25 14:26:35 Client connected: 194.4.165.52:15231
2026/05/25 14:26:35 Received: 4803836DBADFE1A7DA87F970717406AA6AA1996A
2026/05/25 14:26:35 serial 218
2026/05/25 14:26:35 Processing protocol: 0x01 
2026/05/25 14:26:35 ✅ Login packet - IMEI: 867440069564328, Serial: 218
2026/05/25 14:26:35 Sent response: B278ACB675DDAB7A6F11
2026/05/25 14:26:37 Received: A6991EAC07C8753321AA9891
2026/05/25 14:26:37 serial 219
2026/05/25 14:26:37 Processing protocol: 0x94 
2026/05/25 14:26:37 ℹ️ Information transmission packet
2026/05/25 14:26:39 Client connected: 114.142.82.241:34527
2026/05/25 14:26:39 Received: 97C531BF14D3C80961E25E2C54E0CB719D8B5749
2026/05/25 14:26:39 serial 220
2026/05/25 14:26:39 Processing protocol: 0x01 
2026/05/25 14:26:39 ✅ Login packet - IMEI: 867440069564327, Serial: 220
2026/05/25 14:26:39 Sent response: 290E5A4B40D4705739F0
2026/05/25 14:26:41 Received: 19911CF0AAB9489723467825EE9A68EE
2026/05/25 14:26:41 serial 221
2026/05/25 14:26:41 Processing protocol: 0x13 
2026/05/25 14:26:41 ✅ Heartbeat - IMEI: 867440069564322, Battery: 5, GSM: 1, TermInfo: AF5037E7, Serial: 221
2026/05/25 14:26:41 Sent response: 4747F36FAC412E5C47C0
2026/05/25 14:26:43 Client connected: 218.14.11.85:24041
2026/05/25 14:26:43 Received: FF9128EDEE73FF8964FC4DABFD61E1F9AC73E9C1
2026/05/25 14:26:43 serial 222
2026/05/25 14:26:43 Processing protocol: 0x01 
2026/05/25 14:26:43 ✅ Login packet - IMEI: 867440069564323, Serial: 222
2026/05/25 14:26:43 Sent response: 163757A6ED302C3BDB5A
2026/05/25 14:26:45 Client connected: 39.1.1.56:31833
2026/05/25 14:26:45 Received: 99B49B6A737EE43D39C1BC9F0E9B7AE4CAA18913
2026/05/25 14:26:45 serial 223
2026/05/25 14:26:45 Processing protocol: 0x01 
2026/05/25 14:26:45 ✅ Login packet - IMEI: 867440069564330, Serial: 223
2026/05/25 14:26:45 Sent response: 3929189C7A6952C0A19D
2026/05/25 14:26:47 Server listening on :5023
2026/05/25 14:26:49 Received: A8388DEA4275907B0E0366D5
2026/05/25 14:26:49 serial 224
2026/05/25 14:26:49 Processing protocol: 0x94 
2026/05/25 14:26:49 ℹ️ Information transmission packet
2026/05/25 14:26:51 Received: F1B6FC4ADC4B73DC966CF09585F3B76E4A75262472DD23BA00E4E581825602AB7AAA69
2026/05/25 14:26:51 serial 225
2026/05/25 14:26:51 Processing protocol: 0x26 
2026/05/25 14:26:51 ⚠️ Unknown protocol: 0x26
2026/05/25 14:26:53 Received: 7695FB853A596BABD8CC527AED1F696C
2026/05/25 14:26:53 serial 226
2026/05/25 14:26:53 Processing protocol: 0x13 
2026/05/25 14:26:53 ✅ Heartbeat - IMEI: 867440069564328, Battery: 2, GSM: 1, TermInfo: 55C88850, Serial: 226
2026/05/25 14:26:53 Sent response: E2AD20B5235C4902285D
2026/05/25 14:26:55 Received: 8B223E2170151DB0F1584524CA6657E6D1446785CDD71B892DF45E7BE7C9C6A50FB84FCF11D92254
2026/05/25 14:26:55 serial 227
2026/05/25 14:26:55 Processing protocol: 0x22 
2026/05/25 14:26:55 ✅ Location - IMEI: 867440069564326, Lat: 22.699772, Lon: 88.328741, Speed: 20, Course: 1681, Serial: 227
2026/05/25 14:26:57 Received: 00B8BD517F66EDE948190AB8A843204DFCB3DCEF7CC68BA5CFDB004554AFA89E35D8BA
2026/05/25 14:26:57 serial 228
2026/05/25 14:26:57 Processing protocol: 0x26 
2026/05/25 14:26:57 ⚠️ Unknown protocol: 0x26
2026/05/25 14:26:59 Client connected: 70.154.112.29:23950
2026/05/25 14:26:59 Received: 733A08741B38E486A66F5161262F87D28D9019BC
2026/05/25 14:26:59 serial 229
2026/05/25 14:26:59 Processing protocol: 0x01 
2026/05/25 14:26:59 ✅ Login packet - IMEI: 867440069564329, Serial: 229
2026/05/25 14:26:59 Sent response: 439AFCF2E0F9C94CCD9E
2026/05/25 14:27:01 Client connected: 239.77.41.152:43244
2026/05/25 14:27:01 Received: B8FBC044AFA21F91E5D635739CE4EED258D89DC7
2026/05/25 14:27:01 serial 230
2026/05/25 14:27:01 Processing protocol: 0x01 
2026/05/25 14:27:01 ✅ Login packet - IMEI: 867440069564326, Serial: 230
2026/05/25 14:27:01 Sent response: D10E40D686B4717214FA
2026/05/25 14:27:03 Received: C6F50E99A9E530794B3D2147E0354936
2026/05/25 14:27:03 serial 231
2026/05/25 14:27:03 Processing protocol: 0x13 
2026/05/25 14:27:03 ✅ Heartbeat - IMEI: 867440069564323, Battery: 2, GSM: 2, TermInfo: 673A89C5, Serial: 231
2026/05/25 14:27:03 Sent response: A21EE5DA1138F09A852D
2026/05/25 14:27:05 Client connected: 26.22.58.60:33256
2026/05/25 14:27:05 Received: 0466A83FB44945A0C6DA1CFBBC07AF532E7E5C5A
2026/05/25 14:27:05 serial 232
2026/05/25 14:27:05 Processing protocol: 0x01 
2026/05/25 14:27:05 ✅ Login packet - IMEI: 867440069564326, Serial: 232
2026/05/25 14:27:05 Sent response: 4D9C49FB77647223E3B0
2026/05/25 14:27:07 Client connected: 99.49.163.196:21998
2026/05/25 14:27:07 Received: 09E4815FCC2E2641D7A94DE1588F0B39FA04CB92
2026/05/25 14:27:07 serial 233
2026/05/25 14:27:07 Processing protocol: 0x01 
2026/05/25 14:27:07 ✅ Login packet - IMEI: 867440069564326, Serial: 233
2026/05/25 14:27:07 Sent response: 8B1894DC424F415C09D6
2026/05/25 14:27:07 Connection error: EOF
2026/05/25 14:27:09 Received: 10B1A418254A0FDF15FAAD51EACBC4A8
2026/05/25 14:27:09 serial 234
2026/05/25 14:27:09 Processing protocol: 0x13 
2026/05/25 14:27:09 ✅ Heartbeat - IMEI: 867440069564321, Battery: 5, GSM: 4, TermInfo: 3C63D807, Serial: 234
2026/05/25 14:27:09 Sent response: 29E31074D7A4E429EC67
2026/05/25 14:27:11 Server listening on :5023
2026/05/25 14:27:11 Connection error: EOF
2026/05/25 14:27:13 Received: 59BB34D6E7F88B52909B5D4DAE69D571
2026/05/25 14:27:13 serial 235
2026/05/25 14:27:13 Processing protocol: 0x13 
2026/05/25 14:27:13 ✅ Heartbeat - IMEI: 867440069564330, Battery: 4, GSM: 5, TermInfo: 24E90D09, Serial: 235
2026/05/25 14:27:13 Sent response: 725D5C42A336CF04A4D1
2026/05/25 14:27:15 Server listening on :5023
2026/05/25 14:27:17 Received: 93B1A0A8A112AC23469CBF92477C131559E4BFAF11ACA279D2AEFA0916C07E889297C3
2026/05/25 14:27:17 serial 236
2026/05/25 14:27:17 Processing protocol: 0x26 
2026/05/25 14:27:17 ⚠️ Unknown protocol: 0x26
2026/05/25 14:27:17 Connection error: EOF
2026/05/25 14:27:19 Client connected: 238.216.249.152:38142
2026/05/25 14:27:19 Received: 68E8F68EF6347C7718A95F0CBBC911A21B79B05B
2026/05/25 14:27:19 serial 237
2026/05/25 14:27:19 Processing protocol: 0x01 
2026/05/25 14:27:19 ✅ Login packet - IMEI: 867440069564329, Serial: 237
2026/05/25 14:27:19 Sent response: AF3185AE6A1C8B9B5186
2026/05/25 14:27:19 Connection error: EOF
2026/05/25 14:27:21 Received: A91256E6F2F0CC266F14DA01
2026/05/25 14:27:21 serial 238
2026/05/25 14:27:21 Processing protocol: 0x94 
2026/05/25 14:27:21 ℹ️ Information transmission packet
2026/05/25 14:27:21 Connection error: EOF
2026/05/25 14:27:23 Received: 63F03F64D2C8F919B0F531B90BA8ED4F
2026/05/25 14:27:23 serial 239
2026/05/25 14:27:23 Processing protocol: 0x13 
2026/05/25 14:27:23 ✅ Heartbeat - IMEI: 867440069564329, Battery: 1, GSM: 5, TermInfo: 2D627177, Serial: 239
2026/05/25 14:27:23 Sent response: A1B770DC80209ABB4339
2026/05/25 14:27:25 Server listening on :5023
2026/05/25 14:27:27 Received: 97E7745FAD44768BAD5272B40F015BC1
2026/05/25 14:27:27 serial 240
2026/05/25 14:27:27 Processing protocol: 0x13 
2026/05/25 14:27:27 ✅ Heartbeat - IMEI: 867440069564325, Battery: 4, GSM: 3, TermInfo: 121C91CF, Serial: 240
2026/05/25 14:27:27 Sent response: 1796825F3C8D656EA755
2026/05/25 14:27:29 Received: FF1F803616C19DABBFFBDF830982D3309FC82AAFA028B753102586052B483491B6F3B6
2026/05/25 14:27:29 serial 241
2026/05/25 14:27:29 Processing protocol: 0x26 
2026/05/25 14:27:29 ⚠️ Unknown protocol: 0x26
2026/05/25 14:27:31 Received: 675DF131DC0674AD6A1914388211932BE0D23E15F2C093C8444FE92D8FA46E45E8FF9B
2026/05/25 14:27:31 serial 242
2026/05/25 14:27:31 Processing protocol: 0x26 
2026/05/25 14:27:31 ⚠️ Unknown protocol: 0x26
2026/05/25 14:27:33 Received: 89F30CCA143EBCF1C3B3EA1C
2026/05/25 14:27:33 serial 243
2026/05/25 14:27:33 Processing protocol: 0x94 
2026/05/25 14:27:33 ℹ️ Information transmission packet
2026/05/25 14:27:33 Connection error: EOF
2026/05/25 14:27:35 Received: 27AE458BBBE93BF2A2E93CCA
2026/05/25 14:27:35 serial 244
2026/05/25 14:27:35 Processing protocol: 0x94 
2026/05/25 14:27:35 ℹ️ Information transmission packet
2026/05/25 14:27:37 Received: F70873A1A2D9FAC59914DDC2117313ACFE29989806BCECA0CFFE0C0C1743835EFEBE21
2026/05/25 14:27:37 serial 245
2026/05/25 14:27:37 Processing protocol: 0x26 
2026/05/25 14:27:37 ⚠️ Unknown protocol: 0x26
2026/05/25 14:27:39 Received: 4BA9677D2B5B746E5B065B788F97BD6143638F8DF54DF472D55FD33EE1AFC217540567855C18C5BA
2026/05/25 14:27:39 serial 246
2026/05/25 14:27:39 Processing protocol: 0x22 
2026/05/25 14:27:39 ✅ Location - IMEI: 867440069564327, Lat: 22.527721, Lon: 88.323421, Speed: 29, Course: 2500, Serial: 246
2026/05/25 14:27:41 Received: 6988146EA31A2BA1DD027B1CE757B1025333529274B26051406498BC1D8B2FE87D9E9823D0A53EA5
2026/05/25 14:27:41 serial 247
2026/05/25 14:27:41 Processing protocol: 0x22 
2026/05/25 14:27:41 ✅ Location - IMEI: 867440069564327, Lat: 22.549617, Lon: 88.508379, Speed: 107, Course: 2547, Serial: 247
2026/05/25 14:27:43 Received: F0E74135AE0FE908094E8C4313B06E42521000A6B1374F72F54ECFB5C6934E77F09C4AB40134F4CB
2026/05/25 14:27:43 serial 248
2026/05/25 14:27:43 Processing protocol: 0x22 
2026/05/25 14:27:43 ✅ Location - IMEI: 867440069564322, Lat: 22.657075, Lon: 88.575140, Speed: 63, Course: 3963, Serial: 248
2026/05/25 14:27:43 Connection error: EOF
2026/05/25 14:27:45 Received: 124A263B5A6F053980453973
2026/05/25 14:27:45 serial 249
2026/05/25 14:27:45 Processing protocol: 0x94 
2026/05/25 14:27:45 ℹ️ Information transmission packet
2026/05/25 14:27:47 Received: F7B59C108AD6A237FEEFF5B0
2026/05/25 14:27:47 serial 250
2026/05/25 14:27:47 Processing protocol: 0x94 
2026/05/25 14:27:47 ℹ️ Information transmission packet
2026/05/25 14:27:49 Received: 88C7D43F96FE4E012FF7B38C5591527C21E36E53EBAC910DE3612DC99FBD13DD91F5A6C5790E4683
2026/05/25 14:27:49 serial 251
2026/05/25 14:27:49 Processing protocol: 0x22 
2026/05/25 14:27:49 ✅ Location - IMEI: 867440069564321, Lat: 22.517673, Lon: 88.421652, Speed: 25, Course: 5640, Serial: 251
2026/05/25 14:27:51 Received: F8F9C86C3922AA151EBEC4CFE3F4F4E94D6758D8C201B94126AF7C66856884E49CBAB9
2026/05/25 14:27:51 serial 252
2026/05/25 14:27:51 Processing protocol: 0x26 
2026/05/25 14:27:51 ⚠️ Unknown protocol: 0x26
2026/05/25 14:27:51 Connection error: EOF
2026/05/25 14:27:53 Server listening on :5023
2026/05/25 14:27:55 Received: 6572FDB5D9358928F0C9BF3BCB4F7A15
2026/05/25 14:27:55 serial 253
2026/05/25 14:27:55 Processing protocol: 0x13 
2026/05/25 14:27:55 ✅ Heartbeat - IMEI: 867440069564322, Battery: 3, GSM: 5, TermInfo: A5BEE410, Serial: 253
2026/05/25 14:27:55 Sent response: 2F251B457ABA11C13EDC
2026/05/25 14:27:57 Received: 427B064E5CA9C73EB56AB9601E9740FBEB947243C2EE282EE7D0698AB710405BAA9610FC179B3682
2026/05/25 14:27:57 serial 254
2026/05/25 14:27:57 Processing protocol: 0x22 
2026/05/25 14:27:57 ✅ Location - IMEI: 867440069564323, Lat: 22.671704, Lon: 88.415314, Speed: 25, Course: 5257, Serial: 254
2026/05/25 14:27:59 Received: 461FD8BFC20D036EE26CA73451B5C7F0
2026/05/25 14:27:59 serial 255
2026/05/25 14:27:59 Processing protocol: 0x13 
2026/05/25 14:27:59 ✅ Heartbeat - IMEI: 867440069564328, Battery: 1, GSM: 4, TermInfo: A4FA3884, Serial: 255
2026/05/25 14:27:59 Sent response: 744B26D702B73347D6A4
2026/05/25 14:28:01 Received: 965F81AB9044EB2CD6C25C7B049B3DDAB5D103A69AAAA2CA6C35DEE0479CDC75AB7442
2026/05/25 14:28:01 serial 256
2026/05/25 14:28:01 Processing protocol: 0x26 
2026/05/25 14:28:01 ⚠️ Unknown protocol: 0x26
2026/05/25 14:28:03 Received: 3F3350586BE95D793507DA90793B4F2C
2026/05/25 14:28:03 serial 257
2026/05/25 14:28:03 Processing protocol: 0x13 
2026/05/25 14:28:03 ✅ Heartbeat - IMEI: 867440069564326, Battery: 5, GSM: 3, TermInfo: EA5CDE79, Serial: 257
2026/05/25 14:28:03 Sent response: 39309BCC6B6284DCF58C
2026/05/25 14:28:05 Received: FE76C9540E23BD8CC7BAA041
2026/05/25 14:28:05 serial 258
2026/05/25 14:28:05 Processing protocol: 0x94 
2026/05/25 14:28:05 ℹ️ Information transmission packet
2026/05/25 14:28:07 Received: 30C6F62C342563ED53C869A020421A02
2026/05/25 14:28:07 serial 259
2026/05/25 14:28:07 Processing protocol: 0x13 
2026/05/25 14:28:07 ✅ Heartbeat - IMEI: 867440069564330, Battery: 3, GSM: 5, TermInfo: D82DF32E, Serial: 259
2026/05/25 14:28:07 Sent response: D760EACCC510C423D7DD
2026/05/25 14:28:09 Received: F6DB62898E46F2C37386EC8ECD224EDA32E473961D3CE3D80E4E8182743F3770A8E8A5
2026/05/25 14:28:09 serial 260
2026/05/25 14:28:09 Processing protocol: 0x26 
2026/05/25 14:28:09 ⚠️ Unknown protocol: 0x26
2026/05/25 14:28:11 Received: 25153A3AED2A5FF763687AC5C7C0D7E9DB1252C557D3B4C9D94D5DFAA65491604537E803E45083BF
2026/05/25 14:28:11 serial 261
2026/05/25 14:28:11 Processing protocol: 0x22 
2026/05/25 14:28:11 ✅ Location - IMEI: 867440069564328, Lat: 22.515425, Lon: 88.500901, Speed: 48, Course: 1504, Serial: 261
2026/05/25 14:28:13 Server listening on :5023
2026/05/25 14:28:15 Server listening on :5023
2026/05/25 14:28:17 Received: 2BF6EC73EC563D2F3F257CF3ED3704718F6D7C8B83D01E1A8CA4D216F98F349D79BA723BD8792BAB
2026/05/25 14:28:17 serial 262
2026/05/25 14:28:17 Processing protocol: 0x22 
2026/05/25 14:28:17 ✅ Location - IMEI: 867440069564328, Lat: 22.553960, Lon: 88.516522, Speed: 118, Course: 4682, Serial: 262
2026/05/25 14:28:17 Connection error: EOF
2026/05/25 14:28:19 Received: C2EA2E31B0EBF570546712D53B70E613ABECCF08A9C3717BF47FC95D8921FE4B85B5BDE104F2D579
2026/05/25 14:28:19 serial 263
2026/05/25 14:28:19 Processing protocol: 0x22 
2026/05/25 14:28:19 ✅ Location - IMEI: 867440069564329, Lat: 22.649883, Lon: 88.341736, Speed: 17, Course: 4374, Serial: 263
2026/05/25 14:28:21 Received: 4E4043D821A4D3D9B94A3E7D43AA6C5F
2026/05/25 14:28:21 serial 264
2026/05/25 14:28:21 Processing protocol: 0x13 
2026/05/25 14:28:21 ✅ Heartbeat - IMEI: 867440069564330, Battery: 5, GSM: 5, TermInfo: 2C8B9522, Serial: 264
2026/05/25 14:28:21 Sent response: E00F22B77CA8E698A0FC
2026/05/25 14:28:23 Received: 5C2048F6E791E71617C7E6133958F560F3BD942042142BEC12DA363739C69287994BA8
2026/05/25 14:28:23 serial 265
2026/05/25 14:28:23 Processing protocol: 0x26 
2026/05/25 14:28:23 ⚠️ Unknown protocol: 0x26
2026/05/25 14:28:25 Client connected: 175.55.220.215:11124
2026/05/25 14:28:25 Received: EF60339D69CFC9E01072E5D17D27CCCDE677A4B9
2026/05/25 14:28:25 serial 266
2026/05/25 14:28:25 Processing protocol: 0x01 
2026/05/25 14:28:25 ✅ Login packet - IMEI: 867440069564325, Serial: 266
2026/05/25 14:28:25 Sent response: 7F333920F2DA90BCF804
2026/05/25 14:28:27 Received: 0F92D7AB44548E1BBD69C6070A25D56CF28624094D0570A12826F3DA0B8E4846DECC63
2026/05/25 14:28:27 serial 267
2026/05/25 14:28:27 Processing protocol: 0x26 
2026/05/25 14:28:27 ⚠️ Unknown protocol: 0x26
2026/05/25 14:28:29 Received: AF28D40548FFD425582E6F11
2026/05/25 14:28:29 serial 268
2026/05/25 14:28:29 Processing protocol: 0x94 
2026/05/25 14:28:29 ℹ️ Information transmission packet
2026/05/25 14:28:31 Received: D9F84C3C1F5E72EF61E208FB
2026/05/25 14:28:31 serial 269
2026/05/25 14:28:31 Processing protocol: 0x94 
2026/05/25 14:28:31 ℹ️ Information transmission packet
2026/05/25 14:28:33 Received: 8865305680909C7FA85F18E3CDA91B82B6B9ED3189C214B6EF7BF088A02A233A5D26A692CEE01D12
2026/05/25 14:28:33 serial 270
2026/05/25 14:28:33 Processing protocol: 0x22 
2026/05/25 14:28:33 ✅ Location - IMEI: 867440069564325, Lat: 22.538308, Lon: 88.569304, Speed: 82, Course: 1542, Serial: 270
2026/05/25 14:28:35 Received: 82A3E077619FA84182B5DE67874ABA3F2571A42DFD0AD0FF2A412F4CDBEE8E3280AEC2
2026/05/25 14:28:35 serial 271
2026/05/25 14:28:35 Processing protocol: 0x26 
2026/05/25 14:28:35 ⚠️ Unknown protocol: 0x26
2026/05/25 14:28:37 Received: C4A7BE48F7B670C703567E02CB0847F1
2026/05/25 14:28:37 serial 272
2026/05/25 14:28:37 Processing protocol: 0x13 
2026/05/25 14:28:37 ✅ Heartbeat - IMEI: 867440069564325, Battery: 1, GSM: 2, TermInfo: 8B845548, Serial: 272
2026/05/25 14:28:37 Sent response: 1277FC5F35184A069A3E
2026/05/25 14:28:39 Received: 6AFDCB090310432CF315F40A
2026/05/25 14:28:39 serial 273
2026/05/25 14:28:39 Processing protocol: 0x94 
2026/05/25 14:28:39 ℹ️ Information transmission packet
2026/05/25 14:28:39 Connection error: EOF
2026/05/25 14:28:41 Received: CBDE3A74241FDF1997168653
2026/05/25 14:28:41 serial 274
2026/05/25 14:28:41 Processing protocol: 0x94 
2026/05/25 14:28:41 ℹ️ Information transmission packet
2026/05/25 14:28:41 Connection error: EOF
2026/05/25 14:28:43 Server listening on :5023
2026/05/25 14:28:43 Connection error: EOF
2026/05/25 14:28:45 Client connected: 27.231.198.241:57555
2026/05/25 14:28:45 Received: C729DC580AD518C2E7FAACE877ACB38D5011B315
2026/05/25 14:28:45 serial 275
2026/05/25 14:28:45 Processing protocol: 0x01 
2026/05/25 14:28:45 ✅ Login packet - IMEI: 867440069564328, Serial: 275
2026/05/25 14:28:45 Sent response: 2E5AD657E22FEF993E3D
2026/05/25 14:28:47 Received: 11344ECAC81691F40DF059B5
2026/05/25 14:28:47 serial 276
2026/05/25 14:28:47 Processing protocol: 0x94 
2026/05/25 14:28:47 ℹ️ Information transmission packet
2026/05/25 14:28:49 Received: D89CC8CE0EF8C195C091887998F7DB13
2026/05/25 14:28:49 serial 277
2026/05/25 14:28:49 Processing protocol: 0x13 
2026/05/25 14:28:49 ✅ Heartbeat - IMEI: 867440069564330, Battery: 5, GSM: 3, TermInfo: CC6CE4B3, Serial: 277
2026/05/25 14:28:49 Sent response: F6BF6A84BFE7442A4691
2026/05/25 14:28:51 Received: 713B3005DA1762057377D7E2D3EA02D26A8C1DD87FA9700F4F03EEBA21464FC6658409EF12F390B6
2026/05/25 14:28:51 serial 278
2026/05/25 14:28:51 Processing protocol: 0x22 
2026/05/25 14:28:51 ✅ Location - IMEI: 867440069564328, Lat: 22.509637, Lon: 88.384514, Speed: 18, Course: 4975, Serial: 278
2026/05/25 14:28:51 Connection error: EOF
2026/05/25 14:28:53 Received: 58B46CEA0F4B544C27E8398C466C52CF
2026/05/25 14:28:53 serial 279
2026/05/25 14:28:53 Processing protocol: 0x13 
2026/05/25 14:28:53 ✅ Heartbeat - IMEI: 867440069564328, Battery: 3, GSM: 4, TermInfo: 276583DA, Serial: 279
2026/05/25 14:28:53 Sent response: 4F5F9DFA4102C0C21AED
2026/05/25 14:28:55 Received: 2C15B440DC182749BA8BF378F919AC2E570CFA206F16081777CF8A52E7471BEDCC9E1464B3C5C12C
2026/05/25 14:28:55 serial 280
2026/05/25 14:28:55 Processing protocol: 0x22 
2026/05/25 14:28:55 ✅ Location - IMEI: 867440069564329, Lat: 22.581914, Lon: 88.568044, Speed: 45, Course: 4141, Serial: 280
2026/05/25 14:28:57 Received: D8EEA9F39D53AC52D99227E66D373048
2026/05/25 14:28:57 serial 281
2026/05/25 14:28:57 Processing protocol: 0x13 
2026/05/25 14:28:57 ✅ Heartbeat - IMEI: 867440069564328, Battery: 5, GSM: 1, TermInfo: BD81FC6A, Serial: 281
2026/05/25 14:28:57 Sent response: C0EDFC8938DA4BCA60D0
2026/05/25 14:28:59 Received: 7384FEA442EF74C417A497D6E8FE6BC62285A1B49C0D3BC1BBED87BD5BD306597B1CB0863C90BE0F
2026/05/25 14:28:59 serial 282
2026/05/25 14:28:59 Processing protocol: 0x22 
2026/05/25 14:28:59 ✅ Location - IMEI: 867440069564328, Lat: 22.670104, Lon: 88.467507, Speed: 1, Course: 3133, Serial: 282
2026/05/25 14:29:01 Received: 290CFEEC2A904DFD8F534CD207C7A97617001C088D4B472D328CBDAFDC10D46717F531BFE30AA316
2026/05/25 14:29:01 serial 283
2026/05/25 14:29:01 Processing protocol: 0x22 
2026/05/25 14:29:01 ✅ Location - IMEI: 867440069564322, Lat: 22.588738, Lon: 88.584908, Speed: 111, Course: 1087, Serial: 283
2026/05/25 14:29:03 Received: 2130092E4DB8B83559A5B350
2026/05/25 14:29:03 serial 284
2026/05/25 14:29:03 Processing protocol: 0x94 
2026/05/25 14:29:03 ℹ️ Information transmission packet
2026/05/25 14:29:03 Connection error: EOF
2026/05/25 14:29:05 Received: C3147326C44247FC5BE9276226988FB9
2026/05/25 14:29:05 serial 285
2026/05/25 14:29:05 Processing protocol: 0x13 
2026/05/25 14:29:05 ✅ Heartbeat - IMEI: 867440069564323, Battery: 6, GSM: 1, TermInfo: 8764E567, Serial: 285
2026/05/25 14:29:05 Sent response: 4D3D262574D8C3CBF97E
2026/05/25 14:29:07 Received: 5CE86C77A98C56F9683800AC89C6BC095C0F87408B13D5A2763838EC7875899FE3ABA152CBF992FA
2026/05/25 14:29:07 serial 286
2026/05/25 14:29:07 Processing protocol: 0x22 
2026/05/25 14:29:07 ✅ Location - IMEI: 867440069564327, Lat: 22.628876, Lon: 88.425347, Speed: 7, Course: 2155, Serial: 286
2026/05/25 14:29:09 Received: 4E28833F270BD1BCF25FAB1F42AD7650AA2119C74DB758A7F5F5218CC7F9E1F980D893
2026/05/25 14:29:09 serial 287
2026/05/25 14:29:09 Processing protocol: 0x26 
2026/05/25 14:29:09 ⚠️ Unknown protocol: 0x26
2026/05/25 14:29:11 Received: 557ABA1E1AE2831D7906518D63D19336D9AE2C4BA4EF4974CE488A7DA71A83E327EE45
2026/05/25 14:29:11 serial 288
2026/05/25 14:29:11 Processing protocol: 0x26 
2026/05/25 14:29:11 ⚠️ Unknown protocol: 0x26
2026/05/25 14:29:13 Received: 12B915C546CB0CFDA0952808F34111D3554E3E28C8E7FE297D5880DECD7411502F5F5E406F2021CF
2026/05/25 14:29:13 serial 289
2026/05/25 14:29:13 Processing protocol: 0x22 
2026/05/25 14:29:13 ✅ Location - IMEI: 867440069564323, Lat: 22.505263, Lon: 88.381378, Speed: 14, Course: 4360, Serial: 289
2026/05/25 14:29:15 Received: B13878E85917C27D886C89F5344FD8F2CD40C651AC7BD11E3252C6FA76D3D3A5D93956
2026/05/25 14:29:15 serial 290
2026/05/25 14:29:15 Processing protocol: 0x26 
2026/05/25 14:29:15 ⚠️ Unknown protocol: 0x26
2026/05/25 14:29:17 Received: 838B1460E050115CB0FB0FCA6CC3D1CE7EF5EE7B4CC6F93DA91594495C4AE384D780BD
2026/05/25 14:29:17 serial 291
2026/05/25 14:29:17 Processing protocol: 0x26 
2026/05/25 14:29:17 ⚠️ Unknown protocol: 0x26
2026/05/25 14:29:19 Received: A454AE4DB37ACB5AC20FFC962477A42DC2487629A2EBC2FD872CAAB9D97039E25B665939F0A6B8D6
2026/05/25 14:29:19 serial 292
2026/05/25 14:29:19 Processing protocol: 0x22 
2026/05/25 14:29:19 ✅ Location - IMEI: 867440069564327, Lat: 22.602874, Lon: 88.417942, Speed: 79, Course: 2465, Serial: 292
2026/05/25 14:29:21 Received: 63298D1E958FA4DDA1387B21
2026/05/25 14:29:21 serial 293
2026/05/25 14:29:21 Processing protocol: 0x94 
2026/05/25 14:29:21 ℹ️ Information transmission packet
2026/05/25 14:29:23 Received: 041A4B33C3134038F69742FBBAA64DC2A63EC36C04F7B97B2A962E115FBF8ACF9FBCF2
2026/05/25 14:29:23 serial 294
2026/05/25 14:29:23 Processing protocol: 0x26 
2026/05/25 14:29:23 ⚠️ Unknown protocol: 0x26
2026/05/25 14:29:25 Received: 29DE3EB998C9DB4A7ECEE7276959B4A3410D8B7A2D5375CB8E9595E3A702056A4F0D70
2026/05/25 14:29:25 serial 295
2026/05/25 14:29:25 Processing protocol: 0x26 
2026/05/25 14:29:25 ⚠️ Unknown protocol: 0x26
2026/05/25 14:29:27 Received: 943855F6DA5C04A7CB4C603E
2026/05/25 14:29:27 serial 296
2026/05/25 14:29:27 Processing protocol: 0x94 
2026/05/25 14:29:27 ℹ️ Information transmission packet
2026/05/25 14:29:29 Received: 50E2D68E88E2F723DDBDC2D1E5EE174A897B6BDB12601900CCE419B45CE9A5F670B456
2026/05/25 14:29:29 serial 297
2026/05/25 14:29:29 Processing protocol: 0x26 
2026/05/25 14:29:29 ⚠️ Unknown protocol: 0x26
2026/05/25 14:29:31 Received: 088E0AA69099026CB10C86A5AC0B7361
2026/05/25 14:29:31 serial 298
2026/05/25 14:29:31 Processing protocol: 0x13 
2026/05/25 14:29:31 ✅ Heartbeat - IMEI: 867440069564328, Battery: 1, GSM: 1, TermInfo: 0FA6D6F0, Serial: 298
2026/05/25 14:29:31 Sent response: 2257FF668991D3920A67
2026/05/25 14:29:33 Received: 66008BB89C3EDA4AB73240C52A54B706
2026/05/25 14:29:33 serial 299
2026/05/25 14:29:33 Processing protocol: 0x13 
2026/05/25 14:29:33 ✅ Heartbeat - IMEI: 867440069564322, Battery: 5, GSM: 1, TermInfo: 3A0CE8D8, Serial: 299
2026/05/25 14:29:33 Sent response: D359F626BA130071182A
2026/05/25 14:29:35 Received: FB64EB8DE7CF84F1D6CCFD0FFE00B6FF
2026/05/25 14:29:35 serial 300
2026/05/25 14:29:35 Processing protocol: 0x13 
2026/05/25 14:29:35 ✅ Heartbeat - IMEI: 867440069564321, Battery: 4, GSM: 1, TermInfo: CA64CDFA, Serial: 300
2026/05/25 14:29:35 Sent response: B97A7AB57210DF139229
2026/05/25 14:29:35 Connection error: EOF
2026/05/25 14:29:37 Server listening on :5023
2026/05/25 14:29:39 Client connected: 196.195.138.150:40630
2026/05/25 14:29:39 Received: 94234A9FF8C2599C2673FAF96E4CA42DE500F494
2026/05/25 14:29:39 serial 301
2026/05/25 14:29:39 Processing protocol: 0x01 
2026/05/25 14:29:39 ✅ Login packet - IMEI: 867440069564321, Serial: 301
2026/05/25 14:29:39 Sent response: D497FC925B175D5B4D1B
2026/05/25 14:29:41 Client connected: 235.46.2.174:47569
2026/05/25 14:29:41 Received: 9D6AD1DB05AF3C7C57782C228AD56F3F7730E1A4
2026/05/25 14:29:41 serial 302
2026/05/25 14:29:41 Processing protocol: 0x01 
2026/05/25 14:29:41 ✅ Login packet - IMEI: 867440069564327, Serial: 302
2026/05/25 14:29:41 Sent response: 4C08C3BBE2587B3D7D64
2026/05/25 14:29:41 Connection error: EOF
2026/05/25 14:29:43 Server listening on :5023
2026/05/25 14:29:45 Server listening on :5023
2026/05/25 14:29:47 Server listening on :5023
2026/05/25 14:29:47 Connection error: EOF
2026/05/25 14:29:49 Received: 487387E1DFF422C31BBB4630329606860C00D678BB28B3CDD13CE19F0A2CB2359C729F
2026/05/25 14:29:49 serial 303
2026/05/25 14:29:49 Processing protocol: 0x26 
2026/05/25 14:29:49 ⚠️ Unknown protocol: 0x26
2026/05/25 14:29:51 Client connected: 114.190.17.41:18716
2026/05/25 14:29:51 Received: B92F075224262A57362182BD35290C60B2F4F0BB
2026/05/25 14:29:51 serial 304
2026/05/25 14:29:51 Processing protocol: 0x01 
2026/05/25 14:29:51 ✅ Login packet - IMEI: 867440069564328, Serial: 304
2026/05/25 14:29:51 Sent response: E0332E7E9D0BA4458EAE
2026/05/25 14:29:51 Connection error: EOF
2026/05/25 14:29:53 Client connected: 224.57.180.107:20323
2026/05/25 14:29:53 Received: AAF540A27F860FC0930860D7AD860C40F29767F3
2026/05/25 14:29:53 serial 305
2026/05/25 14:29:53 Processing protocol: 0x01 
2026/05/25 14:29:53 ✅ Login packet - IMEI: 867440069564329, Serial: 305
2026/05/25 14:29:53 Sent response: 8914EB2FB5BEEAE78125
2026/05/25 15:20:31 Received: 3FDE3CDD3AC65656BC77A096
2026/05/25 15:20:31 serial 100
2026/05/25 15:20:31 Processing protocol: 0x94 
2026/05/25 15:20:31 ℹ️ Information transmission packet
2026/05/25 15:20:31 Connection error: EOF
2026/05/25 15:20:33 Client connected: 228.104.138.101:45273
2026/05/25 15:20:33 Received: 1D9DD331582AC240411B5E9BAD200FB8599C062F
2026/05/25 15:20:33 serial 101
2026/05/25 15:20:33 Processing protocol: 0x01 
2026/05/25 15:20:33 ✅ Login packet - IMEI: 867440069564323, Serial: 101
2026/05/25 15:20:33 Sent response: 3FCF24C8FB565FDC0540
2026/05/25 15:20:35 Received: 3F5B1439A0BEA90AD0C08BB5D7549347989C1147E6BD5CFA1C18502D457878599E7BEB
2026/05/25 15:20:35 serial 102
2026/05/25 15:20:35 Processing protocol: 0x26 
2026/05/25 15:20:35 ⚠️ Unknown protocol: 0x26
2026/05/25 15:20:37 Client connected: 209.143.58.31:33433
2026/05/25 15:20:37 Received: CCBD2BD30EB82A391EF60D7783CA8F9BB80FD429
2026/05/25 15:20:37 serial 103
2026/05/25 15:20:37 Processing protocol: 0x01 
2026/05/25 15:20:37 ✅ Login packet - IMEI: 867440069564329, Serial: 103
2026/05/25 15:20:37 Sent response: 8AB53CC26016805C1A9A
2026/05/25 15:20:39 Received: 2ED7AA07114AE1B1654B3CD1554D9A65
2026/05/25 15:20:39 serial 104
2026/05/25 15:20:39 Processing protocol: 0x13 
2026/05/25 15:20:39 ✅ Heartbeat - IMEI: 867440069564324, Battery: 5, GSM: 1, TermInfo: D26F5CAA, Serial: 104
2026/05/25 15:20:39 Sent response: E24697F69F7351F78D53
2026/05/25 15:20:41 Client connected: 251.254.143.146:49934
2026/05/25 15:20:41 Received: B3EC3D7554AE97FB76D398A925E70F191ABA7EC7
2026/05/25 15:20:41 serial 105
2026/05/25 15:20:41 Processing protocol: 0x01 
2026/05/25 15:20:41 ✅ Login packet - IMEI: 867440069564327, Serial: 105
2026/05/25 15:20:41 Sent response: 91BE4AAF317F31987575
2026/05/25 15:20:43 Received: 203773F338E483E147BFAF73
2026/05/25 15:20:43 serial 106
2026/05/25 15:20:43 Processing protocol: 0x94 
2026/05/25 15:20:43 ℹ️ Information transmission packet
2026/05/25 15:20:45 Received: A116824D4C603254BE8BBD99
2026/05/25 15:20:45 serial 107
2026/05/25 15:20:45 Processing protocol: 0x94 
2026/05/25 15:20:45 ℹ️ Information transmission packet
2026/05/25 15:20:45 Connection error: EOF
2026/05/25 15:20:47 Received: 52E345ABFFDBEF1EC5BE96C4FD360083B42AC6D905804947CB9B0F3F068BB2928C13AB
2026/05/25 15:20:47 serial 108
2026/05/25 15:20:47 Processing protocol: 0x26 
2026/05/25 15:20:47 ⚠️ Unknown protocol: 0x26
2026/05/25 15:20:49 Received: C4B7EF52116F41C429868CB045885A56
2026/05/25 15:20:49 serial 109
2026/05/25 15:20:49 Processing protocol: 0x13 
2026/05/25 15:20:49 ✅ Heartbeat - IMEI: 867440069564326, Battery: 2, GSM: 2, TermInfo: 0F73CBA8, Serial: 109
2026/05/25 15:20:49 Sent response: 41A96E5300ECF22BB4A8
2026/05/25 15:20:51 Received: 238EC6B1D082684732674064
2026/05/25 15:20:51 serial 110
2026/05/25 15:20:51 Processing protocol: 0x94 
2026/05/25 15:20:51 ℹ️ Information transmission packet
2026/05/25 15:20:51 Connection error: EOF
2026/05/25 15:20:53 Client connected: 161.14.61.248:14623
2026/05/25 15:20:53 Received: ACA7EDAEB092727CC9FDB93DA04E2B9B1D3B1F91
2026/05/25 15:20:53 serial 111
2026/05/25 15:20:53 Processing protocol: 0x01 
2026/05/25 15:20:53 ✅ Login packet - IMEI: 867440069564329, Serial: 111
2026/05/25 15:20:53 Sent response: F89626734A762ABD3620
2026/05/25 15:20:55 Received: 9227F01D873D8FCD3D5EF05BAF28B31A968F180ADC2171152116BDF7C9DDB9C31B8979
2026/05/25 15:20:55 serial 112
2026/05/25 15:20:55 Processing protocol: 0x26 
2026/05/25 15:20:55 ⚠️ Unknown protocol: 0x26
2026/05/25 15:20:57 Client connected: 100.138.198.195:18759
2026/05/25 15:20:57 Received: 35FB74D3B44D3A4575E60C571929B428C366CF3A
2026/05/25 15:20:57 serial 113
2026/05/25 15:20:57 Processing protocol: 0x01 
2026/05/25 15:20:57 ✅ Login packet - IMEI: 867440069564322, Serial: 113
2026/05/25 15:20:57 Sent response: F5B6E7D82D43B2AEC939
2026/05/25 15:20:59 Received: C9927E3E9C6B8342B322EF682C704C9B10CFFBC019D48FD39486B78424F7A327456179BB5F80AF83
2026/05/25 15:20:59 serial 114
2026/05/25 15:20:59 Processing protocol: 0x22 
2026/05/25 15:20:59 ✅ Location - IMEI: 867440069564324, Lat: 22.559604, Lon: 88.598437, Speed: 20, Course: 3422, Serial: 114
2026/05/25 15:21:01 Received: 4713D2F67710EBF8ED695DE3
2026/05/25 15:21:01 serial 115
2026/05/25 15:21:01 Processing protocol: 0x94 
2026/05/25 15:21:01 ℹ️ Information transmission packet
2026/05/25 15:21:03 Received: D48CD78028AC18E3CE2C667670D4D4AE5318878DB951DB365907A1FD5123D2897E3DAF5F1A51976C
2026/05/25 15:21:03 serial 116
2026/05/25 15:21:03 Processing protocol: 0x22 
2026/05/25 15:21:03 ✅ Location - IMEI: 867440069564321, Lat: 22.658338, Lon: 88.346493, Speed: 9, Course: 3036, Serial: 116
2026/05/25 15:21:05 Client connected: 66.211.106.177:24130
2026/05/25 15:21:05 Received: F223A01FBBB9A595FF85A10D00D065E8D317770D
2026/05/25 15:21:05 serial 117
2026/05/25 15:21:05 Processing protocol: 0x01 
2026/05/25 15:21:05 ✅ Login packet - IMEI: 867440069564326, Serial: 117
2026/05/25 15:21:05 Sent response: C12F53E805BB1704C5EF
2026/05/25 15:21:07 Server listening on :5023
2026/05/25 15:21:09 Server listening on :5023
2026/05/25 15:21:11 Client connected: 92.196.148.51:12156
2026/05/25 15:21:11 Received: 7E86B7FA1874A77A34C8E42D84432BC4123E0F55
2026/05/25 15:21:11 serial 118
2026/05/25 15:21:11 Processing protocol: 0x01 
2026/05/25 15:21:11 ✅ Login packet - IMEI: 867440069564329, Serial: 118
2026/05/25 15:21:11 Sent response: A75226F97B97C16D3480
2026/05/25 15:21:13 Client connected: 153.9.253.54:47496
2026/05/25 15:21:13 Received: 6A7BFFF15981C4073709DFD99475B4ECBD18C263
2026/05/25 15:21:13 serial 119
2026/05/25 15:21:13 Processing protocol: 0x01 
2026/05/25 15:21:13 ✅ Login packet - IMEI: 867440069564330, Serial: 119
2026/05/25 15:21:13 Sent response: D449F487F727A958F98E
2026/05/25 15:21:13 Connection error: EOF
2026/05/25 15:21:15 Received: AC648F73489CAB6DB39FF7E994612218B5C99AD199DE26F1441E35BA8FB48503865D17
2026/05/25 15:21:15 serial 120
2026/05/25 15:21:15 Processing protocol: 0x26 
2026/05/25 15:21:15 ⚠️ Unknown protocol: 0x26
2026/05/25 15:21:17 Server listening on :5023
2026/05/25 15:21:19 Received: E2D4923F86C687459AC53A292FECBFFBE48F524EAE9C0FD7BA327FBDE897FC75EC63D3
2026/05/25 15:21:19 serial 121
2026/05/25 15:21:19 Processing protocol: 0x26 
2026/05/25 15:21:19 ⚠️ Unknown protocol: 0x26
2026/05/25 15:21:21 Received: 98EF6674266494CED1C2D7C578068CAD5CFC9FF8C0AFE4D46D808F5B25F272FEF016C1
2026/05/25 15:21:21 serial 122
2026/05/25 15:21:21 Processing protocol: 0x26 
2026/05/25 15:21:21 ⚠️ Unknown protocol: 0x26
2026/05/25 15:21:23 Client connected: 109.126.182.213:49893
2026/05/25 15:21:23 Received: 8507A31555717B779AE448C098AC1DF1E85A37C9
2026/05/25 15:21:23 serial 123
2026/05/25 15:21:23 Processing protocol: 0x01 
2026/05/25 15:21:23 ✅ Login packet - IMEI: 867440069564329, Serial: 123
2026/05/25 15:21:23 Sent response: EAB83EAAA2051A690B32
2026/05/25 15:21:25 Received: 19D9BA50191690F406C8F379
2026/05/25 15:21:25 serial 124
2026/05/25 15:21:25 Processing protocol: 0x94 
2026/05/25 15:21:25 ℹ️ Information transmission packet
2026/05/25 15:21:27 Received: E4D64E160164953DB38EA1B778C53257
2026/05/25 15:21:27 serial 125
2026/05/25 15:21:27 Processing protocol: 0x13 
2026/05/25 15:21:27 ✅ Heartbeat - IMEI: 867440069564325, Battery: 4, GSM: 2, TermInfo: B8A4FA83, Serial: 125
2026/05/25 15:21:27 Sent response: 4F429E729AEDEC378370
2026/05/25 15:21:29 Server listening on :5023
2026/05/25 15:21:31 Received: 103320D3DADE35BD17068A4314DC6A36CF94D594FFCC07BB0D45116B58C1994A331199356F7705C3
2026/05/25 15:21:31 serial 126
2026/05/25 15:21:31 Processing protocol: 0x22 
2026/05/25 15:21:31 ✅ Location - IMEI: 867440069564330, Lat: 22.680590, Lon: 88.523772, Speed: 106, Course: 2040, Serial: 126
2026/05/25 15:21:33 Received: 6B75054DBF401E6AE874B9C4
2026/05/25 15:21:33 serial 127
2026/05/25 15:21:33 Processing protocol: 0x94 
2026/05/25 15:21:33 ℹ️ Information transmission packet
2026/05/25 15:21:35 Received: BB11AC6631936666C108A0561B95DB03E0E03D8347E453E082908F0E60095EE95B829C3206B639A1
2026/05/25 15:21:35 serial 128
2026/05/25 15:21:35 Processing protocol: 0x22 
2026/05/25 15:21:35 ✅ Location - IMEI: 867440069564322, Lat: 22.668909, Lon: 88.390688, Speed: 45, Course: 5330, Serial: 128
2026/05/25 15:21:37 Received: 35E23CEFBDAFA9A2EEAF3E04B9D5D00EB63025A3F7E8987AF3A8910F6FEB387C253109FF2E08C86A
2026/05/25 15:21:37 serial 129
2026/05/25 15:21:37 Processing protocol: 0x22 
2026/05/25 15:21:37 ✅ Location - IMEI: 867440069564326, Lat: 22.625641, Lon: 88.307744, Speed: 52, Course: 4589, Serial: 129
2026/05/25 15:21:39 Received: F3BAF8F9DBAB5A5B12B553FDCDF9E850359825181C2667A6EECEF27C2AAF61BEC334B9380B243485
2026/05/25 15:21:39 serial 130
2026/05/25 15:21:39 Processing protocol: 0x22 
2026/05/25 15:21:39 ✅ Location - IMEI: 867440069564329, Lat: 22.520910, Lon: 88.418176, Speed: 52, Course: 1240, Serial: 130
2026/05/25 15:21:41 Received: 727102499E429DB1451969C34EAFE3B838649270B94402D69D198758BAFA518C852B2E62AF2F7C16
2026/05/25 15:21:41 serial 131
2026/05/25 15:21:41 Processing protocol: 0x22 
2026/05/25 15:21:41 ✅ Location - IMEI: 867440069564329, Lat: 22.646833, Lon: 88.540821, Speed: 87, Course: 5728, Serial: 131
2026/05/25 15:21:43 Received: E1B8CF9F4FE24D4EFE58773CC27D1AE604C890EE8EAD350A124ABE6A3C8F3230380A130E02183A10
2026/05/25 15:21:43 serial 132
2026/05/25 15:21:43 Processing protocol: 0x22 
2026/05/25 15:21:43 ✅ Location - IMEI: 867440069564329, Lat: 22.659280, Lon: 88.400710, Speed: 0, Course: 5704, Serial: 132
2026/05/25 15:21:45 Received: 93EF6BE0B3E0058310B91305BE7826369A6E715AC85D2099FB42B2764C44C344DAF96BCC673FCA70
2026/05/25 15:21:45 serial 133
2026/05/25 15:21:45 Processing protocol: 0x22 
2026/05/25 15:21:45 ✅ Location - IMEI: 867440069564329, Lat: 22.697389, Lon: 88.557479, Speed: 59, Course: 4666, Serial: 133
2026/05/25 15:21:47 Received: BA73800C78E6F08F750638C3
2026/05/25 15:21:47 serial 134
2026/05/25 15:21:47 Processing protocol: 0x94 
2026/05/25 15:21:47 ℹ️ Information transmission packet
2026/05/25 15:21:49 Received: 737ED1F6D7C7883BFD43F084
2026/05/25 15:21:49 serial 135
2026/05/25 15:21:49 Processing protocol: 0x94 
2026/05/25 15:21:49 ℹ️ Information transmission packet
2026/05/25 15:21:51 Received: 9054482FC6BCD11B8C79A074ADAD048A
2026/05/25 15:21:51 serial 136
2026/05/25 15:21:51 Processing protocol: 0x13 
2026/05/25 15:21:51 ✅ Heartbeat - IMEI: 867440069564328, Battery: 2, GSM: 1, TermInfo: 7E399935, Serial: 136
2026/05/25 15:21:51 Sent response: 42A006033BB2AB42BFCA
2026/05/25 15:21:53 Received: 450C1B6DA15C12AF069FF961
2026/05/25 15:21:53 serial 137
2026/05/25 15:21:53 Processing protocol: 0x94 
2026/05/25 15:21:53 ℹ️ Information transmission packet
2026/05/25 15:21:55 Received: FB749C437B921A7C5339DB7BE19F902F
2026/05/25 15:21:55 serial 138
2026/05/25 15:21:55 Processing protocol: 0x13 
2026/05/25 15:21:55 ✅ Heartbeat - IMEI: 867440069564325, Battery: 5, GSM: 4, TermInfo: 6590E5ED, Serial: 138
2026/05/25 15:21:55 Sent response: CDB977C95918D211E2EB
2026/05/25 15:21:57 Received: AF4B39F1B2273C185DE4D8A7
2026/05/25 15:21:57 serial 139
2026/05/25 15:21:57 Processing protocol: 0x94 
2026/05/25 15:21:57 ℹ️ Information transmission packet
2026/05/25 15:21:57 Connection error: EOF
2026/05/25 15:21:59 Server listening on :5023
2026/05/25 15:22:01 Received: F5D1DC070090AD15C447A1986107A88AA7CA3C679EE7AFA6EF16957EE6F467FE38883D
2026/05/25 15:22:01 serial 140
2026/05/25 15:22:01 Processing protocol: 0x26 
2026/05/25 15:22:01 ⚠️ Unknown protocol: 0x26
2026/05/25 15:22:03 Received: 4786A6C53F4D9DA15589A37C7DBEC16B
2026/05/25 15:22:03 serial 141
2026/05/25 15:22:03 Processing protocol: 0x13 
2026/05/25 15:22:03 ✅ Heartbeat - IMEI: 867440069564326, Battery: 3, GSM: 3, TermInfo: 53973EC8, Serial: 141
2026/05/25 15:22:03 Sent response: 0701F1DD6F3A8DFB3FCC
2026/05/25 15:22:05 Client connected: 205.240.186.31:46254
2026/05/25 15:22:05 Received: 49B42F621252951FF9FFBED1BD2DA740E072D7DA
2026/05/25 15:22:05 serial 142
2026/05/25 15:22:05 Processing protocol: 0x01 
2026/05/25 15:22:05 ✅ Login packet - IMEI: 867440069564324, Serial: 142
2026/05/25 15:22:05 Sent response: 3D6151A58482D65DA08A
2026/05/25 15:22:07 Received: 8B1D9D3C05F4EEABB347CB152685AE2461A2FADF8390018BEA6FEF491637F882296C8B
2026/05/25 15:22:07 serial 143
2026/05/25 15:22:07 Processing protocol: 0x26 
2026/05/25 15:22:07 ⚠️ Unknown protocol: 0x26
2026/05/25 15:22:09 Received: 596D3D8C86E1C781B993A6B5A75A4A4A
2026/05/25 15:22:09 serial 144
2026/05/25 15:22:09 Processing protocol: 0x13 
2026/05/25 15:22:09 ✅ Heartbeat - IMEI: 867440069564321, Battery: 5, GSM: 4, TermInfo: C1193848, Serial: 144
2026/05/25 15:22:09 Sent response: A8C70130BAB28BD0CD1C
2026/05/25 15:22:11 Server listening on :5023
2026/05/25 15:22:13 Received: B5F8153DC72BD37ADF67231B15CCFA52E21C99F1109E3144560ACA917E486C2C7E0FAB
2026/05/25 15:22:13 serial 145
2026/05/25 15:22:13 Processing protocol: 0x26 
2026/05/25 15:22:13 ⚠️ Unknown protocol: 0x26
2026/05/25 15:22:15 Received: 69455C86DAEF04AD017F01C42834B6FC
2026/05/25 15:22:15 serial 146
2026/05/25 15:22:15 Processing protocol: 0x13 
2026/05/25 15:22:15 ✅ Heartbeat - IMEI: 867440069564326, Battery: 6, GSM: 4, TermInfo: 8874C117, Serial: 146
2026/05/25 15:22:15 Sent response: 357FA2E22DA50DF65FB9
2026/05/25 15:22:17 Server listening on :5023
2026/05/25 15:22:19 Client connected: 167.208.215.73:21388
2026/05/25 15:22:19 Received: 75D5A10DEA31FC55B15DB87427FE7FD99BE7E386
2026/05/25 15:22:19 serial 147
2026/05/25 15:22:19 Processing protocol: 0x01 
2026/05/25 15:22:19 ✅ Login packet - IMEI: 867440069564322, Serial: 147
2026/05/25 15:22:19 Sent response: 5CA542473D7489875289
2026/05/25 15:22:21 Server listening on :5023
2026/05/25 15:22:23 Received: 45E07DD892FB31E2E77DBE83A87D2F3C4E9EF7BD75A2CF9E5FF510CF0FB4572C59A5B5ACC549DB38
2026/05/25 15:22:23 serial 148
2026/05/25 15:22:23 Processing protocol: 0x22 
2026/05/25 15:22:23 ✅ Location - IMEI: 867440069564321, Lat: 22.670347, Lon: 88.312080, Speed: 108, Course: 4383, Serial: 148
2026/05/25 15:22:23 Connection error: EOF
2026/05/25 15:22:25 Received: 6E047C504EF0D77F52B453253A78E7255B51C3CF7485DF13877282F2E6F1AE2A226E656095CBDBE0
2026/05/25 15:22:25 serial 149
2026/05/25 15:22:25 Processing protocol: 0x22 
2026/05/25 15:22:25 ✅ Location - IMEI: 867440069564326, Lat: 22.545254, Lon: 88.405206, Speed: 83, Course: 5420, Serial: 149
2026/05/25 15:22:27 Received: DD704C788D63D58E86ABC9AC
2026/05/25 15:22:27 serial 150
2026/05/25 15:22:27 Processing protocol: 0x94 
2026/05/25 15:22:27 ℹ️ Information transmission packet
2026/05/25 15:22:29 Received: C7B762E13A6935EF6201C439
2026/05/25 15:22:29 serial 151
2026/05/25 15:22:29 Processing protocol: 0x94 
2026/05/25 15:22:29 ℹ️ Information transmission packet
2026/05/25 15:22:31 Received: A0DEB0D1B7E400A97E343B5C2F42AD32
2026/05/25 15:22:31 serial 152
2026/05/25 15:22:31 Processing protocol: 0x13 
2026/05/25 15:22:31 ✅ Heartbeat - IMEI: 867440069564325, Battery: 2, GSM: 3, TermInfo: B05DEA31, Serial: 152
2026/05/25 15:22:31 Sent response: E02C7F3B5E02680F3D72
2026/05/25 15:22:33 Server listening on :5023
2026/05/25 15:22:35 Received: 1A3392D0582763F288988BB992D00A38
2026/05/25 15:22:35 serial 153
2026/05/25 15:22:35 Processing protocol: 0x13 
2026/05/25 15:22:35 ✅ Heartbeat - IMEI: 867440069564321, Battery: 5, GSM: 5, TermInfo: 9C4F19CA, Serial: 153
2026/05/25 15:22:35 Sent response: 8F983CDBA7A253171215
2026/05/25 15:22:37 Server listening on :5023
2026/05/25 15:22:39 Server listening on :5023
2026/05/25 15:22:41 Received: D33B6B4C682F249AF7E171B662932F71
2026/05/25 15:22:41 serial 154
2026/05/25 15:22:41 Processing protocol: 0x13 
2026/05/25 15:22:41 ✅ Heartbeat - IMEI: 867440069564326, Battery: 2, GSM: 5, TermInfo: DD395447, Serial: 154
2026/05/25 15:22:41 Sent response: EB59BD030C6A220A1E54
2026/05/25 15:22:43 Server listening on :5023
2026/05/25 15:22:45 Server listening on :5023
2026/05/25 15:22:47 Received: C886926E91BECCE90B5DF17CBBF6D421522B7C83F6FE2E5E5CCEA08FE0A63F248D8C9C
2026/05/25 15:22:47 serial 155
2026/05/25 15:22:47 Processing protocol: 0x26 
2026/05/25 15:22:47 ⚠️ Unknown protocol: 0x26
2026/05/25 15:22:49 Received: DBE562DA2DEB82D316905232473D0585
2026/05/25 15:22:49 serial 156
2026/05/25 15:22:49 Processing protocol: 0x13 
2026/05/25 15:22:49 ✅ Heartbeat - IMEI: 867440069564323, Battery: 6, GSM: 1, TermInfo: 0FBF5A0A, Serial: 156
2026/05/25 15:22:49 Sent response: 29A8B26023D085A59EB4
2026/05/25 15:22:51 Received: 36FAA5D12A0C8EFD83585F875684BD7053BA5A870AF04C1C52F718940F67B41814E442761F321A0E
2026/05/25 15:22:51 serial 157
2026/05/25 15:22:51 Processing protocol: 0x22 
2026/05/25 15:22:51 ✅ Location - IMEI: 867440069564326, Lat: 22.651997, Lon: 88.495463, Speed: 26, Course: 4839, Serial: 157
2026/05/25 15:22:53 Received: 9BAA7E66FD589A9205DC22C0164F7AB1
2026/05/25 15:22:53 serial 158
2026/05/25 15:22:53 Processing protocol: 0x13 
2026/05/25 15:22:53 ✅ Heartbeat - IMEI: 867440069564321, Battery: 6, GSM: 3, TermInfo: EC03264C, Serial: 158
2026/05/25 15:22:53 Sent response: C81BEE42502876F7568F
2026/05/25 15:22:55 Server listening on :5023
2026/05/25 15:22:57 Received: F77E8955F755022D6FF02DA2
2026/05/25 15:22:57 serial 159
2026/05/25 15:22:57 Processing protocol: 0x94 
2026/05/25 15:22:57 ℹ️ Information transmission packet
2026/05/25 15:22:59 Client connected: 107.143.137.79:56754
2026/05/25 15:22:59 Received: FC28A172C20C43FA3D8AFEAB2C62D789D8A93285
2026/05/25 15:22:59 serial 160
2026/05/25 15:22:59 Processing protocol: 0x01 
2026/05/25 15:22:59 ✅ Login packet - IMEI: 867440069564321, Serial: 160
2026/05/25 15:22:59 Sent response: 8512C5418965FEBBBECC
2026/05/25 15:23:01 Received: 902E7A6D426CCD395EE3C208DFD3F93C
2026/05/25 15:23:01 serial 161
2026/05/25 15:23:01 Processing protocol: 0x13 
2026/05/25 15:23:01 ✅ Heartbeat - IMEI: 867440069564326, Battery: 2, GSM: 1, TermInfo: 908101DC, Serial: 161
2026/05/25 15:23:01 Sent response: E7A27880AEEEEC461F57
2026/05/25 15:23:03 Received: 0E338194EDCF1F1C5BD2A71C
2026/05/25 15:23:03 serial 162
2026/05/25 15:23:03 Processing protocol: 0x94 
2026/05/25 15:23:03 ℹ️ Information transmission packet
2026/05/25 15:23:05 Received: 95AE5256516D7EE559194788
2026/05/25 15:23:05 serial 163
2026/05/25 15:23:05 Processing protocol: 0x94 
2026/05/25 15:23:05 ℹ️ Information transmission packet
2026/05/25 15:23:07 Server listening on :5023
2026/05/25 15:23:09 Received: 4630D32A927B83D670AA0C97
2026/05/25 15:23:09 serial 164
2026/05/25 15:23:09 Processing protocol: 0x94 
2026/05/25 15:23:09 ℹ️ Information transmission packet
2026/05/25 15:23:11 Client connected: 251.247.76.48:29971
2026/05/25 15:23:11 Received: 1BDFFF3449212CDAA0FCAE038A8A081406FC8B6D
2026/05/25 15:23:11 serial 165
2026/05/25 15:23:11 Processing protocol: 0x01 
2026/05/25 15:23:11 ✅ Login packet - IMEI: 867440069564321, Serial: 165
2026/05/25 15:23:11 Sent response: BDD1A046CB0C88902E69
2026/05/25 15:23:13 Client connected: 255.202.192.189:41111
2026/05/25 15:23:13 Received: 6873A0CB1FB0868563247858FD9F82F1368112BA
2026/05/25 15:23:13 serial 166
2026/05/25 15:23:13 Processing protocol: 0x01 
2026/05/25 15:23:13 ✅ Login packet - IMEI: 867440069564322, Serial: 166
2026/05/25 15:23:13 Sent response: B3C2B0CABE554C7A620B
2026/05/25 15:23:15 Received: 5A72B728D49EBF63FDB2380D
2026/05/25 15:23:15 serial 167
2026/05/25 15:23:15 Processing protocol: 0x94 
2026/05/25 15:23:15 ℹ️ Information transmission packet
2026/05/25 15:23:15 Connection error: EOF
2026/05/25 15:23:17 Received: 0A45873CC6935AC38648873152D0E3D2
2026/05/25 15:23:17 serial 168
2026/05/25 15:23:17 Processing protocol: 0x13 
2026/05/25 15:23:17 ✅ Heartbeat - IMEI: 867440069564322, Battery: 5, GSM: 3, TermInfo: 8D3686D7, Serial: 168
2026/05/25 15:23:17 Sent response: 0AD75D14FD8DB3C4B7F4
2026/05/25 15:23:19 Received: EEDE3D76DBD4CF038DD8E2B2DF996168
2026/05/25 15:23:19 serial 169
2026/05/25 15:23:19 Processing protocol: 0x13 
2026/05/25 15:23:19 ✅ Heartbeat - IMEI: 867440069564322, Battery: 6, GSM: 1, TermInfo: EEB4891C, Serial: 169
2026/05/25 15:23:19 Sent response: ECF793980A115F7712FD
2026/05/25 15:23:21 Received: AAFC361AC6A3A062F6D901F98B7AA110
2026/05/25 15:23:21 serial 170
2026/05/25 15:23:21 Processing protocol: 0x13 
2026/05/25 15:23:21 ✅ Heartbeat - IMEI: 867440069564328, Battery: 6, GSM: 3, TermInfo: 088C59CC, Serial: 170
2026/05/25 15:23:21 Sent response: 91642F926E7F5572BE0E
2026/05/25 15:23:23 Client connected: 130.143.255.147:16013
2026/05/25 15:23:23 Received: AF4EE2266B2F0040ECA56D1A0E552D7122BC8026
2026/05/25 15:23:23 serial 171
2026/05/25 15:23:23 Processing protocol: 0x01 
2026/05/25 15:23:23 ✅ Login packet - IMEI: 867440069564323, Serial: 171
2026/05/25 15:23:23 Sent response: 09583804CDA860410E1D
2026/05/25 15:23:25 Received: 82BF63EA4D0B47852535ED8375182A0A28E2ABD695E3C1ADACC986D054DFF20908E8B1A6D1957474
2026/05/25 15:23:25 serial 172
2026/05/25 15:23:25 Processing protocol: 0x22 
2026/05/25 15:23:25 ✅ Location - IMEI: 867440069564323, Lat: 22.592167, Lon: 88.358644, Speed: 17, Course: 3389, Serial: 172
2026/05/25 15:23:27 Received: 02BCE00D418138810E7F2A4890B736EB
2026/05/25 15:23:27 serial 173
2026/05/25 15:23:27 Processing protocol: 0x13 
2026/05/25 15:23:27 ✅ Heartbeat - IMEI: 867440069564321, Battery: 5, GSM: 3, TermInfo: E996CF64, Serial: 173
2026/05/25 15:23:27 Sent response: 51EDC3340F9B03768F6A
2026/05/25 15:23:29 Received: 5FE946252D04C19C9DC2AB2873CCB660
2026/05/25 15:23:29 serial 174
2026/05/25 15:23:29 Processing protocol: 0x13 
2026/05/25 15:23:29 ✅ Heartbeat - IMEI: 867440069564328, Battery: 5, GSM: 3, TermInfo: 7C53E0F2, Serial: 174
2026/05/25 15:23:29 Sent response: 044A7CB2599358B8062C
2026/05/25 15:23:31 Received: 53E1A97EB4803EF682645B144C550D21
2026/05/25 15:23:31 serial 175
2026/05/25 15:23:31 Processing protocol: 0x13 
2026/05/25 15:23:31 ✅ Heartbeat - IMEI: 867440069564329, Battery: 1, GSM: 2, TermInfo: 73EFE7F4, Serial: 175
2026/05/25 15:23:31 Sent response: C87430442AD025A6684F
2026/05/25 15:23:33 Client connected: 246.181.125.210:22315
2026/05/25 15:23:33 Received: 048615F1F7377105B23820C085A699107B17FE34
2026/05/25 15:23:33 serial 176
2026/05/25 15:23:33 Processing protocol: 0x01 
2026/05/25 15:23:33 ✅ Login packet - IMEI: 867440069564323, Serial: 176
2026/05/25 15:23:33 Sent response: 44B0B7E8EE0AB8328858
2026/05/25 15:23:35 Received: 390E960B33B3CB5A8328D1948119E0BD6EE98E0DB5A6CCDE32B2F5C13A123BD9BA9E05875B0006C3
2026/05/25 15:23:35 serial 177
2026/05/25 15:23:35 Processing protocol: 0x22 
2026/05/25 15:23:35 ✅ Location - IMEI: 867440069564322, Lat: 22.603511, Lon: 88.337348, Speed: 115, Course: 2815, Serial: 177
2026/05/25 15:23:37 Client connected: 172.77.253.39:54683
2026/05/25 15:23:37 Received: AE0B07B0590D5042EDA8C00BE17541A1394E9EA6
2026/05/25 15:23:37 serial 178
2026/05/25 15:23:37 Processing protocol: 0x01 
2026/05/25 15:23:37 ✅ Login packet - IMEI: 867440069564323, Serial: 178
2026/05/25 15:23:37 Sent response: 3757597A8F9EC3545D16
2026/05/25 15:23:39 Client connected: 232.152.151.194:34963
2026/05/25 15:23:39 Received: 7A3B1951EBE94B3B4C610058EC5A654EBE00C9E4
2026/05/25 15:23:39 serial 179
2026/05/25 15:23:39 Processing protocol: 0x01 
2026/05/25 15:23:39 ✅ Login packet - IMEI: 867440069564328, Serial: 179
2026/05/25 15:23:39 Sent response: DCC4F129A34270B1BBF0
2026/05/25 15:23:41 Received: 0CD86ED9390C504942D65D36649CC669DAF5DD37965DAE1A4EC91171A1BC11D52AC6B509173F58A1
2026/05/25 15:23:41 serial 180
2026/05/25 15:23:41 Processing protocol: 0x22 
2026/05/25 15:23:41 ✅ Location - IMEI: 867440069564328, Lat: 22.573224, Lon: 88.319140, Speed: 17, Course: 3579, Serial: 180
2026/05/25 15:23:41 Connection error: EOF
2026/05/25 15:23:43 Server listening on :5023
2026/05/25 15:23:43 Connection error: EOF
2026/05/25 15:23:45 Received: 0F31E13B7FCDE1475135511B95094FE1FDB0044366C9EFECB1F8CE05B9304D33CC2FC19CE8B5F836
2026/05/25 15:23:45 serial 181
2026/05/25 15:23:45 Processing protocol: 0x22 
2026/05/25 15:23:45 ✅ Location - IMEI: 867440069564321, Lat: 22.546020, Lon: 88.420874, Speed: 52, Course: 5820, Serial: 181
2026/05/25 15:23:47 Received: ED2367FC4D44D4A231DF4B4647B09E6D
2026/05/25 15:23:47 serial 182
2026/05/25 15:23:47 Processing protocol: 0x13 
2026/05/25 15:23:47 ✅ Heartbeat - IMEI: 867440069564322, Battery: 2, GSM: 4, TermInfo: 298A1445, Serial: 182
2026/05/25 15:23:47 Sent response: 988D0601DCD3E6A85037
2026/05/25 15:23:49 Received: 5790C9D5D5394564467854D44FD9F42D
2026/05/25 15:23:49 serial 183
2026/05/25 15:23:49 Processing protocol: 0x13 
2026/05/25 15:23:49 ✅ Heartbeat - IMEI: 867440069564329, Battery: 2, GSM: 2, TermInfo: D2DAFAC0, Serial: 183
2026/05/25 15:23:49 Sent response: 5AA977A74FF2A3BB05BC
2026/05/25 15:23:51 Received: 3313FFEAAD5DC349B3A5A60F
2026/05/25 15:23:51 serial 184
2026/05/25 15:23:51 Processing protocol: 0x94 
2026/05/25 15:23:51 ℹ️ Information transmission packet
2026/05/25 15:23:53 Received: 5524EB2C7F48F575EB0DC863
2026/05/25 15:23:53 serial 185
2026/05/25 15:23:53 Processing protocol: 0x94 
2026/05/25 15:23:53 ℹ️ Information transmission packet
2026/05/25 15:23:55 Server listening on :5023
2026/05/25 15:23:55 Connection error: EOF
2026/05/25 15:23:57 Received: 2F175CDE99CB70BA67F5E84350C33DB2
2026/05/25 15:23:57 serial 186
2026/05/25 15:23:57 Processing protocol: 0x13 
2026/05/25 15:23:57 ✅ Heartbeat - IMEI: 867440069564322, Battery: 5, GSM: 3, TermInfo: 252280A2, Serial: 186
2026/05/25 15:23:57 Sent response: F52532C9800C876EDDF0
2026/05/25 15:23:59 Received: DCF60C975776595A7C1F76F2C6A65ADF24677C2408D5E2A4F79850C2FEE26D0EB15102
2026/05/25 15:23:59 serial 187
2026/05/25 15:23:59 Processing protocol: 0x26 
2026/05/25 15:23:59 ⚠️ Unknown protocol: 0x26
2026/05/25 15:24:01 Client connected: 7.152.83.9:30699
2026/05/25 15:24:01 Received: A3F3CF4EC9D7D68C541A31AC1B34B02AC6C79209
2026/05/25 15:24:01 serial 188
2026/05/25 15:24:01 Processing protocol: 0x01 
2026/05/25 15:24:01 ✅ Login packet - IMEI: 867440069564330, Serial: 188
2026/05/25 15:24:01 Sent response: 5C645408EFA6FF12F82E
2026/05/25 15:24:03 Received: 1FE89B8FB0747FE8CC2E935AA907D56E3B85BEAB0CEA21B56508DECB56429B30661343
2026/05/25 15:24:03 serial 189
2026/05/25 15:24:03 Processing protocol: 0x26 
2026/05/25 15:24:03 ⚠️ Unknown protocol: 0x26
2026/05/25 15:24:05 Received: 6CDD1429006962ACCC7B7C0E9E60D9510B2C9AC366A22FAC82188C43F428385791CE13
2026/05/25 15:24:05 serial 190
2026/05/25 15:24:05 Processing protocol: 0x26 
2026/05/25 15:24:05 ⚠️ Unknown protocol: 0x26
2026/05/25 15:24:07 Received: 31F2CF38BB602B1EE483D87BF7F878CD3B467E0CBBE4809D8013D98EF88CBC04BCE02B7CB3F19F50
2026/05/25 15:24:07 serial 191
2026/05/25 15:24:07 Processing protocol: 0x22 
2026/05/25 15:24:07 ✅ Location - IMEI: 867440069564323, Lat: 22.549614, Lon: 88.331673, Speed: 47, Course: 4283, Serial: 191
2026/05/25 15:24:09 Client connected: 38.20.65.9:28699
2026/05/25 15:24:09 Received: DB22526693159E83E04320BBF7486F6F4B06239C
2026/05/25 15:24:09 serial 192
2026/05/25 15:24:09 Processing protocol: 0x01 
2026/05/25 15:24:09 ✅ Login packet - IMEI: 867440069564325, Serial: 192
2026/05/25 15:24:09 Sent response: 21D75D48F0002319048C
2026/05/25 15:24:11 Received: 9AD2BA1430D9A678F7FFE2890F9AF35A
2026/05/25 15:24:11 serial 193
2026/05/25 15:24:11 Processing protocol: 0x13 
2026/05/25 15:24:11 ✅ Heartbeat - IMEI: 867440069564327, Battery: 2, GSM: 2, TermInfo: 927969C0, Serial: 193
2026/05/25 15:24:11 Sent response: 3080AB00A66B639A3DBA
2026/05/25 15:24:13 Received: 5A1AEA7F86D6FEC4E2BFE0CDC56040B1E8B7580C5CBFAC072B210EB303A65756FEC3B45FE5A3201E
2026/05/25 15:24:13 serial 194
2026/05/25 15:24:13 Processing protocol: 0x22 
2026/05/25 15:24:13 ✅ Location - IMEI: 867440069564329, Lat: 22.584129, Lon: 88.326010, Speed: 90, Course: 2219, Serial: 194
2026/05/25 15:24:15 Received: 11B9BBBE3503561319394E0F6EA50A558EDBF871058C3CCA28B4FEDFD7DFB0771F7271
2026/05/25 15:24:15 serial 195
2026/05/25 15:24:15 Processing protocol: 0x26 
2026/05/25 15:24:15 ⚠️ Unknown protocol: 0x26
2026/05/25 15:24:17 Server listening on :5023
2026/05/25 15:24:19 Received: 4A5A6822B548668ACB13ABA2
2026/05/25 15:24:19 serial 196
2026/05/25 15:24:19 Processing protocol: 0x94 
2026/05/25 15:24:19 ℹ️ Information transmission packet
2026/05/25 15:24:21 Client connected: 183.139.166.31:11443
2026/05/25 15:24:21 Received: 82493CAA16BD7BD607A540781C617F18ABF8DE38
2026/05/25 15:24:21 serial 197
2026/05/25 15:24:21 Processing protocol: 0x01 
2026/05/25 15:24:21 ✅ Login packet - IMEI: 867440069564321, Serial: 197
2026/05/25 15:24:21 Sent response: 6A178B93539AD4F33F95
2026/05/25 15:24:23 Received: 4A4472F40D35A02885123CCB4152F031A50245D5F198409908661F1F17D7E6C6300619
2026/05/25 15:24:23 serial 198
2026/05/25 15:24:23 Processing protocol: 0x26 
2026/05/25 15:24:23 ⚠️ Unknown protocol: 0x26
2026/05/25 15:24:23 Connection error: EOF
2026/05/25 15:24:25 Received: 7EC9913708B78218B9595837C5ADDBD044B0B74538CCE8884E05A4CB86241BE8A39A5183646357D4
2026/05/25 15:24:25 serial 199
2026/05/25 15:24:25 Processing protocol: 0x22 
2026/05/25 15:24:25 ✅ Location - IMEI: 867440069564329, Lat: 22.537108, Lon: 88.327816, Speed: 53, Course: 3257, Serial: 199
2026/05/25 15:24:27 Client connected: 42.184.186.39:29945
2026/05/25 15:24:27 Received: 2487D779A612ED8502F84BB353429248FD593FF1
2026/05/25 15:24:27 serial 200
2026/05/25 15:24:27 Processing protocol: 0x01 
2026/05/25 15:24:27 ✅ Login packet - IMEI: 867440069564328, Serial: 200
2026/05/25 15:24:27 Sent response: 53214BEBF5109C0A7C5F
2026/05/25 15:24:29 Received: 8B47EA08974E77AE011C68C414DAD089606EAD7C2DDE1942A3BE687CCD70AC090383BD
2026/05/25 15:24:29 serial 201
2026/05/25 15:24:29 Processing protocol: 0x26 
2026/05/25 15:24:29 ⚠️ Unknown protocol: 0x26
2026/05/25 15:24:31 Received: 4E06C89E59645A22FA65EEFD410DE264
2026/05/25 15:24:31 serial 202
2026/05/25 15:24:31 Processing protocol: 0x13 
2026/05/25 15:24:31 ✅ Heartbeat - IMEI: 867440069564327, Battery: 5, GSM: 1, TermInfo: 38F9E525, Serial: 202
2026/05/25 15:24:31 Sent response: 7F833FDF50C9D9AC5EAB
2026/05/25 15:24:31 Connection error: EOF
2026/05/25 15:24:33 Client connected: 154.141.163.22:38769
2026/05/25 15:24:33 Received: F79F5EE86C2E8296F01A6C5DBEE4BBBAAC33F14C
2026/05/25 15:24:33 serial 203
2026/05/25 15:24:33 Processing protocol: 0x01 
2026/05/25 15:24:33 ✅ Login packet - IMEI: 867440069564324, Serial: 203
2026/05/25 15:24:33 Sent response: 089188BA2B0D6D5C677B
2026/05/25 15:24:35 Server listening on :5023
2026/05/25 15:24:37 Received: 12B96580C8742B28B7E13F40
2026/05/25 15:24:37 serial 204
2026/05/25 15:24:37 Processing protocol: 0x94 
2026/05/25 15:24:37 ℹ️ Information transmission packet
2026/05/25 15:24:39 Received: 7B9F27C729FE058B32DAED5A30C2BC0C
2026/05/25 15:24:39 serial 205
2026/05/25 15:24:39 Processing protocol: 0x13 
2026/05/25 15:24:39 ✅ Heartbeat - IMEI: 867440069564323, Battery: 1, GSM: 4, TermInfo: 243C03A0, Serial: 205
2026/05/25 15:24:39 Sent response: 4113F767FD11471A3041
2026/05/25 15:24:41 Client connected: 12.188.68.72:47514
2026/05/25 15:24:41 Received: E036492A9ADA8A14A4E2079FC57E0B71A5FFE5BE
2026/05/25 15:24:41 serial 206
2026/05/25 15:24:41 Processing protocol: 0x01 
2026/05/25 15:24:41 ✅ Login packet - IMEI: 867440069564321, Serial: 206
2026/05/25 15:24:41 Sent response: 64A68A81B5021A9DAA5D
2026/05/25 15:24:43 Received: F0650BAFAD353798EC313546E769C28F8B1F28DBAD606895016572E03D117A6E4A62F4
2026/05/25 15:24:43 serial 207
2026/05/25 15:24:43 Processing protocol: 0x26 
2026/05/25 15:24:43 ⚠️ Unknown protocol: 0x26
2026/05/25 15:24:45 Received: 72157366946F797FED54F1626425314794C17E78E42BD30ABCB568B744E63D977C634D
2026/05/25 15:24:45 serial 208
2026/05/25 15:24:45 Processing protocol: 0x26 
2026/05/25 15:24:45 ⚠️ Unknown protocol: 0x26
2026/05/25 15:24:45 Connection error: EOF
2026/05/25 15:24:47 Received: D9475DE1BF5AC1804ABE7C64DEE6974247051A0D1AF54A35F16CFDEE8090B726CEA1AF
2026/05/25 15:24:47 serial 209
2026/05/25 15:24:47 Processing protocol: 0x26 
2026/05/25 15:24:47 ⚠️ Unknown protocol: 0x26
2026/05/25 15:24:49 Server listening on :5023
2026/05/25 15:24:51 Client connected: 178.3.198.186:43823
2026/05/25 15:24:51 Received: 3FF2D5ABE6E83A31DCF4CF4660EBCAC767C9B5E0
2026/05/25 15:24:51 serial 210
2026/05/25 15:24:51 Processing protocol: 0x01 
2026/05/25 15:24:51 ✅ Login packet - IMEI: 867440069564321, Serial: 210
2026/05/25 15:24:51 Sent response: 6379F75F12CBF4ABD219
2026/05/25 15:24:53 Received: 718AAB7997B597DEBADAD668
2026/05/25 15:24:53 serial 211
2026/05/25 15:24:53 Processing protocol: 0x94 
2026/05/25 15:24:53 ℹ️ Information transmission packet
2026/05/25 15:24:55 Server listening on :5023
2026/05/25 15:24:57 Client connected: 11.238.10.232:21675
2026/05/25 15:24:57 Received: CA8D229388DFF0D0AF717CA30A4F86E5AE3349BB
2026/05/25 15:24:57 serial 212
2026/05/25 15:24:57 Processing protocol: 0x01 
2026/05/25 15:24:57 ✅ Login packet - IMEI: 867440069564330, Serial: 212
2026/05/25 15:24:57 Sent response: 8E1377180F1C8918554E
2026/05/25 15:24:59 Client connected: 39.104.242.193:11680
2026/05/25 15:24:59 Received: 919300B4E3A95D6E75344F5695B94894472637B7
2026/05/25 15:24:59 serial 213
2026/05/25 15:24:59 Processing protocol: 0x01 
2026/05/25 15:24:59 ✅ Login packet - IMEI: 867440069564327, Serial: 213
2026/05/25 15:24:59 Sent response: B70082EDC872ED26739B
2026/05/25 15:25:01 Received: E026E4770A2FE4531690911928303A0D
2026/05/25 15:25:01 serial 214
2026/05/25 15:25:01 Processing protocol: 0x13 
2026/05/25 15:25:01 ✅ Heartbeat - IMEI: 867440069564325, Battery: 3, GSM: 5, TermInfo: 65297977, Serial: 214
2026/05/25 15:25:01 Sent response: FB6FB3B458D746DDF4A4
2026/05/25 15:25:03 Received: 83136381833C247EE1752406F77B326E8A952D75E11DA2A02242332BACD579CDB563BF
2026/05/25 15:25:03 serial 215
2026/05/25 15:25:03 Processing protocol: 0x26 
2026/05/25 15:25:03 ⚠️ Unknown protocol: 0x26
2026/05/25 15:25:03 Connection error: EOF
2026/05/25 15:25:05 Received: EB8CCFDF2E2871298F3A5797
2026/05/25 15:25:05 serial 216
2026/05/25 15:25:05 Processing protocol: 0x94 
2026/05/25 15:25:05 ℹ️ Information transmission packet
2026/05/25 15:25:07 Received: E375CD748BD4DC28D1C65B5B
2026/05/25 15:25:07 serial 217
2026/05/25 15:25:07 Processing protocol: 0x94 
2026/05/25 15:25:07 ℹ️ Information transmission packet
2026/05/25 15:25:09 Received: 56455EE8F73089EB7AC2F2179519C37F
2026/05/25 15:25:09 serial 218
2026/05/25 15:25:09 Processing protocol: 0x13 
2026/05/25 15:25:09 ✅ Heartbeat - IMEI: 867440069564324, Battery: 1, GSM: 3, TermInfo: 28390745, Serial: 218
2026/05/25 15:25:09 Sent response: 8D807F828887589D2E4E
2026/05/25 15:25:11 Client connected: 103.61.172.128:23392
2026/05/25 15:25:11 Received: 40CE6864B3A8301D6A3A193C5DEBE9F70CAF55DF
2026/05/25 15:25:11 serial 219
2026/05/25 15:25:11 Processing protocol: 0x01 
2026/05/25 15:25:11 ✅ Login packet - IMEI: 867440069564327, Serial: 219
2026/05/25 15:25:11 Sent response: 778F4E45F452C98DAF63
2026/05/25 15:25:13 Client connected: 68.28.251.43:12379
2026/05/25 15:25:13 Received: 72625A555C2591607ECD8D362BBDCFEA032E8B4B
2026/05/25 15:25:13 serial 220
2026/05/25 15:25:13 Processing protocol: 0x01 
2026/05/25 15:25:13 ✅ Login packet - IMEI: 867440069564328, Serial: 220
2026/05/25 15:25:13 Sent response: A1611C8F09A69D0FEECA
2026/05/25 15:25:15 Received: 608A8886B1EC046919755ADA303011FBEC4AF8CA652541C4522107EA2DA81351D6E2C5
2026/05/25 15:25:15 serial 221
2026/05/25 15:25:15 Processing protocol: 0x26 
2026/05/25 15:25:15 ⚠️ Unknown protocol: 0x26
2026/05/25 15:25:17 Received: 85F2CCB1017D6B17BF03A9C3E5609A205FF160A7A9B9046126BC9CFB2C66A3B84E0CBA
2026/05/25 15:25:17 serial 222
2026/05/25 15:25:17 Processing protocol: 0x26 
2026/05/25 15:25:17 ⚠️ Unknown protocol: 0x26
2026/05/25 15:25:19 Client connected: 179.227.53.75:34098
2026/05/25 15:25:19 Received: F8EAFD5C8F2B6C5B3698E1D96036D3FBD72373C0
2026/05/25 15:25:19 serial 223
2026/05/25 15:25:19 Processing protocol: 0x01 
2026/05/25 15:25:19 ✅ Login packet - IMEI: 867440069564324, Serial: 223
2026/05/25 15:25:19 Sent response: 62B2833AB0AC3B7DA9A9
2026/05/25 15:25:21 Server listening on :5023
2026/05/25 15:25:21 Connection error: EOF
2026/05/25 15:25:23 Received: A9B7132610A747E0976768162225859A
2026/05/25 15:25:23 serial 224
2026/05/25 15:25:23 Processing protocol: 0x13 
2026/05/25 15:25:23 ✅ Heartbeat - IMEI: 867440069564322, Battery: 1, GSM: 1, TermInfo: 24FAAFFB, Serial: 224
2026/05/25 15:25:23 Sent response: 03B09891D78854B2B0A6
2026/05/25 15:25:25 Received: 421B9EFC27CF3C0F787FC7DC
2026/05/25 15:25:25 serial 225
2026/05/25 15:25:25 Processing protocol: 0x94 
2026/05/25 15:25:25 ℹ️ Information transmission packet
2026/05/25 15:25:27 Received: F646CE5CF18DFAE5F73475E3
2026/05/25 15:25:27 serial 226
2026/05/25 15:25:27 Processing protocol: 0x94 
2026/05/25 15:25:27 ℹ️ Information transmission packet
2026/05/25 15:25:29 Server listening on :5023
2026/05/25 15:25:29 Connection error: EOF
2026/05/25 15:25:31 Received: 036C54D372587595884C146923CDB521E1337E8879CB16E168A142441C85E7C3721EAEBF282D40AF
2026/05/25 15:25:31 serial 227
2026/05/25 15:25:31 Processing protocol: 0x22 
2026/05/25 15:25:31 ✅ Location - IMEI: 867440069564326, Lat: 22.557492, Lon: 88.300590, Speed: 50, Course: 5466, Serial: 227
2026/05/25 15:25:33 Received: F589DB9DF79407E64A52E5FFA764432BD13AAF3736F636A064F951835C84D2C05BC920AD7E82B965
2026/05/25 15:25:33 serial 228
2026/05/25 15:25:33 Processing protocol: 0x22 
2026/05/25 15:25:33 ✅ Location - IMEI: 867440069564322, Lat: 22.680106, Lon: 88.599277, Speed: 79, Course: 4851, Serial: 228
2026/05/25 15:25:35 Received: DACBCB33259AEC83859A4AC0E3E97A282519ADD820652608F6B4471C3B235758DC06456450D7D028
2026/05/25 15:25:35 serial 229
2026/05/25 15:25:35 Processing protocol: 0x22 
2026/05/25 15:25:35 ✅ Location - IMEI: 867440069564326, Lat: 22.660589, Lon: 88.382899, Speed: 20, Course: 5172, Serial: 229
2026/05/25 15:25:37 Received: 5A53DFF1861B0761D3228C158B4AE98406132338F0E30D90E3E390C187700B5677501A
2026/05/25 15:25:37 serial 230
2026/05/25 15:25:37 Processing protocol: 0x26 
2026/05/25 15:25:37 ⚠️ Unknown protocol: 0x26
2026/05/25 15:25:39 Received: 0F8BA496265251D796F2E6AD6FB4DA4346B03CFE8FE50D5994C4F20FB422FCC6E3AEB7
2026/05/25 15:25:39 serial 231
2026/05/25 15:25:39 Processing protocol: 0x26 
2026/05/25 15:25:39 ⚠️ Unknown protocol: 0x26
2026/05/25 15:25:41 Received: 7561DE7CDE8436476FC44DC44DD8C54F2C84DF10BBA390818CB413C15F28C77129CC90934303EBF6
2026/05/25 15:25:41 serial 232
2026/05/25 15:25:41 Processing protocol: 0x22 
2026/05/25 15:25:41 ✅ Location - IMEI: 867440069564330, Lat: 22.539218, Lon: 88.576662, Speed: 79, Course: 3017, Serial: 232
2026/05/25 15:25:43 Client connected: 93.254.187.244:50888
2026/05/25 15:25:43 Received: 8400AB66E1B53BFAC581CB031FA6992A68DC1A77
2026/05/25 15:25:43 serial 233
2026/05/25 15:25:43 Processing protocol: 0x01 
2026/05/25 15:25:43 ✅ Login packet - IMEI: 867440069564330, Serial: 233
2026/05/25 15:25:43 Sent response: 2005AD15647D989FB02C
2026/05/25 15:25:45 Received: D6E80772CC389210A0DB0AA29C239D56C9E558CD8F0AD406A60BB475477AE17333146C
2026/05/25 15:25:45 serial 234
2026/05/25 15:25:45 Processing protocol: 0x26 
2026/05/25 15:25:45 ⚠️ Unknown protocol: 0x26
2026/05/25 15:25:47 Received: C554B483DD8E1FF3D97C89CF793EB6274453698D86FEE34F950788CDE623DD747F59110A198679FA
2026/05/25 15:25:47 serial 235
2026/05/25 15:25:47 Processing protocol: 0x22 
2026/05/25 15:25:47 ✅ Location - IMEI: 867440069564326, Lat: 22.601707, Lon: 88.376742, Speed: 37, Course: 2677, Serial: 235
2026/05/25 15:25:49 Received: 3C71AEB46ECD3BD1638EC6CD50093E5D866F78247CFFC918B51D8B9C5C31DF3C170BFD6581CE5A9A
2026/05/25 15:25:49 serial 236
2026/05/25 15:25:49 Processing protocol: 0x22 
2026/05/25 15:25:49 ✅ Location - IMEI: 867440069564326, Lat: 22.687982, Lon: 88.465268, Speed: 51, Course: 4742, Serial: 236
2026/05/25 15:25:51 Received: D8B1C1FFFCAEDC2C9990E4B9672AF577
2026/05/25 15:25:51 serial 237
2026/05/25 15:25:51 Processing protocol: 0x13 
2026/05/25 15:25:51 ✅ Heartbeat - IMEI: 867440069564327, Battery: 2, GSM: 4, TermInfo: 580FACE5, Serial: 237
2026/05/25 15:25:51 Sent response: 5EBCADA70E0DE2F67F29
2026/05/25 15:25:51 Connection error: EOF
2026/05/25 15:25:53 Server listening on :5023
2026/05/25 15:25:55 Server listening on :5023
2026/05/25 15:25:57 Server listening on :5023
2026/05/25 15:25:59 Received: 4F5E052F4DCF6709E7BFB2BC1F0A8F1BF6A52D4BB9D18D7E34C963064983D74BFD88039E554D7333
2026/05/25 15:25:59 serial 238
2026/05/25 15:25:59 Processing protocol: 0x22 
2026/05/25 15:25:59 ✅ Location - IMEI: 867440069564325, Lat: 22.626281, Lon: 88.525409, Speed: 73, Course: 1153, Serial: 238
2026/05/25 15:26:01 Received: D1FE1E1F1FD480FAF8BED814DBFC5B4463FDC19F54FF18D54D8E670FB9B0008D11DB1C
2026/05/25 15:26:01 serial 239
2026/05/25 15:26:01 Processing protocol: 0x26 
2026/05/25 15:26:01 ⚠️ Unknown protocol: 0x26
2026/05/25 15:26:01 Connection error: EOF
2026/05/25 15:26:03 Received: 690B3DFA6703D8B7341E0E87379B2BC80222AA52EBB0A082ADF8D00BA97DA6CCFF429B
2026/05/25 15:26:03 serial 240
2026/05/25 15:26:03 Processing protocol: 0x26 
2026/05/25 15:26:03 ⚠️ Unknown protocol: 0x26
2026/05/25 15:26:05 Received: B4DB64E9BF9658C7797BB37D8102415E
2026/05/25 15:26:05 serial 241
2026/05/25 15:26:05 Processing protocol: 0x13 
2026/05/25 15:26:05 ✅ Heartbeat - IMEI: 867440069564329, Battery: 2, GSM: 1, TermInfo: CA5A3B06, Serial: 241
2026/05/25 15:26:05 Sent response: 8A0B9AED1421DDF00CB5
2026/05/25 15:26:07 Received: 1C8DB70A935012454AF0052955D936396B332C089D9250B0383972F88EC04136D27CC9B4CDA70094
2026/05/25 15:26:07 serial 242
2026/05/25 15:26:07 Processing protocol: 0x22 
2026/05/25 15:26:07 ✅ Location - IMEI: 867440069564321, Lat: 22.683900, Lon: 88.402565, Speed: 84, Course: 2491, Serial: 242
2026/05/25 15:26:09 Received: 4393C3F1700A3DA498E02FF6C9849936A86EBBCC25109F8839E64E54EDF83F107A796D
2026/05/25 15:26:09 serial 243
2026/05/25 15:26:09 Processing protocol: 0x26 
2026/05/25 15:26:09 ⚠️ Unknown protocol: 0x26
2026/05/25 15:26:11 Server listening on :5023
2026/05/25 15:26:13 Received: 85F7AB6E805DF8912E5B6CCD417A6236
2026/05/25 15:26:13 serial 244
2026/05/25 15:26:13 Processing protocol: 0x13 
2026/05/25 15:26:13 ✅ Heartbeat - IMEI: 867440069564329, Battery: 5, GSM: 3, TermInfo: 14D966C7, Serial: 244
2026/05/25 15:26:13 Sent response: 8F49AF8D41B2FEADD2D5
2026/05/25 15:26:15 Received: 862A1C7949F5167E12F621FC7237691D7F102CA94D7CA37534CC63C70DE461FF0D3E1648C2B2B1B9
2026/05/25 15:26:15 serial 245
2026/05/25 15:26:15 Processing protocol: 0x22 
2026/05/25 15:26:15 ✅ Location - IMEI: 867440069564322, Lat: 22.556620, Lon: 88.527860, Speed: 29, Course: 4540, Serial: 245
2026/05/25 15:26:17 Server listening on :5023
2026/05/25 15:26:17 Connection error: EOF
2026/05/25 15:26:19 Client connected: 46.153.249.14:48794
2026/05/25 15:26:19 Received: D37213614D34A6C85352EC859CB035AD6C14A84B
2026/05/25 15:26:19 serial 246
2026/05/25 15:26:19 Processing protocol: 0x01 
2026/05/25 15:26:19 ✅ Login packet - IMEI: 867440069564324, Serial: 246
2026/05/25 15:26:19 Sent response: F37558C8AE4700F09791
2026/05/25 15:26:21 Received: 65513CAC24D0B5FBD87C846D
2026/05/25 15:26:21 serial 247
2026/05/25 15:26:21 Processing protocol: 0x94 
2026/05/25 15:26:21 ℹ️ Information transmission packet
2026/05/25 15:26:23 Server listening on :5023
2026/05/25 15:26:25 Received: F529763AE531D4FD0D78B2DA
2026/05/25 15:26:25 serial 248
2026/05/25 15:26:25 Processing protocol: 0x94 
2026/05/25 15:26:25 ℹ️ Information transmission packet
2026/05/25 15:26:27 Received: 59C1E81F820B2C7748475732
2026/05/25 15:26:27 serial 249
2026/05/25 15:26:27 Processing protocol: 0x94 
2026/05/25 15:26:27 ℹ️ Information transmission packet
2026/05/25 15:26:29 Received: 6F59DD670B89E4BCDE8FFAB82755B4DC
2026/05/25 15:26:29 serial 250
2026/05/25 15:26:29 Processing protocol: 0x13 
2026/05/25 15:26:29 ✅ Heartbeat - IMEI: 867440069564325, Battery: 6, GSM: 2, TermInfo: 62D6CDF3, Serial: 250
2026/05/25 15:26:29 Sent response: 1706D6250FD8B9C3C116
2026/05/25 15:26:31 Client connected: 122.229.193.180:34607
2026/05/25 15:26:31 Received: C1D43BC9DA01D6B96EDCC515E460DD794F5A6F05
2026/05/25 15:26:31 serial 251
2026/05/25 15:26:31 Processing protocol: 0x01 
2026/05/25 15:26:31 ✅ Login packet - IMEI: 867440069564329, Serial: 251
2026/05/25 15:26:31 Sent response: B699A4B0EA128F4252EB
2026/05/25 15:26:33 Client connected: 30.203.125.249:17374
2026/05/25 15:26:33 Received: A4E6F4A2ECB08070F80A2BADF081AA648D1B7CF1
2026/05/25 15:26:33 serial 252
2026/05/25 15:26:33 Processing protocol: 0x01 
2026/05/25 15:26:33 ✅ Login packet - IMEI: 867440069564324, Serial: 252
2026/05/25 15:26:33 Sent response: 19503041D9220D8042B0
2026/05/25 15:26:35 Received: 0F7020970E0DD8FC0523479B
2026/05/25 15:26:35 serial 253
2026/05/25 15:26:35 Processing protocol: 0x94 
2026/05/25 15:26:35 ℹ️ Information transmission packet
2026/05/25 15:26:37 Client connected: 182.103.61.126:48686
2026/05/25 15:26:37 Received: 22A55D270E021E794790F824FCD4DB8F65EBBAEA
2026/05/25 15:26:37 serial 254
2026/05/25 15:26:37 Processing protocol: 0x01 
2026/05/25 15:26:37 ✅ Login packet - IMEI: 867440069564326, Serial: 254
2026/05/25 15:26:37 Sent response: 90101AAB43D0D021CA15
2026/05/25 15:26:39 Received: 0498D361247F9F3056319704CD0A878216D88368E10E51625A220057491D03D3B8CE8E
2026/05/25 15:26:39 serial 255
2026/05/25 15:26:39 Processing protocol: 0x26 
2026/05/25 15:26:39 ⚠️ Unknown protocol: 0x26
2026/05/25 15:26:41 Received: D10E9BB354EFB34870374A64114B96CB45605AB3D4908CD72BD19CBE83D79E31B0348B
2026/05/25 15:26:41 serial 256
2026/05/25 15:26:41 Processing protocol: 0x26 
2026/05/25 15:26:41 ⚠️ Unknown protocol: 0x26
2026/05/25 15:26:43 Server listening on :5023
2026/05/25 15:26:45 Received: DDEDCC84FBE4263B3EFF9A46269B79B767BC3B8320939225A259CBBE7908C11762EF4CF7FDEAB9E2
2026/05/25 15:26:45 serial 257
2026/05/25 15:26:45 Processing protocol: 0x22 
2026/05/25 15:26:45 ✅ Location - IMEI: 867440069564329, Lat: 22.540383, Lon: 88.465299, Speed: 61, Course: 5900, Serial: 257
2026/05/25 15:26:47 Received: 01AF05A26E5F6C33B8BA80F38133BEF64E32A21B1423680339F016932674C159469FDB
2026/05/25 15:26:47 serial 258
2026/05/25 15:26:47 Processing protocol: 0x26 
2026/05/25 15:26:47 ⚠️ Unknown protocol: 0x26
2026/05/25 15:26:49 Received: 914D4C5DF7470A8A570768A2
2026/05/25 15:26:49 serial 259
2026/05/25 15:26:49 Processing protocol: 0x94 
2026/05/25 15:26:49 ℹ️ Information transmission packet
2026/05/25 15:26:51 Received: B171B3D234567D8F5545BE6B14497BBB4FF3D2FCD399E3F33BBDA613508D913028EDBD12D1381C8A
2026/05/25 15:26:51 serial 260
2026/05/25 15:26:51 Processing protocol: 0x22 
2026/05/25 15:26:51 ✅ Location - IMEI: 867440069564326, Lat: 22.687699, Lon: 88.376676, Speed: 77, Course: 2079, Serial: 260
2026/05/25 15:26:53 Received: 2D8E2535489C08B2328C4EF62DD95786AB306C6E48E61B00FB137F377335DFE3D5C909
2026/05/25 15:26:53 serial 261
2026/05/25 15:26:53 Processing protocol: 0x26 
2026/05/25 15:26:53 ⚠️ Unknown protocol: 0x26
2026/05/25 15:26:55 Received: 551043C3A42821B776A95F20
2026/05/25 15:26:55 serial 262
2026/05/25 15:26:55 Processing protocol: 0x94 
2026/05/25 15:26:55 ℹ️ Information transmission packet
2026/05/25 15:26:57 Client connected: 251.45.181.248:56851
2026/05/25 15:26:57 Received: 6674FF005BFF09406090849323CA96ED7BB8892B
2026/05/25 15:26:57 serial 263
2026/05/25 15:26:57 Processing protocol: 0x01 
2026/05/25 15:26:57 ✅ Login packet - IMEI: 867440069564322, Serial: 263
2026/05/25 15:26:57 Sent response: 55BCD4B0AC2B194C43E7
2026/05/25 15:26:59 Received: 7796E348726194237FA66CEDF34C1BB91FF67F4FD34A25A682C4A85D8875E9ED9ED030B534C76376
2026/05/25 15:26:59 serial 264
2026/05/25 15:26:59 Processing protocol: 0x22 
2026/05/25 15:26:59 ✅ Location - IMEI: 867440069564330, Lat: 22.575622, Lon: 88.325625, Speed: 110, Course: 2817, Serial: 264
2026/05/25 15:27:01 Received: 364D76BCA14B2C3DE5ADD4DAD941E9D220ED0162051AEFC1F027F123CC34654E3FB0F094C44E93BD
2026/05/25 15:27:01 serial 265
2026/05/25 15:27:01 Processing protocol: 0x22 
2026/05/25 15:27:01 ✅ Location - IMEI: 867440069564325, Lat: 22.526512, Lon: 88.440916, Speed: 65, Course: 2408, Serial: 265
2026/05/25 15:27:03 Received: 4239C7EF60BD0F6989F206EFDD0C537FA7505D78C431D5ED17865866858CF0B0391FA2F2538F78AE
2026/05/25 15:27:03 serial 266
2026/05/25 15:27:03 Processing protocol: 0x22 
2026/05/25 15:27:03 ✅ Location - IMEI: 867440069564327, Lat: 22.652589, Lon: 88.599727, Speed: 95, Course: 2528, Serial: 266
2026/05/25 15:27:03 Connection error: EOF
2026/05/25 15:27:05 Received: 4F93570A67D9A9B1A14272D4
2026/05/25 15:27:05 serial 267
2026/05/25 15:27:05 Processing protocol: 0x94 
2026/05/25 15:27:05 ℹ️ Information transmission packet
2026/05/25 15:27:07 Server listening on :5023
2026/05/25 15:27:09 Received: 828BC37B1BA8546E3D8F3C2EB57077D81A0CAF4B3E5BA226C5CC08EE25FD2B211227F4
2026/05/25 15:27:09 serial 268
2026/05/25 15:27:09 Processing protocol: 0x26 
2026/05/25 15:27:09 ⚠️ Unknown protocol: 0x26
2026/05/25 15:27:11 Received: FE63287CEEE0419D21006A8B03D482B06D9E7F5CFE0C895181125323DFB8C440671BD92F55729F9A
2026/05/25 15:27:11 serial 269
2026/05/25 15:27:11 Processing protocol: 0x22 
2026/05/25 15:27:11 ✅ Location - IMEI: 867440069564326, Lat: 22.505216, Lon: 88.432394, Speed: 60, Course: 3337, Serial: 269
2026/05/25 15:27:13 Received: 47F3C53470D4913BEFBB00B080BBAFEAF679AD7E81983E8EC2B61079878F46708231A4
2026/05/25 15:27:13 serial 270
2026/05/25 15:27:13 Processing protocol: 0x26 
2026/05/25 15:27:13 ⚠️ Unknown protocol: 0x26
2026/05/25 15:27:15 Received: E11DBBAE24F07ABA3420F53416731CDD3955D0B75CFAB9ADB2B1D2A0688801A97E0D7D
2026/05/25 15:27:15 serial 271
2026/05/25 15:27:15 Processing protocol: 0x26 
2026/05/25 15:27:15 ⚠️ Unknown protocol: 0x26
2026/05/25 15:27:17 Client connected: 153.79.100.212:23015
2026/05/25 15:27:17 Received: FDD2264B0527400AFDE7EA3DE87E65C924A9D010
2026/05/25 15:27:17 serial 272
2026/05/25 15:27:17 Processing protocol: 0x01 
2026/05/25 15:27:17 ✅ Login packet - IMEI: 867440069564329, Serial: 272
2026/05/25 15:27:17 Sent response: A89FB4B1ADE51886C8AC
2026/05/25 15:27:19 Received: 1ADFD3FA0B088D1BB952877A2115D32B28FC7BD63DD0C3C6707B45E097B4E3E8487116
2026/05/25 15:27:19 serial 273
2026/05/25 15:27:19 Processing protocol: 0x26 
2026/05/25 15:27:19 ⚠️ Unknown protocol: 0x26
2026/05/25 15:27:21 Client connected: 92.175.134.146:59452
2026/05/25 15:27:21 Received: 1097D6D1EDEDE7C7C18758D62757664731720FD0
2026/05/25 15:27:21 serial 274
2026/05/25 15:27:21 Processing protocol: 0x01 
2026/05/25 15:27:21 ✅ Login packet - IMEI: 867440069564325, Serial: 274
2026/05/25 15:27:21 Sent response: 95DC12A1744FDFF93F31
2026/05/25 15:27:23 Received: 424270B0AC88164619255392BE173C3FE18E8D01C3340AF4555BDDF6B2E98637F4C6A0EFCDEBAE30
2026/05/25 15:27:23 serial 275
2026/05/25 15:27:23 Processing protocol: 0x22 
2026/05/25 15:27:23 ✅ Location - IMEI: 867440069564330, Lat: 22.644192, Lon: 88.439874, Speed: 119, Course: 3701, Serial: 275
2026/05/25 15:27:23 Connection error: EOF
2026/05/25 15:27:25 Server listening on :5023
2026/05/25 15:27:27 Server listening on :5023
2026/05/25 15:27:27 Connection error: EOF
2026/05/25 15:27:29 Received: 5331BF58D6416855021E8E04
2026/05/25 15:27:29 serial 276
2026/05/25 15:27:29 Processing protocol: 0x94 
2026/05/25 15:27:29 ℹ️ Information transmission packet
2026/05/25 15:27:31 Client connected: 13.55.106.153:56986
2026/05/25 15:27:31 Received: 903740D315E0C769D7F05D36FFD6E174A1ABBDC8
2026/05/25 15:27:31 serial 277
2026/05/25 15:27:31 Processing protocol: 0x01 
2026/05/25 15:27:31 ✅ Login packet - IMEI: 867440069564327, Serial: 277
2026/05/25 15:27:31 Sent response: 5AE1F5D6990702436342
2026/05/25 15:27:33 Received: D3228C01D2738340F3807A723AE02A858803FB6BDBF7ADFEB4C663A2590432D3F9DE20F0A2B2D518
2026/05/25 15:27:33 serial 278
2026/05/25 15:27:33 Processing protocol: 0x22 
2026/05/25 15:27:33 ✅ Location - IMEI: 867440069564322, Lat: 22.506977, Lon: 88.390032, Speed: 98, Course: 4382, Serial: 278
2026/05/25 15:27:35 Received: 9B52828B031DBE0520D320ED06BAF2BC7C5E899147FC401037FAEEC7D0D4CB7B1B72172DA2964810
2026/05/25 15:27:35 serial 279
2026/05/25 15:27:35 Processing protocol: 0x22 
2026/05/25 15:27:35 ✅ Location - IMEI: 867440069564322, Lat: 22.616889, Lon: 88.301102, Speed: 82, Course: 1698, Serial: 279
2026/05/25 15:27:35 Connection error: EOF
2026/05/25 15:27:37 Received: 9BB180C2313CA42CEA71B612672155E4DE4086B4C3D1C3F7845A2C5B42C7AD92BB90BDC865E31B4C
2026/05/25 15:27:37 serial 280
2026/05/25 15:27:37 Processing protocol: 0x22 
2026/05/25 15:27:37 ✅ Location - IMEI: 867440069564327, Lat: 22.649053, Lon: 88.372730, Speed: 9, Course: 3875, Serial: 280
2026/05/25 15:27:39 Received: 5F9C1961DEB73A9321ADE43F614653AB
2026/05/25 15:27:39 serial 281
2026/05/25 15:27:39 Processing protocol: 0x13 
2026/05/25 15:27:39 ✅ Heartbeat - IMEI: 867440069564330, Battery: 2, GSM: 3, TermInfo: 606D745B, Serial: 281
2026/05/25 15:27:39 Sent response: AB7FB890C8CD25C911BF
2026/05/25 15:27:41 Received: 8948C2472115D2FDBF508958BAF2F250
2026/05/25 15:27:41 serial 282
2026/05/25 15:27:41 Processing protocol: 0x13 
2026/05/25 15:27:41 ✅ Heartbeat - IMEI: 867440069564330, Battery: 3, GSM: 3, TermInfo: B43138FD, Serial: 282
2026/05/25 15:27:41 Sent response: 182F093C7DFBC2BD009E
2026/05/25 15:27:43 Server listening on :5023
2026/05/25 15:27:45 Received: 8C6A6F8F6541B38A1F7C7347
2026/05/25 15:27:45 serial 283
2026/05/25 15:27:45 Processing protocol: 0x94 
2026/05/25 15:27:45 ℹ️ Information transmission packet
2026/05/25 15:27:47 Received: 6FD5E9B2BB496956A81AD4E8D6A55573CAA243066D6F8957AC211616D9223126D81AE2FF1D829CBB
2026/05/25 15:27:47 serial 284
2026/05/25 15:27:47 Processing protocol: 0x22 
2026/05/25 15:27:47 ✅ Location - IMEI: 867440069564330, Lat: 22.688983, Lon: 88.556238, Speed: 51, Course: 4391, Serial: 284
2026/05/25 15:27:47 Connection error: EOF
2026/05/25 15:27:49 Received: D3C029F700549DE51D503F26D135E7F8
2026/05/25 15:27:49 serial 285
2026/05/25 15:27:49 Processing protocol: 0x13 
2026/05/25 15:27:49 ✅ Heartbeat - IMEI: 867440069564329, Battery: 6, GSM: 1, TermInfo: 2344F969, Serial: 285
2026/05/25 15:27:49 Sent response: 2CF8625FDA778571045D
2026/05/25 15:27:51 Received: 55A942E8F11879AA82F115C49607818C
2026/05/25 15:27:51 serial 286
2026/05/25 15:27:51 Processing protocol: 0x13 
2026/05/25 15:27:51 ✅ Heartbeat - IMEI: 867440069564321, Battery: 3, GSM: 4, TermInfo: 4083FAE6, Serial: 286
2026/05/25 15:27:51 Sent response: 80649ACE7BB88D24964E
2026/05/25 15:27:53 Received: F8D7BFC70061EEEF7C8249A4
2026/05/25 15:27:53 serial 287
2026/05/25 15:27:53 Processing protocol: 0x94 
2026/05/25 15:27:53 ℹ️ Information transmission packet
2026/05/25 15:27:55 Received: D89498FC0DA1CBA34041A36C5F7A631A
2026/05/25 15:27:55 serial 288
2026/05/25 15:27:55 Processing protocol: 0x13 
2026/05/25 15:27:55 ✅ Heartbeat - IMEI: 867440069564330, Battery: 6, GSM: 4, TermInfo: 6FC0793C, Serial: 288
2026/05/25 15:27:55 Sent response: E7B32CBED08A83CAE2F1
2026/05/25 15:27:57 Client connected: 44.187.210.129:49410
2026/05/25 15:27:57 Received: 79E1DEAB8C4F5CEBAFC23B3E8B269DF8166AB6D8
2026/05/25 15:27:57 serial 289
2026/05/25 15:27:57 Processing protocol: 0x01 
2026/05/25 15:27:57 ✅ Login packet - IMEI: 867440069564327, Serial: 289
2026/05/25 15:27:57 Sent response: FDA3B50CCEFA057B0132
2026/05/25 15:27:57 Connection error: EOF
2026/05/25 15:27:59 Received: B35C0E0A0934EB78B345ECBF
2026/05/25 15:27:59 serial 290
2026/05/25 15:27:59 Processing protocol: 0x94 
2026/05/25 15:27:59 ℹ️ Information transmission packet
2026/05/25 15:28:01 Server listening on :5023
2026/05/25 15:28:01 Connection error: EOF
2026/05/25 15:28:03 Server listening on :5023
2026/05/25 15:28:05 Received: D466A150CBA3C32EA0FA76A0ACCB56097A781BBF0DAA71E67E894BAF41885990F5CD7B7175959691
2026/05/25 15:28:05 serial 291
2026/05/25 15:28:05 Processing protocol: 0x22 
2026/05/25 15:28:05 ✅ Location - IMEI: 867440069564323, Lat: 22.557253, Lon: 88.365722, Speed: 30, Course: 4483, Serial: 291
2026/05/25 15:28:07 Server listening on :5023
2026/05/25 15:28:09 Received: 9C447A7A57991C8F9E579FDC
2026/05/25 15:28:09 serial 292
2026/05/25 15:28:09 Processing protocol: 0x94 
2026/05/25 15:28:09 ℹ️ Information transmission packet
2026/05/25 15:28:11 Client connected: 218.215.45.177:14771
2026/05/25 15:28:11 Received: 7FD7A59111058CD3B38DCFF77DFEC7F8E5B88223
2026/05/25 15:28:11 serial 293
2026/05/25 15:28:11 Processing protocol: 0x01 
2026/05/25 15:28:11 ✅ Login packet - IMEI: 867440069564329, Serial: 293
2026/05/25 15:28:11 Sent response: 6D3B4DE2F4B208EC6F3A
2026/05/25 15:28:13 Received: 467FAC8859D5932A01F7EE69
2026/05/25 15:28:13 serial 294
2026/05/25 15:28:13 Processing protocol: 0x94 
2026/05/25 15:28:13 ℹ️ Information transmission packet
2026/05/25 15:28:15 Server listening on :5023
2026/05/25 15:28:15 Connection error: EOF
2026/05/25 15:28:17 Received: D8492CD36B59713766BD9D6E
2026/05/25 15:28:17 serial 295
2026/05/25 15:28:17 Processing protocol: 0x94 
2026/05/25 15:28:17 ℹ️ Information transmission packet
2026/05/25 15:28:19 Received: E74682A08C335225F8DE853C3830E80ECE98D206A2589D04D05B87BF2B90750B6E04899F8EB1A87B
2026/05/25 15:28:19 serial 296
2026/05/25 15:28:19 Processing protocol: 0x22 
2026/05/25 15:28:19 ✅ Location - IMEI: 867440069564330, Lat: 22.567781, Lon: 88.520736, Speed: 20, Course: 3381, Serial: 296
2026/05/25 15:28:19 Connection error: EOF
2026/05/25 15:28:21 Server listening on :5023
2026/05/25 15:28:23 Received: 4F2D15FC34F28A36AAEB2B138B64AE29F2E011C29EA42CABB3BD0FA5C058D9BBF9D428
2026/05/25 15:28:23 serial 297
2026/05/25 15:28:23 Processing protocol: 0x26 
2026/05/25 15:28:23 ⚠️ Unknown protocol: 0x26
2026/05/25 15:28:25 Received: 9904E95ADD3DFF8CEDB0938C90E2C9551E94C9A3A6B1C0F3E226DA0CEA70828E762D2AC6CCDB75F2
2026/05/25 15:28:25 serial 298
2026/05/25 15:28:25 Processing protocol: 0x22 
2026/05/25 15:28:25 ✅ Location - IMEI: 867440069564324, Lat: 22.560845, Lon: 88.310832, Speed: 72, Course: 3498, Serial: 298
2026/05/25 15:28:25 Connection error: EOF
2026/05/25 15:28:27 Received: 0F5047A3AD3FD921DE8C932F508F5ACA991E180CC95E9C937340FC2072A7C451780DACCF3BC70D0C
2026/05/25 15:28:27 serial 299
2026/05/25 15:28:27 Processing protocol: 0x22 
2026/05/25 15:28:27 ✅ Location - IMEI: 867440069564330, Lat: 22.575173, Lon: 88.314933, Speed: 12, Course: 3161, Serial: 299
2026/05/25 15:28:29 Client connected: 178.80.212.61:27373
2026/05/25 15:28:29 Received: C42D11421BC1362E293D23BDBCAE0C4C5056B7AA
2026/05/25 15:28:29 serial 300
2026/05/25 15:28:29 Processing protocol: 0x01 
2026/05/25 15:28:29 ✅ Login packet - IMEI: 867440069564324, Serial: 300
2026/05/25 15:28:29 Sent response: 29522D45670F4049F76C
2026/05/25 15:28:31 Received: 9E3B2C6ED269163EC2ADA316FCFA11447DD13BAB388EEFB062221414D2BFC748C10C4D15BDA95629
2026/05/25 15:28:31 serial 301
2026/05/25 15:28:31 Processing protocol: 0x22 
2026/05/25 15:28:31 ✅ Location - IMEI: 867440069564322, Lat: 22.699433, Lon: 88.462326, Speed: 52, Course: 2204, Serial: 301
2026/05/25 15:28:33 Server listening on :5023
2026/05/25 15:28:35 Received: 130509A081F49FC1B1CB0D42CA014DC7
2026/05/25 15:28:35 serial 302
2026/05/25 15:28:35 Processing protocol: 0x13 
2026/05/25 15:28:35 ✅ Heartbeat - IMEI: 867440069564325, Battery: 6, GSM: 2, TermInfo: EF7DFC8A, Serial: 302
2026/05/25 15:28:35 Sent response: 753C315F39A717699775
2026/05/25 15:28:37 Received: 67401A21ABA00FCA47B2FBFA61B29ACD
2026/05/25 15:28:37 serial 303
2026/05/25 15:28:37 Processing protocol: 0x13 
2026/05/25 15:28:37 ✅ Heartbeat - IMEI: 867440069564321, Battery: 5, GSM: 2, TermInfo: DCC2E85B, Serial: 303
2026/05/25 15:28:37 Sent response: 067BB1ABEDE67E06FD3D
2026/05/25 15:28:39 Received: DFBFC0E32CB331CCB41D2628D450846D86B61C9F195A2B9CFC70FEA157E70B6D98B73E70863773BF
2026/05/25 15:28:39 serial 304
2026/05/25 15:28:39 Processing protocol: 0x22 
2026/05/25 15:28:39 ✅ Location - IMEI: 867440069564330, Lat: 22.670363, Lon: 88.514872, Speed: 49, Course: 5813, Serial: 304
2026/05/25 15:28:39 Connection error: EOF
2026/05/25 15:28:41 Server listening on :5023
2026/05/25 15:28:43 Received: 4BD47BBCEF62A475148B34FAA6F95AEAA7EC8B1FEE2F852BB01BE57FFA2FE8E3E24443
2026/05/25 15:28:43 serial 305
2026/05/25 15:28:43 Processing protocol: 0x26 
2026/05/25 15:28:43 ⚠️ Unknown protocol: 0x26
2026/05/25 15:28:43 Connection error: EOF
2026/05/25 15:28:45 Received: B3C728DE9BE98A1BDBAEBD64A111D06FD762BEF1105122CD2C595BAE872D5373DC336928063407E4
2026/05/25 15:28:45 serial 306
2026/05/25 15:28:45 Processing protocol: 0x22 
2026/05/25 15:28:45 ✅ Location - IMEI: 867440069564324, Lat: 22.594933, Lon: 88.449729, Speed: 77, Course: 1328, Serial: 306
2026/05/25 15:28:45 Connection error: EOF
2026/05/25 15:28:47 Received: 913B42E4AEE606CE8F0FE7BE0DDB60FB
2026/05/25 15:28:47 serial 307
2026/05/25 15:28:47 Processing protocol: 0x13 
2026/05/25 15:28:47 ✅ Heartbeat - IMEI: 867440069564323, Battery: 3, GSM: 2, TermInfo: C4B4DAA3, Serial: 307
2026/05/25 15:28:47 Sent response: 2C11E121EA9E626B7C1C
2026/05/25 15:28:49 Received: C90C502FAA83D13D0295027E0AA844D5910624829147D94A9C2180CCE84E4182092E0D
2026/05/25 15:28:49 serial 308
2026/05/25 15:28:49 Processing protocol: 0x26 
2026/05/25 15:28:49 ⚠️ Unknown protocol: 0x26
2026/05/25 15:28:51 Received: FAAB8B1CB2D9795B556D94C5
2026/05/25 15:28:51 serial 309
2026/05/25 15:28:51 Processing protocol: 0x94 
2026/05/25 15:28:51 ℹ️ Information transmission packet
2026/05/25 15:28:53 Client connected: 12.62.150.187:26077
2026/05/25 15:28:53 Received: 0FB64443819995532DA29B117F63C34133A33D04
2026/05/25 15:28:53 serial 310
2026/05/25 15:28:53 Processing protocol: 0x01 
2026/05/25 15:28:53 ✅ Login packet - IMEI: 867440069564324, Serial: 310
2026/05/25 15:28:53 Sent response: D8C8F7354D10B6C51C81
2026/05/25 15:28:55 Client connected: 7.224.4.243:30033
2026/05/25 15:28:55 Received: DDE603B0794CCDF6E6145AB36376BA9234743FF6
2026/05/25 15:28:55 serial 311
2026/05/25 15:28:55 Processing protocol: 0x01 
2026/05/25 15:28:55 ✅ Login packet - IMEI: 867440069564324, Serial: 311
2026/05/25 15:28:55 Sent response: 5933FAB3856AC603A75A
2026/05/25 15:28:57 Server listening on :5023
2026/05/25 15:28:59 Received: C19CE7F7318F11E4384BE81217EDAA80E784C4CBB1499C73A6FB9CC182ECC5982C88A7
2026/05/25 15:28:59 serial 312
2026/05/25 15:28:59 Processing protocol: 0x26 
2026/05/25 15:28:59 ⚠️ Unknown protocol: 0x26
2026/05/25 15:29:01 Received: 2723D6184E7B93C6E1F09031
2026/05/25 15:29:01 serial 313
2026/05/25 15:29:01 Processing protocol: 0x94 
2026/05/25 15:29:01 ℹ️ Information transmission packet
2026/05/25 15:29:03 Server listening on :5023
2026/05/25 15:29:05 Received: 7C1578D854481BE43FF2A75D67BE83DE
2026/05/25 15:29:05 serial 314
2026/05/25 15:29:05 Processing protocol: 0x13 
2026/05/25 15:29:05 ✅ Heartbeat - IMEI: 867440069564323, Battery: 2, GSM: 1, TermInfo: 5804A400, Serial: 314
2026/05/25 15:29:05 Sent response: CEA211AE35C8274C4759
2026/05/25 15:29:07 Received: 2295A49B397E0D3F1150E3E5E29AC3783BCB4B78703CD46332AED7DE5DF4B9A25984EE8EDAC679DB
2026/05/25 15:29:07 serial 315
2026/05/25 15:29:07 Processing protocol: 0x22 
2026/05/25 15:29:07 ✅ Location - IMEI: 867440069564321, Lat: 22.584676, Lon: 88.516417, Speed: 103, Course: 1094, Serial: 315
2026/05/25 15:29:09 Received: BA38725D94CD09301B61979CB319125AC4DC003E9D74DDDC54B857C4AB8A093995DBDDF2E3585252
2026/05/25 15:29:09 serial 316
2026/05/25 15:29:09 Processing protocol: 0x22 
2026/05/25 15:29:09 ✅ Location - IMEI: 867440069564330, Lat: 22.572993, Lon: 88.369060, Speed: 71, Course: 4438, Serial: 316
2026/05/25 15:29:11 Received: EF2C1797C077FC4EEA46AE27
2026/05/25 15:29:11 serial 317
2026/05/25 15:29:11 Processing protocol: 0x94 
2026/05/25 15:29:11 ℹ️ Information transmission packet
2026/05/25 15:29:13 Received: 7AF442A19C5000B46C18837F63A6CB52
2026/05/25 15:29:13 serial 318
2026/05/25 15:29:13 Processing protocol: 0x13 
2026/05/25 15:29:13 ✅ Heartbeat - IMEI: 867440069564326, Battery: 5, GSM: 5, TermInfo: 9C7276F7, Serial: 318
2026/05/25 15:29:13 Sent response: 5B9ED39C312661608FEC
2026/05/25 15:29:13 Connection error: EOF
2026/05/25 15:29:15 Server listening on :5023
2026/05/25 15:29:17 Received: 32C88B5150CDD71181554205689E22DF74A409D0EFA39250275C704359D3A7F6BA5D82
2026/05/25 15:29:17 serial 319
2026/05/25 15:29:17 Processing protocol: 0x26 
2026/05/25 15:29:17 ⚠️ Unknown protocol: 0x26
2026/05/25 15:29:19 Received: 163D1AEDC9D772B062295A3C782EEF74949746462E22C1F98B9933EC58CB71DE8F3005
2026/05/25 15:29:19 serial 320
2026/05/25 15:29:19 Processing protocol: 0x26 
2026/05/25 15:29:19 ⚠️ Unknown protocol: 0x26
2026/05/25 15:29:21 Received: CF7AD27DD348B9229D3998FB
2026/05/25 15:29:21 serial 321
2026/05/25 15:29:21 Processing protocol: 0x94 
2026/05/25 15:29:21 ℹ️ Information transmission packet
2026/05/25 15:29:23 Server listening on :5023
2026/05/25 15:29:25 Received: 0CE4299C311BBB0CDD428A23118E7375570EAF4300BD057A4712C25372363653FE361DC1E2E2E3D0
2026/05/25 15:29:25 serial 322
2026/05/25 15:29:25 Processing protocol: 0x22 
2026/05/25 15:29:25 ✅ Location - IMEI: 867440069564329, Lat: 22.599570, Lon: 88.520283, Speed: 26, Course: 5365, Serial: 322
2026/05/25 15:29:27 Received: 472975DB05EA5595996EC22D75D0FC04
2026/05/25 15:29:27 serial 323
2026/05/25 15:29:27 Processing protocol: 0x13 
2026/05/25 15:29:27 ✅ Heartbeat - IMEI: 867440069564328, Battery: 3, GSM: 2, TermInfo: EA98569C, Serial: 323
2026/05/25 15:29:27 Sent response: A49F44123B20876BBB8A
2026/05/25 15:29:29 Received: 086E557E2B03BD7DA31EAE1E037CBF94A51506D55FC63E0019E3AE3D21FB8C6DFB5A72
2026/05/25 15:29:29 serial 324
2026/05/25 15:29:29 Processing protocol: 0x26 
2026/05/25 15:29:29 ⚠️ Unknown protocol: 0x26
2026/05/25 15:29:31 Client connected: 64.66.168.154:46580
2026/05/25 15:29:31 Received: 6E64F2E4BC06767AF686A9457945484C23497193
2026/05/25 15:29:31 serial 325
2026/05/25 15:29:31 Processing protocol: 0x01 
2026/05/25 15:29:31 ✅ Login packet - IMEI: 867440069564324, Serial: 325
2026/05/25 15:29:31 Sent response: 13A1CE6A23B31A2D101E
2026/05/25 15:29:31 Connection error: EOF
2026/05/25 15:29:33 Received: AB6B00D21315D9D6976BD1709B60FBFF
2026/05/25 15:29:33 serial 326
2026/05/25 15:29:33 Processing protocol: 0x13 
2026/05/25 15:29:33 ✅ Heartbeat - IMEI: 867440069564326, Battery: 5, GSM: 4, TermInfo: 00B48819, Serial: 326
2026/05/25 15:29:33 Sent response: 14437B63BCE95D53A78E
2026/05/25 15:29:35 Received: 7EF742A1251ED2360CF8FFCC95DBBD123664CA49437F5F654829642E52F12BA888C9FFAE72CCDA29
2026/05/25 15:29:35 serial 327
2026/05/25 15:29:35 Processing protocol: 0x22 
2026/05/25 15:29:35 ✅ Location - IMEI: 867440069564329, Lat: 22.542314, Lon: 88.495258, Speed: 51, Course: 1289, Serial: 327
2026/05/25 15:29:37 Received: B88EE4AB51ACFD7D8F7292CB6B94E282
2026/05/25 15:29:37 serial 328
2026/05/25 15:29:37 Processing protocol: 0x13 
2026/05/25 15:29:37 ✅ Heartbeat - IMEI: 867440069564327, Battery: 1, GSM: 1, TermInfo: 55C145B6, Serial: 328
2026/05/25 15:29:37 Sent response: 9F80B48749DEC42E09BB
2026/05/25 15:29:37 Connection error: EOF
2026/05/25 15:29:39 Server listening on :5023
2026/05/25 15:29:41 Server listening on :5023
2026/05/25 15:29:43 Client connected: 49.97.163.110:30558
2026/05/25 15:29:43 Received: 0A56D42457AE8D934F5AA1350A49395B7578F28B
2026/05/25 15:29:43 serial 329
2026/05/25 15:29:43 Processing protocol: 0x01 
2026/05/25 15:29:43 ✅ Login packet - IMEI: 867440069564321, Serial: 329
2026/05/25 15:29:43 Sent response: 0100E6DDBEF41F5A9D86
2026/05/25 15:29:45 Received: 157E8581A8E2C987B31F1020E5D43170
2026/05/25 15:29:45 serial 330
2026/05/25 15:29:45 Processing protocol: 0x13 
2026/05/25 15:29:45 ✅ Heartbeat - IMEI: 867440069564329, Battery: 4, GSM: 4, TermInfo: F036B3CC, Serial: 330
2026/05/25 15:29:45 Sent response: 879284DFE71910D01171
2026/05/25 15:29:47 Received: 8E81F3EBE47054EEAFAEB21C
2026/05/25 15:29:47 serial 331
2026/05/25 15:29:47 Processing protocol: 0x94 
2026/05/25 15:29:47 ℹ️ Information transmission packet
2026/05/25 15:29:49 Received: 65315FD6A0E9BE7AD7A6582EE870FBA981D2FBA97847F31F9A572FB8EA3A924EF3E7D777B252FC1A
2026/05/25 15:29:49 serial 332
2026/05/25 15:29:49 Processing protocol: 0x22 
2026/05/25 15:29:49 ✅ Location - IMEI: 867440069564327, Lat: 22.664016, Lon: 88.367255, Speed: 52, Course: 2704, Serial: 332
2026/05/25 15:29:51 Received: 2C79136181A8134E143E86C4DDDF1609073DD387E3555EBC11C0FD428A1336C635A3A1B86B3AC941
2026/05/25 15:29:51 serial 333
2026/05/25 15:29:51 Processing protocol: 0x22 
2026/05/25 15:29:51 ✅ Location - IMEI: 867440069564328, Lat: 22.618465, Lon: 88.318495, Speed: 14, Course: 3105, Serial: 333
2026/05/25 15:29:53 Client connected: 134.114.172.234:27925
2026/05/25 15:29:53 Received: A900E6B3F9D93EEA9CD41F23F47E63E301B06D5A
2026/05/25 15:29:53 serial 334
2026/05/25 15:29:53 Processing protocol: 0x01 
2026/05/25 15:29:53 ✅ Login packet - IMEI: 867440069564327, Serial: 334
2026/05/25 15:29:53 Sent response: D7669E643D2EA808B312
2026/05/25 15:29:55 Received: 9DF250F3889CBA1464F03214D1957BBBD57A47C3EF1D56B27AC223B80AE6FF398A849D198FAFE85E
2026/05/25 15:29:55 serial 335
2026/05/25 15:29:55 Processing protocol: 0x22 
2026/05/25 15:29:55 ✅ Location - IMEI: 867440069564323, Lat: 22.687514, Lon: 88.381722, Speed: 99, Course: 5906, Serial: 335
2026/05/25 15:29:57 Received: 14AA7ABB0FB8C0BB2EBF96365D5C1C4429B68D8A34C02102799EB0F4B53B6353E03E64
2026/05/25 15:29:57 serial 336
2026/05/25 15:29:57 Processing protocol: 0x26 
2026/05/25 15:29:57 ⚠️ Unknown protocol: 0x26
2026/05/25 15:29:59 Server listening on :5023
2026/05/25 15:30:01 Server listening on :5023
2026/05/25 15:30:03 Client connected: 134.238.15.240:39348
2026/05/25 15:30:03 Received: B01BB3ED27E08E8B822428FD2332D37DF3FD6A2F
2026/05/25 15:30:03 serial 337
2026/05/25 15:30:03 Processing protocol: 0x01 
2026/05/25 15:30:03 ✅ Login packet - IMEI: 867440069564324, Serial: 337
2026/05/25 15:30:03 Sent response: AB73796BB7ECBAA47BDF
2026/05/25 15:30:05 Received: CA5632B4477B13C0F8811568
2026/05/25 15:30:05 serial 338
2026/05/25 15:30:05 Processing protocol: 0x94 
2026/05/25 15:30:05 ℹ️ Information transmission packet
2026/05/25 15:30:07 Received: 00CFD17C4CC9B3BA9271EA45E76512930010A07FA80A13B8FE5D63091FFB6102DFF669562DB7CEFE
2026/05/25 15:30:07 serial 339
2026/05/25 15:30:07 Processing protocol: 0x22 
2026/05/25 15:30:07 ✅ Location - IMEI: 867440069564325, Lat: 22.652705, Lon: 88.391287, Speed: 29, Course: 1987, Serial: 339
2026/05/25 15:30:09 Received: 6478FC122D79C577B2C36152B6A3B19F
2026/05/25 15:30:09 serial 340
2026/05/25 15:30:09 Processing protocol: 0x13 
2026/05/25 15:30:09 ✅ Heartbeat - IMEI: 867440069564329, Battery: 4, GSM: 3, TermInfo: 6FBDD966, Serial: 340
2026/05/25 15:30:09 Sent response: EEC0B8BC20B32E1E2419
2026/05/25 15:30:11 Received: C008FFF140C81CB176AE976CD8F5919578499B71352167DC303242F67BA952B34151203D1197BE42
2026/05/25 15:30:11 serial 341
2026/05/25 15:30:11 Processing protocol: 0x22 
2026/05/25 15:30:11 ✅ Location - IMEI: 867440069564323, Lat: 22.590892, Lon: 88.588502, Speed: 33, Course: 1907, Serial: 341
2026/05/25 15:30:13 Received: 4AA876115F005ED550B573E1
2026/05/25 15:30:13 serial 342
2026/05/25 15:30:13 Processing protocol: 0x94 
2026/05/25 15:30:13 ℹ️ Information transmission packet
2026/05/25 15:30:15 Server listening on :5023
2026/05/25 15:30:17 Received: 50ECEA48D7529E5B18820536
2026/05/25 15:30:17 serial 343
2026/05/25 15:30:17 Processing protocol: 0x94 
2026/05/25 15:30:17 ℹ️ Information transmission packet
2026/05/25 15:30:17 Connection error: EOF
2026/05/25 15:30:19 Server listening on :5023
2026/05/25 15:30:21 Client connected: 164.68.133.123:16986
2026/05/25 15:30:21 Received: BAEDAF44BEF156919ACAA80E326367922DC5B054
2026/05/25 15:30:21 serial 344
2026/05/25 15:30:21 Processing protocol: 0x01 
2026/05/25 15:30:21 ✅ Login packet - IMEI: 867440069564325, Serial: 344
2026/05/25 15:30:21 Sent response: 988EBBD8B37BF9B71001
2026/05/25 15:30:23 Received: 22FD3DBC4A74D0D141270309B29DD4B6
2026/05/25 15:30:23 serial 345
2026/05/25 15:30:23 Processing protocol: 0x13 
2026/05/25 15:30:23 ✅ Heartbeat - IMEI: 867440069564329, Battery: 3, GSM: 2, TermInfo: 741E87C1, Serial: 345
2026/05/25 15:30:23 Sent response: 6513A4EDDEEB818DFD5A
2026/05/25 15:30:25 Received: F188ED61392E2155D447B4E278ACC019
2026/05/25 15:30:25 serial 346
2026/05/25 15:30:25 Processing protocol: 0x13 
2026/05/25 15:30:25 ✅ Heartbeat - IMEI: 867440069564325, Battery: 1, GSM: 2, TermInfo: 6304FE39, Serial: 346
2026/05/25 15:30:25 Sent response: DB30422B8EEC991B542A
2026/05/25 15:30:25 Connection error: EOF
2026/05/25 15:30:27 Received: 3D004643C38363171D6312799E9B40949EFE0A3EDF6EC9A7B8C94F169B0F11618031F1FE13E7C3C8
2026/05/25 15:30:27 serial 347
2026/05/25 15:30:27 Processing protocol: 0x22 
2026/05/25 15:30:27 ✅ Location - IMEI: 867440069564330, Lat: 22.515472, Lon: 88.559662, Speed: 77, Course: 4650, Serial: 347
2026/05/25 15:30:29 Received: A5EE6132CB3016B469799E3B
2026/05/25 15:30:29 serial 348
2026/05/25 15:30:29 Processing protocol: 0x94 
2026/05/25 15:30:29 ℹ️ Information transmission packet
2026/05/25 15:30:31 Received: 2BC89EAA90C2FDECBEBE0A0D
2026/05/25 15:30:31 serial 349
2026/05/25 15:30:31 Processing protocol: 0x94 
2026/05/25 15:30:31 ℹ️ Information transmission packet
2026/05/25 15:30:33 Received: BFCE9FB2224DB61BF0501D4E8491591C910A20C5EECBCABEEFF113C0E2C9D0191179A7
2026/05/25 15:30:33 serial 350
2026/05/25 15:30:33 Processing protocol: 0x26 
2026/05/25 15:30:33 ⚠️ Unknown protocol: 0x26
2026/05/25 15:30:35 Received: 66A785703D65F770F6EA7CC22AF16E86
2026/05/25 15:30:35 serial 351
2026/05/25 15:30:35 Processing protocol: 0x13 
2026/05/25 15:30:35 ✅ Heartbeat - IMEI: 867440069564323, Battery: 5, GSM: 3, TermInfo: 95C38468, Serial: 351
2026/05/25 15:30:35 Sent response: 71036B90980F3BB352AC
2026/05/25 15:30:37 Received: B694C30BB8E46515E4363F2A0A32748F
2026/05/25 15:30:37 serial 352
2026/05/25 15:30:37 Processing protocol: 0x13 
2026/05/25 15:30:37 ✅ Heartbeat - IMEI: 867440069564322, Battery: 4, GSM: 2, TermInfo: 1F58D3B0, Serial: 352
2026/05/25 15:30:37 Sent response: 07D36E919020C9068F7A
2026/05/25 15:30:37 Connection error: EOF
2026/05/25 15:30:39 Received: 3CCD3DA5D130E780B69C46F80B968D0C34B9D0E01E345405FB10437BA017A47437BFA487A97046FC
2026/05/25 15:30:39 serial 353
2026/05/25 15:30:39 Processing protocol: 0x22 
2026/05/25 15:30:39 ✅ Location - IMEI: 867440069564328, Lat: 22.675744, Lon: 88.498396, Speed: 105, Course: 2105, Serial: 353
2026/05/25 15:30:41 Received: EA1F26D45776ED1DF7CF75DB18519FA5
2026/05/25 15:30:41 serial 354
2026/05/25 15:30:41 Processing protocol: 0x13 
2026/05/25 15:30:41 ✅ Heartbeat - IMEI: 867440069564325, Battery: 1, GSM: 2, TermInfo: 3CBD43BA, Serial: 354
2026/05/25 15:30:41 Sent response: 0BD15BFAD1F2D1B25039
2026/05/25 15:30:43 Received: 207CD403CE3B03335A92D7F6D93844A42A13B12EFD37CF369F4662F3AB0189AB1CE4C94317E12798
2026/05/25 15:30:43 serial 355
2026/05/25 15:30:43 Processing protocol: 0x22 
2026/05/25 15:30:43 ✅ Location - IMEI: 867440069564324, Lat: 22.522147, Lon: 88.554407, Speed: 39, Course: 1797, Serial: 355
2026/05/25 15:30:45 Server listening on :5023
2026/05/25 15:30:47 Client connected: 69.176.46.58:12581
2026/05/25 15:30:47 Received: D5CE48FEDDA6EE7802BC93A5A1E6D9F063045E69
2026/05/25 15:30:47 serial 356
2026/05/25 15:30:47 Processing protocol: 0x01 
2026/05/25 15:30:47 ✅ Login packet - IMEI: 867440069564325, Serial: 356
2026/05/25 15:30:47 Sent response: 719134744D070EE5320B
2026/05/25 15:30:49 Received: 8077102DB8DBBD41E45242126B2DCFE6
2026/05/25 15:30:49 serial 357
2026/05/25 15:30:49 Processing protocol: 0x13 
2026/05/25 15:30:49 ✅ Heartbeat - IMEI: 867440069564330, Battery: 6, GSM: 2, TermInfo: 6B9B53BF, Serial: 357
2026/05/25 15:30:49 Sent response: 27B35DCF97DCD6570275
2026/05/25 15:30:51 Received: A9899E8918D42EE636F1BC8FF85FD3B2
2026/05/25 15:30:51 serial 358
2026/05/25 15:30:51 Processing protocol: 0x13 
2026/05/25 15:30:51 ✅ Heartbeat - IMEI: 867440069564322, Battery: 6, GSM: 5, TermInfo: AEF030F1, Serial: 358
2026/05/25 15:30:51 Sent response: F3CDAAB8632D70696474
2026/05/25 15:30:53 Received: 69EEE86BBC2850C99F4A652E220ABA7B0B89AB005975FA8222F968060FEAE5E29DAC6F5587A57CCD
2026/05/25 15:30:53 serial 359
2026/05/25 15:30:53 Processing protocol: 0x22 
2026/05/25 15:30:53 ✅ Location - IMEI: 867440069564324, Lat: 22.568409, Lon: 88.565359, Speed: 15, Course: 1071, Serial: 359
2026/05/25 15:30:55 Server listening on :5023
2026/05/25 15:30:57 Client connected: 140.250.152.87:32762
2026/05/25 15:30:57 Received: 4144E3911AC2B6C645FEC15E8025C11571D68695
2026/05/25 15:30:57 serial 360
2026/05/25 15:30:57 Processing protocol: 0x01 
2026/05/25 15:30:57 ✅ Login packet - IMEI: 867440069564326, Serial: 360
2026/05/25 15:30:57 Sent response: FC0042A612377E197051
2026/05/25 15:30:57 Connection error: EOF
2026/05/25 15:30:59 Server listening on :5023
2026/05/25 15:31:01 Received: 474DDB5A43FD4A0F436F862C
2026/05/25 15:31:01 serial 361
2026/05/25 15:31:01 Processing protocol: 0x94 
2026/05/25 15:31:01 ℹ️ Information transmission packet
2026/05/25 15:31:03 Received: 5D7127B49C0B13CA9CBFCC04
2026/05/25 15:31:03 serial 362
2026/05/25 15:31:03 Processing protocol: 0x94 
2026/05/25 15:31:03 ℹ️ Information transmission packet
2026/05/25 15:31:05 Server listening on :5023
2026/05/25 15:31:05 Connection error: EOF
2026/05/25 15:31:07 Received: 60275D0032BFB280D4FA70D829710180F2FF2BA628F9BFD17A59BEDC63DC758CF5931E
2026/05/25 15:31:07 serial 363
2026/05/25 15:31:07 Processing protocol: 0x26 
2026/05/25 15:31:07 ⚠️ Unknown protocol: 0x26
2026/05/25 15:31:09 Received: 834ECFEA8B1170F3640B16831B556C0590ADADA687CF91A464F7B6E8F6D59F61AF53E682FF184868
2026/05/25 15:31:09 serial 364
2026/05/25 15:31:09 Processing protocol: 0x22 
2026/05/25 15:31:09 ✅ Location - IMEI: 867440069564323, Lat: 22.579566, Lon: 88.461361, Speed: 58, Course: 3747, Serial: 364
2026/05/25 15:31:09 Connection error: EOF
2026/05/25 15:31:11 Server listening on :5023
2026/05/25 15:31:11 Connection error: EOF
2026/05/25 15:31:13 Received: 4C5FADA6C1EA941C35D80EB241D6211C46CAF264EAF09EA5D76AEF971283310263A4FC
2026/05/25 15:31:13 serial 365
2026/05/25 15:31:13 Processing protocol: 0x26 
2026/05/25 15:31:13 ⚠️ Unknown protocol: 0x26
2026/05/25 15:31:13 Connection error: EOF
2026/05/25 15:31:15 Received: 20C8AE6FA1B318EA5FE13FB219C62211
2026/05/25 15:31:15 serial 366
2026/05/25 15:31:15 Processing protocol: 0x13 
2026/05/25 15:31:15 ✅ Heartbeat - IMEI: 867440069564325, Battery: 4, GSM: 4, TermInfo: 82979947, Serial: 366
2026/05/25 15:31:15 Sent response: 3E2225648D9C5A468608
2026/05/25 15:31:17 Server listening on :5023
2026/05/25 15:31:19 Received: 3AEF5236659F25EB09A5D38B07A8838EA35321C19AE17D02ECD5047743DB99D57D0A43
2026/05/25 15:31:19 serial 367
2026/05/25 15:31:19 Processing protocol: 0x26 
2026/05/25 15:31:19 ⚠️ Unknown protocol: 0x26
2026/05/25 15:31:21 Received: E8E5B0C08DA5EA67B1F9966AF2A48358
2026/05/25 15:31:21 serial 368
2026/05/25 15:31:21 Processing protocol: 0x13 
2026/05/25 15:31:21 ✅ Heartbeat - IMEI: 867440069564330, Battery: 3, GSM: 1, TermInfo: 925860B7, Serial: 368
2026/05/25 15:31:21 Sent response: D4903C6E328AE90103D8
2026/05/25 15:31:21 Connection error: EOF
2026/05/25 15:31:23 Received: 9F26253B0B88D785D31E3E61
2026/05/25 15:31:23 serial 369
2026/05/25 15:31:23 Processing protocol: 0x94 
2026/05/25 15:31:23 ℹ️ Information transmission packet
2026/05/25 15:31:25 Received: 2ACD82C51364AD1BDC7DF2E3
2026/05/25 15:31:25 serial 370
2026/05/25 15:31:25 Processing protocol: 0x94 
2026/05/25 15:31:25 ℹ️ Information transmission packet
2026/05/25 15:31:27 Received: 68D1C21817B531A0908EA7FF
2026/05/25 15:31:27 serial 371
2026/05/25 15:31:27 Processing protocol: 0x94 
2026/05/25 15:31:27 ℹ️ Information transmission packet
2026/05/25 15:31:27 Connection error: EOF
2026/05/25 15:31:29 Server listening on :5023
2026/05/25 15:31:31 Server listening on :5023
2026/05/25 15:31:33 Received: 0538DE127C3073954E5A70B5E1ABBB52AECACF57A6F18A3F5302748DD993C44F1065BDA9D7EA2CF4
2026/05/25 15:31:33 serial 372
2026/05/25 15:31:33 Processing protocol: 0x22 
2026/05/25 15:31:33 ✅ Location - IMEI: 867440069564322, Lat: 22.591549, Lon: 88.490055, Speed: 118, Course: 4264, Serial: 372
2026/05/25 15:31:33 Connection error: EOF
2026/05/25 15:31:35 Server listening on :5023
2026/05/25 15:31:37 Received: 5DB7D6DCD90B7813833FAAD0F65EBC595DC0172CF405136E5B3C22640AC0A71BC97744
2026/05/25 15:31:37 serial 373
2026/05/25 15:31:37 Processing protocol: 0x26 
2026/05/25 15:31:37 ⚠️ Unknown protocol: 0x26
2026/05/25 15:31:39 Client connected: 18.182.67.94:14729
2026/05/25 15:31:39 Received: 09CEBB80C649631F755223D0C0EFCB3503C8AC3D
2026/05/25 15:31:39 serial 374
2026/05/25 15:31:39 Processing protocol: 0x01 
2026/05/25 15:31:39 ✅ Login packet - IMEI: 867440069564328, Serial: 374
2026/05/25 15:31:39 Sent response: CECD75DCCC00CD7582BD
2026/05/25 15:31:41 Received: 9B4C1AE3300EB1F3B08393BBB2C3581F7E000B4FE06A84A332BE3EA900294199C786BB10F89991E9
2026/05/25 15:31:41 serial 375
2026/05/25 15:31:41 Processing protocol: 0x22 
2026/05/25 15:31:41 ✅ Location - IMEI: 867440069564324, Lat: 22.628372, Lon: 88.595495, Speed: 110, Course: 1865, Serial: 375
2026/05/25 15:31:43 Received: 4423441B114183DDE4CD4B63EB102E77D4DEA6C5C1DE6757705386F92442540DFC9A34
2026/05/25 15:31:43 serial 376
2026/05/25 15:31:43 Processing protocol: 0x26 
2026/05/25 15:31:43 ⚠️ Unknown protocol: 0x26
2026/05/25 15:31:45 Client connected: 79.76.138.11:26199
2026/05/25 15:31:45 Received: E344BFF6E6CCE1EFF22BEDDC3DEDEB3D50961926
2026/05/25 15:31:45 serial 377
2026/05/25 15:31:45 Processing protocol: 0x01 
2026/05/25 15:31:45 ✅ Login packet - IMEI: 867440069564329, Serial: 377
2026/05/25 15:31:45 Sent response: E4E0E30321F9BE455C51
2026/05/25 15:31:47 Server listening on :5023
2026/05/25 15:31:49 Received: 6E65C70C49A6E566FF059D99877AB7DB
2026/05/25 15:31:49 serial 378
2026/05/25 15:31:49 Processing protocol: 0x13 
2026/05/25 15:31:49 ✅ Heartbeat - IMEI: 867440069564326, Battery: 1, GSM: 2, TermInfo: A0BAA3F7, Serial: 378
2026/05/25 15:31:49 Sent response: 6C06A4EB655B85CD43CD
2026/05/25 15:31:51 Received: CA64B09EFF91062B5A435CB5654D00BA8F51D1DE6B27A5328B6E3E118701226C5FE12F
2026/05/25 15:31:51 serial 379
2026/05/25 15:31:51 Processing protocol: 0x26 
2026/05/25 15:31:51 ⚠️ Unknown protocol: 0x26
2026/05/25 15:31:53 Client connected: 35.203.211.227:18108
2026/05/25 15:31:53 Received: 7330A178FCD56CAB3530306A2EDFA9ABE86859EC
2026/05/25 15:31:53 serial 380
2026/05/25 15:31:53 Processing protocol: 0x01 
2026/05/25 15:31:53 ✅ Login packet - IMEI: 867440069564326, Serial: 380
2026/05/25 15:31:53 Sent response: 243A59799FD4D1C9BC6C
2026/05/25 15:31:55 Received: 7A8D2271A3978317CDE73FC12F2DBC1CE5C5D801C74396C483DEC903F706A388E7A3FAF147E1D5B6
2026/05/25 15:31:55 serial 381
2026/05/25 15:31:55 Processing protocol: 0x22 
2026/05/25 15:31:55 ✅ Location - IMEI: 867440069564326, Lat: 22.675076, Lon: 88.435616, Speed: 51, Course: 5919, Serial: 381
2026/05/25 15:31:57 Received: 184F4CCE8F206EAAE7A89EAA
2026/05/25 15:31:57 serial 382
2026/05/25 15:31:57 Processing protocol: 0x94 
2026/05/25 15:31:57 ℹ️ Information transmission packet
2026/05/25 15:31:59 Received: 98313962F38F2A0CBED85642DEF363637F0A43273375472BBEB98375E5325AD5208387
2026/05/25 15:31:59 serial 383
2026/05/25 15:31:59 Processing protocol: 0x26 
2026/05/25 15:31:59 ⚠️ Unknown protocol: 0x26
2026/05/25 15:32:01 Received: 00018536328A825605080161
2026/05/25 15:32:01 serial 384
2026/05/25 15:32:01 Processing protocol: 0x94 
2026/05/25 15:32:01 ℹ️ Information transmission packet
2026/05/25 15:32:03 Received: AD0DD48E209DC378FE2104F2BD72B1A51D3F77653F9E8322EE08E09D15BAB9F4CDC82B4C1F467672
2026/05/25 15:32:03 serial 385
2026/05/25 15:32:03 Processing protocol: 0x22 
2026/05/25 15:32:03 ✅ Location - IMEI: 867440069564329, Lat: 22.551969, Lon: 88.584506, Speed: 4, Course: 4588, Serial: 385
2026/05/25 15:32:05 Server listening on :5023
2026/05/25 15:32:07 Client connected: 64.36.245.152:49137
2026/05/25 15:32:07 Received: 536226B862010B01383A7A86666B166D5D3F4800
2026/05/25 15:32:07 serial 386
2026/05/25 15:32:07 Processing protocol: 0x01 
2026/05/25 15:32:07 ✅ Login packet - IMEI: 867440069564326, Serial: 386
2026/05/25 15:32:07 Sent response: 1023F11C2FC5E265EE1C
2026/05/25 15:32:09 Client connected: 59.208.207.132:12559
2026/05/25 15:32:09 Received: 4B4BEF2BE652B78688BEFF5F68FDE528F0E89A1D
2026/05/25 15:32:09 serial 387
2026/05/25 15:32:09 Processing protocol: 0x01 
2026/05/25 15:32:09 ✅ Login packet - IMEI: 867440069564325, Serial: 387
2026/05/25 15:32:09 Sent response: FEB3B45AF00AD15438FC
2026/05/25 15:32:11 Received: E30C52E0E4C5E35BB25B75DC783F159FD4527465C02D3B31C5878ACCED1A89F015C076
2026/05/25 15:32:11 serial 388
2026/05/25 15:32:11 Processing protocol: 0x26 
2026/05/25 15:32:11 ⚠️ Unknown protocol: 0x26
2026/05/25 15:32:13 Received: F3E50F6A5BD5C962A950704EC6BF4BF9
2026/05/25 15:32:13 serial 389
2026/05/25 15:32:13 Processing protocol: 0x13 
2026/05/25 15:32:13 ✅ Heartbeat - IMEI: 867440069564322, Battery: 6, GSM: 3, TermInfo: EAC2BF44, Serial: 389
2026/05/25 15:32:13 Sent response: BD8FE1BC080029636790
2026/05/25 15:32:13 Connection error: EOF
2026/05/25 15:32:15 Received: AD5258FC016ED003DF6C2E1615BA8E99
2026/05/25 15:32:15 serial 390
2026/05/25 15:32:15 Processing protocol: 0x13 
2026/05/25 15:32:15 ✅ Heartbeat - IMEI: 867440069564330, Battery: 2, GSM: 3, TermInfo: 3AD98736, Serial: 390
2026/05/25 15:32:15 Sent response: F4663187353E68178A25
2026/05/25 15:32:17 Received: E209A12D3367230C4B18D966C105B2EE
2026/05/25 15:32:17 serial 391
2026/05/25 15:32:17 Processing protocol: 0x13 
2026/05/25 15:32:17 ✅ Heartbeat - IMEI: 867440069564324, Battery: 6, GSM: 3, TermInfo: 45FA8D18, Serial: 391
2026/05/25 15:32:17 Sent response: 123EB6894E8E14BDEC78
2026/05/25 15:32:19 Received: 045C7F6DBE7FFC597B6127C6E69E777D68C8A0996CC34D217C1F948F0D1A099C20EA23
2026/05/25 15:32:19 serial 392
2026/05/25 15:32:19 Processing protocol: 0x26 
2026/05/25 15:32:19 ⚠️ Unknown protocol: 0x26
2026/05/25 15:32:21 Server listening on :5023
2026/05/25 15:32:23 Received: 7E2A7E29F7C20FE6FF5187E0
2026/05/25 15:32:23 serial 393
2026/05/25 15:32:23 Processing protocol: 0x94 
2026/05/25 15:32:23 ℹ️ Information transmission packet
2026/05/25 15:32:25 Received: 3DFAE74C0676EC9F19AEF5E8CC74210A33722102E01C94108287AB772482BDE1A55E45
2026/05/25 15:32:25 serial 394
2026/05/25 15:32:25 Processing protocol: 0x26 
2026/05/25 15:32:25 ⚠️ Unknown protocol: 0x26
2026/05/25 15:32:27 Received: 83CA61D7C0E60DFAB171A5E9C7AEA0C7
2026/05/25 15:32:27 serial 395
2026/05/25 15:32:27 Processing protocol: 0x13 
2026/05/25 15:32:27 ✅ Heartbeat - IMEI: 867440069564323, Battery: 6, GSM: 1, TermInfo: 517B3968, Serial: 395
2026/05/25 15:32:27 Sent response: 6600AC13D31A7CCE3DBD
2026/05/25 15:32:29 Received: 9EDCFD450A93A05D44459C01
2026/05/25 15:32:29 serial 396
2026/05/25 15:32:29 Processing protocol: 0x94 
2026/05/25 15:32:29 ℹ️ Information transmission packet
2026/05/25 15:32:29 Connection error: EOF
2026/05/25 15:32:31 Server listening on :5023
2026/05/25 15:32:33 Server listening on :5023
2026/05/25 15:32:35 Received: 178249CCFD61BF779569A17A
2026/05/25 15:32:35 serial 397
2026/05/25 15:32:35 Processing protocol: 0x94 
2026/05/25 15:32:35 ℹ️ Information transmission packet
2026/05/25 15:32:37 Received: EF659E5D5496BEF9959996C5CC62CEE9DF7AAB4F394D035554256559CE18A17E4EE9D8BE9E2158F9
2026/05/25 15:32:37 serial 398
2026/05/25 15:32:37 Processing protocol: 0x22 
2026/05/25 15:32:37 ✅ Location - IMEI: 867440069564324, Lat: 22.551140, Lon: 88.307989, Speed: 114, Course: 4941, Serial: 398
2026/05/25 15:32:37 Connection error: EOF
2026/05/25 15:32:39 Received: 08E2EE69197F065A07E796A5B92EF7B7
2026/05/25 15:32:39 serial 399
2026/05/25 15:32:39 Processing protocol: 0x13 
2026/05/25 15:32:39 ✅ Heartbeat - IMEI: 867440069564326, Battery: 5, GSM: 1, TermInfo: 737552EE, Serial: 399
2026/05/25 15:32:39 Sent response: 20071ADA824F33B91F6A
2026/05/25 15:32:41 Received: C323E86508A3B68FD5271D7759D7D561
2026/05/25 15:32:41 serial 400
2026/05/25 15:32:41 Processing protocol: 0x13 
2026/05/25 15:32:41 ✅ Heartbeat - IMEI: 867440069564327, Battery: 2, GSM: 5, TermInfo: A8018FA0, Serial: 400
2026/05/25 15:32:41 Sent response: C0204CD3091BB9DD633D
2026/05/25 15:32:43 Client connected: 40.41.235.220:43671
2026/05/25 15:32:43 Received: 0BE197FB06A11692AB8C24ECE3661928D2161EAE
2026/05/25 15:32:43 serial 401
2026/05/25 15:32:43 Processing protocol: 0x01 
2026/05/25 15:32:43 ✅ Login packet - IMEI: 867440069564325, Serial: 401
2026/05/25 15:32:43 Sent response: CDBD66AC10CD52F00BB0
2026/05/25 15:32:45 Received: E424619640800A35EB7445627186444674FE8EC0D9119702F94ABB77D1D743897E5281
2026/05/25 15:32:45 serial 402
2026/05/25 15:32:45 Processing protocol: 0x26 
2026/05/25 15:32:45 ⚠️ Unknown protocol: 0x26
2026/05/25 15:32:47 Received: C37BE2CFBE4D2B8A6D42DC3E946ADA06BFD8191531C8D896BE2BE4B3B64B08709DDE6FB71958F1F4
2026/05/25 15:32:47 serial 403
2026/05/25 15:32:47 Processing protocol: 0x22 
2026/05/25 15:32:47 ✅ Location - IMEI: 867440069564325, Lat: 22.515139, Lon: 88.512907, Speed: 27, Course: 3774, Serial: 403
2026/05/25 15:32:49 Received: 6F96BBD42AFA36034264BF0C2A2407CC
2026/05/25 15:32:49 serial 404
2026/05/25 15:32:49 Processing protocol: 0x13 
2026/05/25 15:32:49 ✅ Heartbeat - IMEI: 867440069564330, Battery: 1, GSM: 4, TermInfo: 0C58E763, Serial: 404
2026/05/25 15:32:49 Sent response: F7BD984B24A82B323C3F
2026/05/25 15:32:51 Client connected: 163.197.17.40:13360
2026/05/25 15:32:51 Received: 06430C971CF60416D4D075E2AAD3A93357FC38AE
2026/05/25 15:32:51 serial 405
2026/05/25 15:32:51 Processing protocol: 0x01 
2026/05/25 15:32:51 ✅ Login packet - IMEI: 867440069564330, Serial: 405
2026/05/25 15:32:51 Sent response: E1F66758057B67D99BB1
2026/05/25 15:32:53 Received: 4A257E02A612324A4C29B93C
2026/05/25 15:32:53 serial 406
2026/05/25 15:32:53 Processing protocol: 0x94 
2026/05/25 15:32:53 ℹ️ Information transmission packet
2026/05/25 15:32:55 Received: C71D27727E94828ADA6D743B17037E21DB8A2A5EA62DE07CF2B690C6AC70A2542A270A13E20F2A21
2026/05/25 15:32:55 serial 407
2026/05/25 15:32:55 Processing protocol: 0x22 
2026/05/25 15:32:55 ✅ Location - IMEI: 867440069564322, Lat: 22.698416, Lon: 88.486046, Speed: 92, Course: 4173, Serial: 407
2026/05/25 15:32:57 Received: CEA081F10FE111EBC51087BD
2026/05/25 15:32:57 serial 408
2026/05/25 15:32:57 Processing protocol: 0x94 
2026/05/25 15:32:57 ℹ️ Information transmission packet
2026/05/25 15:32:59 Received: 0AE40A5E200065471DAA650092E075DABE7557C2B8CA5C51414204940F1F49BA83456E
2026/05/25 15:32:59 serial 409
2026/05/25 15:32:59 Processing protocol: 0x26 
2026/05/25 15:32:59 ⚠️ Unknown protocol: 0x26
2026/05/25 15:33:01 Server listening on :5023
2026/05/25 15:33:03 Received: F2953E7FDD1BB85BB3495E77C3D2D840
2026/05/25 15:33:03 serial 410
2026/05/25 15:33:03 Processing protocol: 0x13 
2026/05/25 15:33:03 ✅ Heartbeat - IMEI: 867440069564322, Battery: 5, GSM: 3, TermInfo: E5D17CD6, Serial: 410
2026/05/25 15:33:03 Sent response: 4B8EB4FB312A4BF322F8
2026/05/25 15:33:05 Received: 838E03CFA90C2E5A32598CEF
2026/05/25 15:33:05 serial 411
2026/05/25 15:33:05 Processing protocol: 0x94 
2026/05/25 15:33:05 ℹ️ Information transmission packet
2026/05/25 15:33:07 Received: 8693DEF5E5A5858527D6F2C9F247D16966966C31CBBFA4208C2C163AA71ED15508AC6F
2026/05/25 15:33:07 serial 412
2026/05/25 15:33:07 Processing protocol: 0x26 
2026/05/25 15:33:07 ⚠️ Unknown protocol: 0x26
2026/05/25 15:33:09 Received: 74652C0153A64E01EB0FBF0A
2026/05/25 15:33:09 serial 413
2026/05/25 15:33:09 Processing protocol: 0x94 
2026/05/25 15:33:09 ℹ️ Information transmission packet
2026/05/25 15:33:11 Received: 00E4D14148567C28F0535785
2026/05/25 15:33:11 serial 414
2026/05/25 15:33:11 Processing protocol: 0x94 
2026/05/25 15:33:11 ℹ️ Information transmission packet
2026/05/25 15:33:13 Received: 7D923456410A0217356A80E7E0ACE6C2CA45A21D8B9D62EE3AD794A069CC52CF951C63
2026/05/25 15:33:13 serial 415
2026/05/25 15:33:13 Processing protocol: 0x26 
2026/05/25 15:33:13 ⚠️ Unknown protocol: 0x26
2026/05/25 15:33:15 Server listening on :5023
2026/05/25 15:33:17 Received: 8730C5BEF87B8797FBA70873248F3B7E237A0AECC6C8887D42B2D1205A77D44F986CC13BBF204EEF
2026/05/25 15:33:17 serial 416
2026/05/25 15:33:17 Processing protocol: 0x22 
2026/05/25 15:33:17 ✅ Location - IMEI: 867440069564330, Lat: 22.627839, Lon: 88.423451, Speed: 115, Course: 4335, Serial: 416
2026/05/25 15:33:19 Received: 468EF43DB43BFBDB20ABB789029EDF151072CF4EEEA154F80EB4E39D0F76C6A3B30736
2026/05/25 15:33:19 serial 417
2026/05/25 15:33:19 Processing protocol: 0x26 
2026/05/25 15:33:19 ⚠️ Unknown protocol: 0x26
2026/05/25 15:33:21 Received: 210166246A92D5FF38B9A880E552BE47
2026/05/25 15:33:21 serial 418
2026/05/25 15:33:21 Processing protocol: 0x13 
2026/05/25 15:33:21 ✅ Heartbeat - IMEI: 867440069564322, Battery: 2, GSM: 3, TermInfo: C32AD210, Serial: 418
2026/05/25 15:33:21 Sent response: 7B0997F40E366BE3DF99
2026/05/25 15:33:23 Received: 49A332B46C5B471D1060337FCA2EC5C5
2026/05/25 15:33:23 serial 419
2026/05/25 15:33:23 Processing protocol: 0x13 
2026/05/25 15:33:23 ✅ Heartbeat - IMEI: 867440069564330, Battery: 4, GSM: 1, TermInfo: 5AD3A778, Serial: 419
2026/05/25 15:33:23 Sent response: 7508D41ABBBD0DB0EF52
2026/05/25 15:33:25 Received: 0DDB65B32E1AB6A49933E28AA444CEB9403983F130AE26E97DA2A41258D586D8C490A7
2026/05/25 15:33:25 serial 420
2026/05/25 15:33:25 Processing protocol: 0x26 
2026/05/25 15:33:25 ⚠️ Unknown protocol: 0x26
2026/05/25 15:33:27 Server listening on :5023
2026/05/25 15:33:29 Received: A3F5EB0BA705F295EC98CB484320AFFC
2026/05/25 15:33:29 serial 421
2026/05/25 15:33:29 Processing protocol: 0x13 
2026/05/25 15:33:29 ✅ Heartbeat - IMEI: 867440069564326, Battery: 3, GSM: 5, TermInfo: D8EEC7F7, Serial: 421
2026/05/25 15:33:29 Sent response: 847FD87E9A37004FE1DB
2026/05/25 15:33:29 Connection error: EOF
2026/05/25 15:33:31 Received: D4B6F83BD1D1181BCB928802044F18A125B3B630CA50092C4E1365F29CD4CD0042FB77
2026/05/25 15:33:31 serial 422
2026/05/25 15:33:31 Processing protocol: 0x26 
2026/05/25 15:33:31 ⚠️ Unknown protocol: 0x26
2026/05/25 15:33:33 Received: 6250681862EA1CF0D110B56A4A176CE9
2026/05/25 15:33:33 serial 423
2026/05/25 15:33:33 Processing protocol: 0x13 
2026/05/25 15:33:33 ✅ Heartbeat - IMEI: 867440069564326, Battery: 4, GSM: 3, TermInfo: 7835C594, Serial: 423
2026/05/25 15:33:33 Sent response: DF84F0A6006EDEB8F4B3
2026/05/25 15:33:35 Received: 14F799DA960AFBCF71A14FAE110DF141
2026/05/25 15:33:35 serial 424
2026/05/25 15:33:35 Processing protocol: 0x13 
2026/05/25 15:33:35 ✅ Heartbeat - IMEI: 867440069564327, Battery: 2, GSM: 2, TermInfo: 2FE9D0FB, Serial: 424
2026/05/25 15:33:35 Sent response: 9117717DF6487FBEE87A
2026/05/25 15:33:37 Client connected: 154.135.92.172:10209
2026/05/25 15:33:37 Received: F9F04B4B8CBCEB3A4E94784F23B96964B5D7AA89
2026/05/25 15:33:37 serial 425
2026/05/25 15:33:37 Processing protocol: 0x01 
2026/05/25 15:33:37 ✅ Login packet - IMEI: 867440069564330, Serial: 425
2026/05/25 15:33:37 Sent response: 181523177454DA3FE009
2026/05/25 15:33:39 Received: 7F289E5AA5ABC183A05767EC58A91E9458ACE3F88B3B42FEA2DB5BF154F16CE498058115E9A223DF
2026/05/25 15:33:39 serial 426
2026/05/25 15:33:39 Processing protocol: 0x22 
2026/05/25 15:33:39 ✅ Location - IMEI: 867440069564330, Lat: 22.653628, Lon: 88.400520, Speed: 27, Course: 2982, Serial: 426
2026/05/25 15:33:41 Server listening on :5023
2026/05/25 15:33:43 Server listening on :5023
2026/05/25 15:33:45 Server listening on :5023
2026/05/25 15:33:47 Received: 114FEA09BD2CEF22560ECBBDD745A698
2026/05/25 15:33:47 serial 427
2026/05/25 15:33:47 Processing protocol: 0x13 
2026/05/25 15:33:47 ✅ Heartbeat - IMEI: 867440069564327, Battery: 1, GSM: 1, TermInfo: 01AD4D26, Serial: 427
2026/05/25 15:33:47 Sent response: 6475A366DE976EF61ECB
2026/05/25 15:33:49 Received: A7503E0B2B727C75F5EE3AD570727425
2026/05/25 15:33:49 serial 428
2026/05/25 15:33:49 Processing protocol: 0x13 
2026/05/25 15:33:49 ✅ Heartbeat - IMEI: 867440069564323, Battery: 3, GSM: 3, TermInfo: CC2A6DAD, Serial: 428
2026/05/25 15:33:49 Sent response: 4161A8E2AC611C59B306
2026/05/25 15:33:49 Connection error: EOF
2026/05/25 15:33:51 Server listening on :5023
2026/05/25 15:33:51 Connection error: EOF
2026/05/25 15:33:53 Received: 8B601E637743B5C10201B87DF78248FDC97520804DF91FE7A8E1DDD67740A375EDF47C7658D106EA
2026/05/25 15:33:53 serial 429
2026/05/25 15:33:53 Processing protocol: 0x22 
2026/05/25 15:33:53 ✅ Location - IMEI: 867440069564321, Lat: 22.566346, Lon: 88.516293, Speed: 5, Course: 5102, Serial: 429
2026/05/25 15:33:55 Received: 2847C009BBDFA85F22B459D10985CE5986AB0DFB40DDC1DB68DFDBBC3F906FF2AD4525
2026/05/25 15:33:55 serial 430
2026/05/25 15:33:55 Processing protocol: 0x26 
2026/05/25 15:33:55 ⚠️ Unknown protocol: 0x26
2026/05/25 15:33:57 Received: 459927C8BDF2D37BE8175391
2026/05/25 15:33:57 serial 431
2026/05/25 15:33:57 Processing protocol: 0x94 
2026/05/25 15:33:57 ℹ️ Information transmission packet
2026/05/25 15:33:59 Server listening on :5023
2026/05/25 15:34:01 Received: 2D420D06B73FD4E1E4DCAE6CFB693C533401EEEA95961C9C4E032DFD346AB8BF6BB73E
2026/05/25 15:34:01 serial 432
2026/05/25 15:34:01 Processing protocol: 0x26 
2026/05/25 15:34:01 ⚠️ Unknown protocol: 0x26
2026/05/25 15:34:03 Received: 21986F4417D471D353BBF43BF82C7DBE893B7C0BACE36B747815DF330022FBC7CA44E4D8954DAF49
2026/05/25 15:34:03 serial 433
2026/05/25 15:34:03 Processing protocol: 0x22 
2026/05/25 15:34:03 ✅ Location - IMEI: 867440069564326, Lat: 22.606407, Lon: 88.311017, Speed: 53, Course: 3606, Serial: 433
2026/05/25 15:34:03 Connection error: EOF
2026/05/25 15:34:05 Server listening on :5023
2026/05/25 15:34:07 Server listening on :5023
2026/05/25 15:34:09 Received: 59AA4A2A6335B77A97FD511D
2026/05/25 15:34:09 serial 434
2026/05/25 15:34:09 Processing protocol: 0x94 
2026/05/25 15:34:09 ℹ️ Information transmission packet
2026/05/25 15:34:11 Server listening on :5023
2026/05/25 15:34:13 Received: 7A9BE6E789ACFABA6FB7911D
2026/05/25 15:34:13 serial 435
2026/05/25 15:34:13 Processing protocol: 0x94 
2026/05/25 15:34:13 ℹ️ Information transmission packet
2026/05/25 15:34:15 Received: DF948CBB33E65DACE13FF8F0
2026/05/25 15:34:15 serial 436
2026/05/25 15:34:15 Processing protocol: 0x94 
2026/05/25 15:34:15 ℹ️ Information transmission packet
2026/05/25 15:34:17 Received: 280AA7F42E12562A2BA52DF4
2026/05/25 15:34:17 serial 437
2026/05/25 15:34:17 Processing protocol: 0x94 
2026/05/25 15:34:17 ℹ️ Information transmission packet
2026/05/25 15:34:19 Received: 4969338AAD38471B999BB8C9A178071E
2026/05/25 15:34:19 serial 438
2026/05/25 15:34:19 Processing protocol: 0x13 
2026/05/25 15:34:19 ✅ Heartbeat - IMEI: 867440069564328, Battery: 3, GSM: 1, TermInfo: 5F1275C6, Serial: 438
2026/05/25 15:34:19 Sent response: 66B5B87281B80AAC6949
2026/05/25 15:34:19 Connection error: EOF
2026/05/25 15:34:21 Received: F002A1CB885E0A27AA59A80276FA535DA5D95C6E630313035C9359D8F2C3526306AEB0
2026/05/25 15:34:21 serial 439
2026/05/25 15:34:21 Processing protocol: 0x26 
2026/05/25 15:34:21 ⚠️ Unknown protocol: 0x26
2026/05/25 15:34:21 Connection error: EOF
2026/05/25 15:34:23 Received: B727006317A25629BC26DFE4
2026/05/25 15:34:23 serial 440
2026/05/25 15:34:23 Processing protocol: 0x94 
2026/05/25 15:34:23 ℹ️ Information transmission packet
2026/05/25 15:34:23 Connection error: EOF
2026/05/25 15:34:25 Received: B4A55601C726A4C1D892DBB832DE45E7
2026/05/25 15:34:25 serial 441
2026/05/25 15:34:25 Processing protocol: 0x13 
2026/05/25 15:34:25 ✅ Heartbeat - IMEI: 867440069564322, Battery: 2, GSM: 2, TermInfo: BBCF11BC, Serial: 441
2026/05/25 15:34:25 Sent response: 8982BF508C0F30859F2E
2026/05/25 15:34:27 Received: DCC6903169826BE2D6B39A6B
2026/05/25 15:34:27 serial 442
2026/05/25 15:34:27 Processing protocol: 0x94 
2026/05/25 15:34:27 ℹ️ Information transmission packet
2026/05/25 15:34:29 Client connected: 212.166.107.249:25854
2026/05/25 15:34:29 Received: E16199CF13D1DD151E544CBE288F706E5C64AB39
2026/05/25 15:34:29 serial 443
2026/05/25 15:34:29 Processing protocol: 0x01 
2026/05/25 15:34:29 ✅ Login packet - IMEI: 867440069564324, Serial: 443
2026/05/25 15:34:29 Sent response: 9059721C018964DB279C
2026/05/25 15:34:31 Received: B1F1531E48DBD7F431A3C507
2026/05/25 15:34:31 serial 444
2026/05/25 15:34:31 Processing protocol: 0x94 
2026/05/25 15:34:31 ℹ️ Information transmission packet
2026/05/25 15:34:33 Client connected: 78.80.71.23:23764
2026/05/25 15:34:33 Received: F683086B82355B3F2EA4DE9FC14B9F5F19CF57D6
2026/05/25 15:34:33 serial 445
2026/05/25 15:34:33 Processing protocol: 0x01 
2026/05/25 15:34:33 ✅ Login packet - IMEI: 867440069564330, Serial: 445
2026/05/25 15:34:33 Sent response: CD5B6DBA724400240694
2026/05/25 15:34:35 Server listening on :5023
2026/05/25 15:34:37 Received: 6FDE1F14B43FD85C122E481F1F11510284AE1C5B6FB275335B03D11DB2A1CF8EA36F40
2026/05/25 15:34:37 serial 446
2026/05/25 15:34:37 Processing protocol: 0x26 
2026/05/25 15:34:37 ⚠️ Unknown protocol: 0x26
2026/05/25 15:34:39 Received: C7EE3F32DAC4837F1E40E4DAB413DC3116A64BFA713879A204F5F2359DAE00546527E9
2026/05/25 15:34:39 serial 447
2026/05/25 15:34:39 Processing protocol: 0x26 
2026/05/25 15:34:39 ⚠️ Unknown protocol: 0x26
2026/05/25 15:34:41 Received: C1499A19A974EBEF60FF13A0F4462917A80BB22D1792AB1844BEE87BB18780BBBF253E
2026/05/25 15:34:41 serial 448
2026/05/25 15:34:41 Processing protocol: 0x26 
2026/05/25 15:34:41 ⚠️ Unknown protocol: 0x26
2026/05/25 15:34:43 Received: 0A77FF8C2F18466D08DB4ED0C82CAB21A17940A3CC21BE51BD9E6C1F906F1A4248A43D1A0FCEF349
2026/05/25 15:34:43 serial 449
2026/05/25 15:34:43 Processing protocol: 0x22 
2026/05/25 15:34:43 ✅ Location - IMEI: 867440069564328, Lat: 22.546462, Lon: 88.479568, Speed: 53, Course: 3778, Serial: 449
2026/05/25 15:34:43 Connection error: EOF
2026/05/25 15:34:45 Client connected: 135.180.234.123:17204
2026/05/25 15:34:45 Received: 5A0ED89458326B4A9C1043D63671C1F54AF81FA0
2026/05/25 15:34:45 serial 450
2026/05/25 15:34:45 Processing protocol: 0x01 
2026/05/25 15:34:45 ✅ Login packet - IMEI: 867440069564321, Serial: 450
2026/05/25 15:34:45 Sent response: 632DBAFE66AB0236E991
2026/05/25 15:34:47 Server listening on :5023
2026/05/25 15:34:49 Received: CE2B7ADAFE5039C832FCE0BB5E4E612ED9C5F6F32AE21EDEE93A362D069BB179CB74C0
2026/05/25 15:34:49 serial 451
2026/05/25 15:34:49 Processing protocol: 0x26 
2026/05/25 15:34:49 ⚠️ Unknown protocol: 0x26
2026/05/25 15:34:51 Server listening on :5023
2026/05/25 15:34:53 Received: 67E1B39266F598DC89B1EA0A
2026/05/25 15:34:53 serial 452
2026/05/25 15:34:53 Processing protocol: 0x94 
2026/05/25 15:34:53 ℹ️ Information transmission packet
2026/05/25 15:34:55 Received: 22386ABE1C0C9ECECE083413F9C701F489D67FEF1CC3705D259623622C261A69BF2827A1BF98C56F
2026/05/25 15:34:55 serial 453
2026/05/25 15:34:55 Processing protocol: 0x22 
2026/05/25 15:34:55 ✅ Location - IMEI: 867440069564330, Lat: 22.688717, Lon: 88.579674, Speed: 91, Course: 5450, Serial: 453
2026/05/25 15:34:57 Client connected: 221.41.82.250:54377
2026/05/25 15:34:57 Received: 5FFEE598EF846CB44E29D0502DAED76E97DEFE5D
2026/05/25 15:34:57 serial 454
2026/05/25 15:34:57 Processing protocol: 0x01 
2026/05/25 15:34:57 ✅ Login packet - IMEI: 867440069564326, Serial: 454
2026/05/25 15:34:57 Sent response: 980BDC234AB3336F5CFB
2026/05/25 15:34:59 Server listening on :5023
2026/05/25 15:35:01 Received: FD210F4347316126A0A3E4A1B23208BDAF5F1952E28290331E6E7395D8405073C0720DD659C83BE3
2026/05/25 15:35:01 serial 455
2026/05/25 15:35:01 Processing protocol: 0x22 
2026/05/25 15:35:01 ✅ Location - IMEI: 867440069564326, Lat: 22.549858, Lon: 88.451653, Speed: 29, Course: 5067, Serial: 455
2026/05/25 15:35:03 Received: 85C5BF4F43837605EC1749D0
2026/05/25 15:35:03 serial 456
2026/05/25 15:35:03 Processing protocol: 0x94 
2026/05/25 15:35:03 ℹ️ Information transmission packet
2026/05/25 15:35:05 Received: A7D46C9FEE0FCA3D8C2FCFFE
2026/05/25 15:35:05 serial 457
2026/05/25 15:35:05 Processing protocol: 0x94 
2026/05/25 15:35:05 ℹ️ Information transmission packet
2026/05/25 15:35:07 Client connected: 51.105.22.201:49198
2026/05/25 15:35:07 Received: 62E41CA39BA8BC1EBBB3FD65BDE1E3A5E8F0DD99
2026/05/25 15:35:07 serial 458
2026/05/25 15:35:07 Processing protocol: 0x01 
2026/05/25 15:35:07 ✅ Login packet - IMEI: 867440069564328, Serial: 458
2026/05/25 15:35:07 Sent response: 85A8FAB91DF0D38E1C87
2026/05/25 15:35:09 Received: B62C26F1E703F2D001F8B71F5E01215FE4EB53E179BD1813FBFA3A87D410C569620CB7
2026/05/25 15:35:09 serial 459
2026/05/25 15:35:09 Processing protocol: 0x26 
2026/05/25 15:35:09 ⚠️ Unknown protocol: 0x26
2026/05/25 15:35:11 Server listening on :5023
2026/05/25 15:35:13 Received: 7EED46589A7B8728E3C602718ABD22B6
2026/05/25 15:35:13 serial 460
2026/05/25 15:35:13 Processing protocol: 0x13 
2026/05/25 15:35:13 ✅ Heartbeat - IMEI: 867440069564321, Battery: 6, GSM: 2, TermInfo: BE143D61, Serial: 460
2026/05/25 15:35:13 Sent response: 2016198C66845D6CDCB9
2026/05/25 15:35:15 Server listening on :5023
2026/05/25 15:35:17 Received: 86AF18229BCDBC2944F097FFC915AFAD
2026/05/25 15:35:17 serial 461
2026/05/25 15:35:17 Processing protocol: 0x13 
2026/05/25 15:35:17 ✅ Heartbeat - IMEI: 867440069564327, Battery: 2, GSM: 3, TermInfo: 68C2C5E8, Serial: 461
2026/05/25 15:35:17 Sent response: 8FBA87BAAD2F6408428F
2026/05/25 15:35:19 Received: 3F086B1EF7D0E151C6298D5C
2026/05/25 15:35:19 serial 462
2026/05/25 15:35:19 Processing protocol: 0x94 
2026/05/25 15:35:19 ℹ️ Information transmission packet
2026/05/25 15:35:21 Received: 05873B534DB30F3B97C13793F732ABD83A415908E777917E14DDD08FF211CF28997A6E7538B9D88A
2026/05/25 15:35:21 serial 463
2026/05/25 15:35:21 Processing protocol: 0x22 
2026/05/25 15:35:21 ✅ Location - IMEI: 867440069564325, Lat: 22.577903, Lon: 88.516559, Speed: 65, Course: 5535, Serial: 463
2026/05/25 15:35:23 Received: BCCFFBD4BE741F40276813319C21724EDB7BC7DACABD1B9E02EDAFEE549AB012F9EF5271CA877488
2026/05/25 15:35:23 serial 464
2026/05/25 15:35:23 Processing protocol: 0x22 
2026/05/25 15:35:23 ✅ Location - IMEI: 867440069564329, Lat: 22.508398, Lon: 88.308746, Speed: 69, Course: 3584, Serial: 464
2026/05/25 15:35:25 Received: C9B0FB205E74A6A42F9E09D98D8E46F38A6189275E7E82775ACDA913AB76780CFC905CAC2932FC88
2026/05/25 15:35:25 serial 465
2026/05/25 15:35:25 Processing protocol: 0x22 
2026/05/25 15:35:25 ✅ Location - IMEI: 867440069564330, Lat: 22.640348, Lon: 88.528622, Speed: 95, Course: 3905, Serial: 465
2026/05/25 15:35:27 Received: C952FFDD50FC368B197EF8C1E67E1053DC6EAE07326E6F50E1D9ECA2B816D14355E157
2026/05/25 15:35:27 serial 466
2026/05/25 15:35:27 Processing protocol: 0x26 
2026/05/25 15:35:27 ⚠️ Unknown protocol: 0x26
2026/05/25 15:35:29 Received: BCB35A2B03AE867765053B4F4357E3A73D66753E363759973E64530CC05AC5CFFB8B98
2026/05/25 15:35:29 serial 467
2026/05/25 15:35:29 Processing protocol: 0x26 
2026/05/25 15:35:29 ⚠️ Unknown protocol: 0x26
2026/05/25 15:35:31 Received: A65B40AA4B88FD7566F8DE412778168D
2026/05/25 15:35:31 serial 468
2026/05/25 15:35:31 Processing protocol: 0x13 
2026/05/25 15:35:31 ✅ Heartbeat - IMEI: 867440069564322, Battery: 4, GSM: 3, TermInfo: E67301EB, Serial: 468
2026/05/25 15:35:31 Sent response: 16B9111C29379BEC2BF7
2026/05/25 15:35:33 Received: C8ED184C0AA3DFB77EBD1CFC
2026/05/25 15:35:33 serial 469
2026/05/25 15:35:33 Processing protocol: 0x94 
2026/05/25 15:35:33 ℹ️ Information transmission packet
2026/05/25 15:35:35 Server listening on :5023
2026/05/25 15:35:37 Received: D7887C8E9B5C341C1E02D74A
2026/05/25 15:35:37 serial 470
2026/05/25 15:35:37 Processing protocol: 0x94 
2026/05/25 15:35:37 ℹ️ Information transmission packet
2026/05/25 15:35:39 Received: 0B8B32F8565B5FD21EB6F69C
2026/05/25 15:35:39 serial 471
2026/05/25 15:35:39 Processing protocol: 0x94 
2026/05/25 15:35:39 ℹ️ Information transmission packet
2026/05/25 15:35:41 Server listening on :5023
2026/05/25 15:35:43 Received: F3E232E57F2ABD810D0BC9B0240DE3F6
2026/05/25 15:35:43 serial 472
2026/05/25 15:35:43 Processing protocol: 0x13 
2026/05/25 15:35:43 ✅ Heartbeat - IMEI: 867440069564329, Battery: 4, GSM: 2, TermInfo: 71BA19B1, Serial: 472
2026/05/25 15:35:43 Sent response: 7B7C8019F035A3B4D01B
2026/05/25 15:35:45 Server listening on :5023
2026/05/25 15:35:47 Received: C23C15EFA9A8265934EFE5FEC002846447DA96ABD5D51BB0D23E087F9EB533A7FA4053A477909569
2026/05/25 15:35:47 serial 473
2026/05/25 15:35:47 Processing protocol: 0x22 
2026/05/25 15:35:47 ✅ Location - IMEI: 867440069564329, Lat: 22.550746, Lon: 88.383773, Speed: 18, Course: 5328, Serial: 473
2026/05/25 15:35:49 Received: 1EF2B08927DF3B91316F5577BFE45FE0594ABE3B1F5C2268D33D60ECE2FD702549028A
2026/05/25 15:35:49 serial 474
2026/05/25 15:35:49 Processing protocol: 0x26 
2026/05/25 15:35:49 ⚠️ Unknown protocol: 0x26
2026/05/25 15:35:51 Received: F820E8762F731E49E54CCAAD4F585C466C1BFAA79C9953143772C97CAA616C1275A5FC
2026/05/25 15:35:51 serial 475
2026/05/25 15:35:51 Processing protocol: 0x26 
2026/05/25 15:35:51 ⚠️ Unknown protocol: 0x26
2026/05/25 15:35:53 Received: 944C933B60842536B44BC624F712D307D9313EB9E04695EFC062167F7DDD5BB060396122DEF2A87C
2026/05/25 15:35:53 serial 476
2026/05/25 15:35:53 Processing protocol: 0x22 
2026/05/25 15:35:53 ✅ Location - IMEI: 867440069564322, Lat: 22.562560, Lon: 88.324837, Speed: 55, Course: 3959, Serial: 476
2026/05/25 15:35:55 Received: DC4144F8C5A6ED956D7D0B01B8716E2C0BCC415322B692A97519A5CD5DB96F581E11174FF9FE75F9
2026/05/25 15:35:55 serial 477
2026/05/25 15:35:55 Processing protocol: 0x22 
2026/05/25 15:35:55 ✅ Location - IMEI: 867440069564328, Lat: 22.658967, Lon: 88.351483, Speed: 96, Course: 5075, Serial: 477
2026/05/25 15:35:55 Connection error: EOF
2026/05/25 15:35:57 Received: 576729688197E5A8A164357D02BD7F13E82541646CB406FC7B632E12470C9466972CB2
2026/05/25 15:35:57 serial 478
2026/05/25 15:35:57 Processing protocol: 0x26 
2026/05/25 15:35:57 ⚠️ Unknown protocol: 0x26
2026/05/25 15:35:59 Received: 6877B367730E64EB63A3BDF0E898A35A827E3FC18C24A3A6B162045614830DF974D201D1D8225A84
2026/05/25 15:35:59 serial 479
2026/05/25 15:35:59 Processing protocol: 0x22 
2026/05/25 15:35:59 ✅ Location - IMEI: 867440069564321, Lat: 22.619234, Lon: 88.481362, Speed: 30, Course: 4077, Serial: 479
2026/05/25 15:36:01 Received: 5BFDC4637B41557B68DE64285588698C6EE1CB2E8C0EE25BA1FA52E4965B8BD4DC53BA
2026/05/25 15:36:01 serial 480
2026/05/25 15:36:01 Processing protocol: 0x26 
2026/05/25 15:36:01 ⚠️ Unknown protocol: 0x26
2026/05/25 15:36:03 Received: DDF13E011ED3EBFF4E52BC186B7C4966181CF62D15AECF81F3AE903D50DCEE24CBBED6
2026/05/25 15:36:03 serial 481
2026/05/25 15:36:03 Processing protocol: 0x26 
2026/05/25 15:36:03 ⚠️ Unknown protocol: 0x26
2026/05/25 15:36:05 Server listening on :5023
2026/05/25 15:36:07 Client connected: 136.247.141.15:11326
2026/05/25 15:36:07 Received: B156C30D9C10238ACF2C8B93BAB275D56D6916FD
2026/05/25 15:36:07 serial 482
2026/05/25 15:36:07 Processing protocol: 0x01 
2026/05/25 15:36:07 ✅ Login packet - IMEI: 867440069564325, Serial: 482
2026/05/25 15:36:07 Sent response: 99AD18F8F75289F2D113
2026/05/25 15:36:09 Client connected: 187.27.3.191:44506
2026/05/25 15:36:09 Received: EF308D11DB2C5D79A884FF37C05108E5E4321618
2026/05/25 15:36:09 serial 483
2026/05/25 15:36:09 Processing protocol: 0x01 
2026/05/25 15:36:09 ✅ Login packet - IMEI: 867440069564322, Serial: 483
2026/05/25 15:36:09 Sent response: 67E16C79C686A0728CC9
2026/05/25 15:36:11 Server listening on :5023
2026/05/25 15:36:13 Server listening on :5023
2026/05/25 15:36:15 Received: FD334D8548039FF344464D1B
2026/05/25 15:36:15 serial 484
2026/05/25 15:36:15 Processing protocol: 0x94 
2026/05/25 15:36:15 ℹ️ Information transmission packet
2026/05/25 15:36:17 Server listening on :5023
2026/05/25 15:36:17 Connection error: EOF
2026/05/25 15:36:19 Client connected: 2.4.228.59:58383
2026/05/25 15:36:19 Received: 125E3C58DC2A5325088F8A736F66946CD3122DCC
2026/05/25 15:36:19 serial 485
2026/05/25 15:36:19 Processing protocol: 0x01 
2026/05/25 15:36:19 ✅ Login packet - IMEI: 867440069564322, Serial: 485
2026/05/25 15:36:19 Sent response: 30696A27143EFF973AA9
2026/05/25 15:36:21 Client connected: 161.107.251.201:59184
2026/05/25 15:36:21 Received: 23B2A44CEC3699D4DA5F344551098BCF33F9B4A3
2026/05/25 15:36:21 serial 486
2026/05/25 15:36:21 Processing protocol: 0x01 
2026/05/25 15:36:21 ✅ Login packet - IMEI: 867440069564330, Serial: 486
2026/05/25 15:36:21 Sent response: 77378B3D92B5EC51FFB1
2026/05/25 15:36:23 Client connected: 216.226.240.136:31945
2026/05/25 15:36:23 Received: D93EBD1664ED32CE051712EB98348BA29694252B
2026/05/25 15:36:23 serial 487
2026/05/25 15:36:23 Processing protocol: 0x01 
2026/05/25 15:36:23 ✅ Login packet - IMEI: 867440069564321, Serial: 487
2026/05/25 15:36:23 Sent response: 8F05B1A99866A8C2E8D7
2026/05/25 15:36:25 Server listening on :5023
2026/05/25 15:36:27 Received: 0155CCCB43D10D64406D50987286D5167F6EB020EFF1145925DF4BB2DD60365C88486B407C113BE5
2026/05/25 15:36:27 serial 488
2026/05/25 15:36:27 Processing protocol: 0x22 
2026/05/25 15:36:27 ✅ Location - IMEI: 867440069564329, Lat: 22.535090, Lon: 88.472852, Speed: 13, Course: 3039, Serial: 488
2026/05/25 15:36:29 Client connected: 56.28.1.25:24014
2026/05/25 15:36:29 Received: BE28514DE34B9D6C5723F10CB37B00A1775DB111
2026/05/25 15:36:29 serial 489
2026/05/25 15:36:29 Processing protocol: 0x01 
2026/05/25 15:36:29 ✅ Login packet - IMEI: 867440069564329, Serial: 489
2026/05/25 15:36:29 Sent response: CBDF2F08990A2CB5FF0D
2026/05/25 15:36:31 Server listening on :5023
2026/05/25 15:36:33 Received: E859AA4DFD5CC69CBD4096F28CC01E8EF446BE506856C268CEA27136E5A6FF7D1040E7
2026/05/25 15:36:33 serial 490
2026/05/25 15:36:33 Processing protocol: 0x26 
2026/05/25 15:36:33 ⚠️ Unknown protocol: 0x26
2026/05/25 15:36:35 Received: 15C7CDAB37BE89B3C55E8C63DA5F28CBEE3DF215CAB2BD8D69D72182C17B9BD02C60C402C04C7CB5
2026/05/25 15:36:35 serial 491
2026/05/25 15:36:35 Processing protocol: 0x22 
2026/05/25 15:36:35 ✅ Location - IMEI: 867440069564330, Lat: 22.550186, Lon: 88.563286, Speed: 64, Course: 2040, Serial: 491
2026/05/25 15:36:37 Received: 392F58482AA9DB1371A9D144EB5A6D5A1923C02411EEF2D7DFA5F0B2FBF0FAD4B75683F2B164526F
2026/05/25 15:36:37 serial 492
2026/05/25 15:36:37 Processing protocol: 0x22 
2026/05/25 15:36:37 ✅ Location - IMEI: 867440069564327, Lat: 22.691372, Lon: 88.468159, Speed: 39, Course: 2095, Serial: 492
2026/05/25 15:36:39 Received: DCDBCBB11BA28601D5F2EA355003A569C07EB854A8BFC559FF2CA895257045C73396CE
2026/05/25 15:36:39 serial 493
2026/05/25 15:36:39 Processing protocol: 0x26 
2026/05/25 15:36:39 ⚠️ Unknown protocol: 0x26
2026/05/25 15:36:41 Received: 82ADD17E67219E872A11E8F3A4B49DA5
2026/05/25 15:36:41 serial 494
2026/05/25 15:36:41 Processing protocol: 0x13 
2026/05/25 15:36:41 ✅ Heartbeat - IMEI: 867440069564328, Battery: 2, GSM: 5, TermInfo: CEBCD068, Serial: 494
2026/05/25 15:36:41 Sent response: 1E5166661FB7349E19EB
2026/05/25 15:36:43 Received: 398A61F7860B41FC985F8C646EDC883D
2026/05/25 15:36:43 serial 495
2026/05/25 15:36:43 Processing protocol: 0x13 
2026/05/25 15:36:43 ✅ Heartbeat - IMEI: 867440069564328, Battery: 3, GSM: 4, TermInfo: 3C30720E, Serial: 495
2026/05/25 15:36:43 Sent response: CC7E0F8B0AF92A01A6F5
2026/05/25 15:36:45 Client connected: 155.17.194.205:56768
2026/05/25 15:36:45 Received: A526D8BF23C48633E57D61C114803B4D9CA0D6E4
2026/05/25 15:36:45 serial 496
2026/05/25 15:36:45 Processing protocol: 0x01 
2026/05/25 15:36:45 ✅ Login packet - IMEI: 867440069564325, Serial: 496
2026/05/25 15:36:45 Sent response: 993BF5873F7B0083AB7F
2026/05/25 15:36:47 Received: F6CC25317865C97349917A699375CC11
2026/05/25 15:36:47 serial 497
2026/05/25 15:36:47 Processing protocol: 0x13 
2026/05/25 15:36:47 ✅ Heartbeat - IMEI: 867440069564328, Battery: 3, GSM: 1, TermInfo: C34BE36A, Serial: 497
2026/05/25 15:36:47 Sent response: C73AB5359B1789E53514
2026/05/25 15:36:49 Received: 907E7110C4E83AE1A5A317C4632B9114E748D407D20903519D844EDFE434826A29C9211532A59E39
2026/05/25 15:36:49 serial 498
2026/05/25 15:36:49 Processing protocol: 0x22 
2026/05/25 15:36:49 ✅ Location - IMEI: 867440069564326, Lat: 22.510822, Lon: 88.475918, Speed: 23, Course: 2170, Serial: 498
2026/05/25 15:36:51 Received: 99DC41620FC583955A72AD4D
2026/05/25 15:36:51 serial 499
2026/05/25 15:36:51 Processing protocol: 0x94 
2026/05/25 15:36:51 ℹ️ Information transmission packet
2026/05/25 15:36:53 Received: 858605FAB00A5DFA6F3E2E7AA3F815A29694A5ADE1B3929E55EFB4262D91003A67DB94
2026/05/25 15:36:53 serial 500
2026/05/25 15:36:53 Processing protocol: 0x26 
2026/05/25 15:36:53 ⚠️ Unknown protocol: 0x26
2026/05/25 15:36:55 Received: 48A4806B4250FC1CC1BC32EC
2026/05/25 15:36:55 serial 501
2026/05/25 15:36:55 Processing protocol: 0x94 
2026/05/25 15:36:55 ℹ️ Information transmission packet
2026/05/25 15:36:57 Server listening on :5023
2026/05/25 15:36:59 Client connected: 57.195.82.37:42625
2026/05/25 15:36:59 Received: 50560D636BB7B7D4C630A2C189D54EB6D2C05673
2026/05/25 15:36:59 serial 502
2026/05/25 15:36:59 Processing protocol: 0x01 
2026/05/25 15:36:59 ✅ Login packet - IMEI: 867440069564328, Serial: 502
2026/05/25 15:36:59 Sent response: 31548A6E0012501DE7D6
2026/05/25 15:37:01 Received: 3A66A7D34A000E7C52044672
2026/05/25 15:37:01 serial 503
2026/05/25 15:37:01 Processing protocol: 0x94 
2026/05/25 15:37:01 ℹ️ Information transmission packet
2026/05/25 15:37:01 Connection error: EOF
2026/05/25 15:37:03 Server listening on :5023
2026/05/25 15:37:03 Connection error: EOF
2026/05/25 15:37:05 Received: D7F6A74543482E8CB2DD67BB10BFF9AF
2026/05/25 15:37:05 serial 504
2026/05/25 15:37:05 Processing protocol: 0x13 
2026/05/25 15:37:05 ✅ Heartbeat - IMEI: 867440069564329, Battery: 3, GSM: 5, TermInfo: 56D351F7, Serial: 504
2026/05/25 15:37:05 Sent response: 4019C889C7433F19BF69
2026/05/25 15:37:07 Received: 64699220C52970ED49A0E944
2026/05/25 15:37:07 serial 505
2026/05/25 15:37:07 Processing protocol: 0x94 
2026/05/25 15:37:07 ℹ️ Information transmission packet
2026/05/25 15:37:09 Server listening on :5023
2026/05/25 15:37:11 Server listening on :5023
2026/05/25 15:37:11 Connection error: EOF
2026/05/25 15:37:13 Client connected: 47.8.80.197:47087
2026/05/25 15:37:13 Received: 6DE5B1A0583CA30531D7B5FA4D4B572E42DDA007
2026/05/25 15:37:13 serial 506
2026/05/25 15:37:13 Processing protocol: 0x01 
2026/05/25 15:37:13 ✅ Login packet - IMEI: 867440069564324, Serial: 506
2026/05/25 15:37:13 Sent response: 763DCCD730F6077736A4
2026/05/25 15:37:15 Client connected: 185.219.165.202:27187
2026/05/25 15:37:15 Received: 780E4BD3B4A8AFCD2033736C2634939D12DC7D92
2026/05/25 15:37:15 serial 507
2026/05/25 15:37:15 Processing protocol: 0x01 
2026/05/25 15:37:15 ✅ Login packet - IMEI: 867440069564323, Serial: 507
2026/05/25 15:37:15 Sent response: DAE9A6F6E55A2C917F7D
2026/05/25 15:37:17 Client connected: 108.90.183.64:51816
2026/05/25 15:37:17 Received: 2DE5B480325D590DEFE3982D892B88437C435BB6
2026/05/25 15:37:17 serial 508
2026/05/25 15:37:17 Processing protocol: 0x01 
2026/05/25 15:37:17 ✅ Login packet - IMEI: 867440069564330, Serial: 508
2026/05/25 15:37:17 Sent response: 12BD40C9CA2E2018DAD8
2026/05/25 15:37:19 Received: 38B7E036E649B396E349E21AD0903C64
2026/05/25 15:37:19 serial 509
2026/05/25 15:37:19 Processing protocol: 0x13 
2026/05/25 15:37:19 ✅ Heartbeat - IMEI: 867440069564323, Battery: 5, GSM: 3, TermInfo: 3101C630, Serial: 509
2026/05/25 15:37:19 Sent response: 6235F17381FAF16BBC83
2026/05/25 15:37:21 Received: CB16351BA5296B6DE8D7F8C57CD1601A28F84CA37E426F9BEF10D4C87FA3CCA8337D38
2026/05/25 15:37:21 serial 510
2026/05/25 15:37:21 Processing protocol: 0x26 
2026/05/25 15:37:21 ⚠️ Unknown protocol: 0x26
2026/05/25 15:37:21 Connection error: EOF
2026/05/25 15:37:23 Received: 8766B29DEC4AFAC219ADCDB54795D0AE57812173DFD514D6C85158B4F48868EE30CBAC
2026/05/25 15:37:23 serial 511
2026/05/25 15:37:23 Processing protocol: 0x26 
2026/05/25 15:37:23 ⚠️ Unknown protocol: 0x26
2026/05/25 15:37:25 Received: 17ACC03E5B78102B61552F1D
2026/05/25 15:37:25 serial 512
2026/05/25 15:37:25 Processing protocol: 0x94 
2026/05/25 15:37:25 ℹ️ Information transmission packet
2026/05/25 15:37:27 Received: 31A3E8B63F4F8F27D050BCA41E233691
2026/05/25 15:37:27 serial 513
2026/05/25 15:37:27 Processing protocol: 0x13 
2026/05/25 15:37:27 ✅ Heartbeat - IMEI: 867440069564329, Battery: 2, GSM: 5, TermInfo: 22E44506, Serial: 513
2026/05/25 15:37:27 Sent response: A2FB1BE9EBE965D048EE
2026/05/25 15:37:29 Client connected: 167.33.79.38:30399
2026/05/25 15:37:29 Received: AE241C26AB491982F736509C0DB398017ED42DBC
2026/05/25 15:37:29 serial 514
2026/05/25 15:37:29 Processing protocol: 0x01 
2026/05/25 15:37:29 ✅ Login packet - IMEI: 867440069564329, Serial: 514
2026/05/25 15:37:29 Sent response: D33B48AB28DC609D3423
2026/05/25 15:37:31 Received: 346ED06BECC48E65F370C8ED1FA7DBC4
2026/05/25 15:37:31 serial 515
2026/05/25 15:37:31 Processing protocol: 0x13 
2026/05/25 15:37:31 ✅ Heartbeat - IMEI: 867440069564326, Battery: 6, GSM: 2, TermInfo: 7336F64A, Serial: 515
2026/05/25 15:37:31 Sent response: 848338EFD106015BF54D
2026/05/25 15:37:33 Received: A57F9D810ECD640C2A29C8FB6F752EF252766BC6297C19FC49BEE2FC806E5F0F6EA969
2026/05/25 15:37:33 serial 516
2026/05/25 15:37:33 Processing protocol: 0x26 
2026/05/25 15:37:33 ⚠️ Unknown protocol: 0x26
2026/05/25 15:37:33 Connection error: EOF
2026/05/25 15:37:35 Client connected: 185.126.116.231:53026
2026/05/25 15:37:35 Received: 91BF6D555C669C1B1A09A66B4773FBD1CD6134F4
2026/05/25 15:37:35 serial 517
2026/05/25 15:37:35 Processing protocol: 0x01 
2026/05/25 15:37:35 ✅ Login packet - IMEI: 867440069564330, Serial: 517
2026/05/25 15:37:35 Sent response: EB45BE850CD7624F78C7
2026/05/25 15:37:37 Server listening on :5023
2026/05/25 15:37:39 Client connected: 173.101.154.31:50401
2026/05/25 15:37:39 Received: B962B3E49EB2F27046855A8B8B6C0A4D44511FC6
2026/05/25 15:37:39 serial 518
2026/05/25 15:37:39 Processing protocol: 0x01 
2026/05/25 15:37:39 ✅ Login packet - IMEI: 867440069564330, Serial: 518
2026/05/25 15:37:39 Sent response: 24AE1206AB69D3AAA473
2026/05/25 15:37:41 Received: A6F4ADA0004395893FA51BB2B0B456FED9697723440D0E2B8EEDF403A18DDA1D5714E3
2026/05/25 15:37:41 serial 519
2026/05/25 15:37:41 Processing protocol: 0x26 
2026/05/25 15:37:41 ⚠️ Unknown protocol: 0x26
2026/05/25 15:37:43 Received: F4B36D8B00E8A57E43F689D95E1D36061BBD9F5B2DA35BAD3F6D1A93A3FC8DAB3DBB81841BBB855A
2026/05/25 15:37:43 serial 520
2026/05/25 15:37:43 Processing protocol: 0x22 
2026/05/25 15:37:43 ✅ Location - IMEI: 867440069564327, Lat: 22.535106, Lon: 88.323642, Speed: 21, Course: 5585, Serial: 520
2026/05/25 15:37:45 Received: 7E7C68F6C22C395CE425D46E8F07DD1036B6CAEE427608BC924DED630E6B50AC2E2225E62B092F91
2026/05/25 15:37:45 serial 521
2026/05/25 15:37:45 Processing protocol: 0x22 
2026/05/25 15:37:45 ✅ Location - IMEI: 867440069564324, Lat: 22.579973, Lon: 88.428539, Speed: 21, Course: 3396, Serial: 521
2026/05/25 15:37:45 Connection error: EOF
2026/05/25 15:37:47 Client connected: 227.59.1.46:17867
2026/05/25 15:37:47 Received: 7DFA7FBF23BC1DCC0625211A950DF0F55323E4AC
2026/05/25 15:37:47 serial 522
2026/05/25 15:37:47 Processing protocol: 0x01 
2026/05/25 15:37:47 ✅ Login packet - IMEI: 867440069564321, Serial: 522
2026/05/25 15:37:47 Sent response: 61422DEEA5298151C17D
2026/05/25 15:37:49 Server listening on :5023
2026/05/25 15:37:51 Received: CFF24B29C1B0690B4EF5A7A315DB352837491F3DAD8EC019ACF120FB249133E54F1B886F9202FCB0
2026/05/25 15:37:51 serial 523
2026/05/25 15:37:51 Processing protocol: 0x22 
2026/05/25 15:37:51 ✅ Location - IMEI: 867440069564323, Lat: 22.592695, Lon: 88.342415, Speed: 106, Course: 3001, Serial: 523
2026/05/25 15:37:53 Received: 5A89F2ACF07895772373B22B1CAC632329E45973CB1C6E99D26267834FA89FF44BFDD3
2026/05/25 15:37:53 serial 524
2026/05/25 15:37:53 Processing protocol: 0x26 
2026/05/25 15:37:53 ⚠️ Unknown protocol: 0x26
2026/05/25 15:37:55 Server listening on :5023
2026/05/25 15:37:55 Connection error: EOF
2026/05/25 15:37:57 Received: 07EEE7B7F359359515BB751642CEC0F6E4AD7DDC091580ADCC987E5C8190A562C01537495E6536CC
2026/05/25 15:37:57 serial 525
2026/05/25 15:37:57 Processing protocol: 0x22 
2026/05/25 15:37:57 ✅ Location - IMEI: 867440069564330, Lat: 22.501682, Lon: 88.455669, Speed: 48, Course: 1324, Serial: 525
2026/05/25 15:37:59 Server listening on :5023
2026/05/25 15:38:01 Received: CAA59243139EDAE4524FF5CA
2026/05/25 15:38:01 serial 526
2026/05/25 15:38:01 Processing protocol: 0x94 
2026/05/25 15:38:01 ℹ️ Information transmission packet
2026/05/25 15:38:01 Connection error: EOF
2026/05/25 15:38:03 Received: 2601AD165BD0B05A5F641BC0026A2A37
2026/05/25 15:38:03 serial 527
2026/05/25 15:38:03 Processing protocol: 0x13 
2026/05/25 15:38:03 ✅ Heartbeat - IMEI: 867440069564329, Battery: 6, GSM: 3, TermInfo: BE274E8C, Serial: 527
2026/05/25 15:38:03 Sent response: F6CCBE0AE2435E21F1E1
2026/05/25 15:38:05 Client connected: 22.35.235.14:33253
2026/05/25 15:38:05 Received: 22D916DE8C1C5DFFA7A1DC662F4E54C8C32237F8
2026/05/25 15:38:05 serial 528
2026/05/25 15:38:05 Processing protocol: 0x01 
2026/05/25 15:38:05 ✅ Login packet - IMEI: 867440069564322, Serial: 528
2026/05/25 15:38:05 Sent response: 8CFF105168B482BDC86D
2026/05/25 15:38:07 Client connected: 63.190.34.64:29085
2026/05/25 15:38:07 Received: 4FBA1A2C74EC4FE4D62F7E0BEF00D28EC6929596
2026/05/25 15:38:07 serial 529
2026/05/25 15:38:07 Processing protocol: 0x01 
2026/05/25 15:38:07 ✅ Login packet - IMEI: 867440069564323, Serial: 529
2026/05/25 15:38:07 Sent response: A9AB8356FEACAF31CA65
2026/05/25 15:38:09 Received: 54E1855C9762560CA970C967622C14CEBBED5F7B53F28FDFE68AA809765A75A1448C9C
2026/05/25 15:38:09 serial 530
2026/05/25 15:38:09 Processing protocol: 0x26 
2026/05/25 15:38:09 ⚠️ Unknown protocol: 0x26
2026/05/25 15:38:11 Received: 76BE8BC295ADD7CA202AC9591B5E3494358C9D518C46262679D168C3006ED3DAA23EB8F91E18A6E1
2026/05/25 15:38:11 serial 531
2026/05/25 15:38:11 Processing protocol: 0x22 
2026/05/25 15:38:11 ✅ Location - IMEI: 867440069564321, Lat: 22.644127, Lon: 88.423482, Speed: 42, Course: 5059, Serial: 531
2026/05/25 15:38:13 Received: 445138920E05276D6576C29C203AAA00
2026/05/25 15:38:13 serial 532
2026/05/25 15:38:13 Processing protocol: 0x13 
2026/05/25 15:38:13 ✅ Heartbeat - IMEI: 867440069564327, Battery: 1, GSM: 2, TermInfo: A52DCA06, Serial: 532
2026/05/25 15:38:13 Sent response: 43DC856F4583CCF0D24C
2026/05/25 15:38:15 Received: 47D6D7EB9472CD9B3E5538DD983D60E2E1D469B998B79F50261369A1E6607CA72BF926
2026/05/25 15:38:15 serial 533
2026/05/25 15:38:15 Processing protocol: 0x26 
2026/05/25 15:38:15 ⚠️ Unknown protocol: 0x26
2026/05/25 15:38:17 Server listening on :5023
2026/05/25 15:38:19 Client connected: 85.248.167.36:44021
2026/05/25 15:38:19 Received: DB83526BC168CCFD299DDC5527438E771153459E
2026/05/25 15:38:19 serial 534
2026/05/25 15:38:19 Processing protocol: 0x01 
2026/05/25 15:38:19 ✅ Login packet - IMEI: 867440069564322, Serial: 534
2026/05/25 15:38:19 Sent response: 68745A5C1074423DF173
2026/05/25 15:38:21 Received: A1528DCF1336C9DDC6F87845
2026/05/25 15:38:21 serial 535
2026/05/25 15:38:21 Processing protocol: 0x94 
2026/05/25 15:38:21 ℹ️ Information transmission packet
2026/05/25 15:38:23 Client connected: 88.232.110.197:58597
2026/05/25 15:38:23 Received: 867297B1500332348FD5D7C0AAB641D1869F035B
2026/05/25 15:38:23 serial 536
2026/05/25 15:38:23 Processing protocol: 0x01 
2026/05/25 15:38:23 ✅ Login packet - IMEI: 867440069564330, Serial: 536
2026/05/25 15:38:23 Sent response: 2AC142DB0A2924EB6759
2026/05/25 15:38:25 Client connected: 19.38.187.161:23152
2026/05/25 15:38:25 Received: 0FE9A31384100B776947A4504142C262BCF8C049
2026/05/25 15:38:25 serial 537
2026/05/25 15:38:25 Processing protocol: 0x01 
2026/05/25 15:38:25 ✅ Login packet - IMEI: 867440069564322, Serial: 537
2026/05/25 15:38:25 Sent response: 0AA05CF6E08D9A336803
2026/05/25 15:38:27 Server listening on :5023
2026/05/25 15:38:29 Server listening on :5023
2026/05/25 15:38:29 Connection error: EOF
2026/05/25 15:38:31 Received: 27D9F548DF01DF1762A1E7B93955DE463D554E49A6AED81141AC78544C4BA22398D19E69F395A1BB
2026/05/25 15:38:31 serial 538
2026/05/25 15:38:31 Processing protocol: 0x22 
2026/05/25 15:38:31 ✅ Location - IMEI: 867440069564328, Lat: 22.527690, Lon: 88.467070, Speed: 53, Course: 3626, Serial: 538
2026/05/25 15:38:33 Received: A243119E0E94BB24577F7216200BB7FF7588AC6D5412EC16A5DE13B5D1B721B08D0821298C625587
2026/05/25 15:38:33 serial 539
2026/05/25 15:38:33 Processing protocol: 0x22 
2026/05/25 15:38:33 ✅ Location - IMEI: 867440069564330, Lat: 22.664684, Lon: 88.488322, Speed: 86, Course: 5128, Serial: 539
2026/05/25 15:38:35 Client connected: 169.78.239.105:53771
2026/05/25 15:38:35 Received: 8F44358485130723F595F4CC83ED94252BE3A2DB
2026/05/25 15:38:35 serial 540
2026/05/25 15:38:35 Processing protocol: 0x01 
2026/05/25 15:38:35 ✅ Login packet - IMEI: 867440069564326, Serial: 540
2026/05/25 15:38:35 Sent response: 2DAFA6EACD646B3CA3A0
2026/05/25 15:38:37 Server listening on :5023
2026/05/25 15:38:39 Client connected: 251.158.14.34:31111
2026/05/25 15:38:39 Received: 16ABBB2AD0248CECC11864319BC8108AFB949C21
2026/05/25 15:38:39 serial 541
2026/05/25 15:38:39 Processing protocol: 0x01 
2026/05/25 15:38:39 ✅ Login packet - IMEI: 867440069564324, Serial: 541
2026/05/25 15:38:39 Sent response: 3096E414E5D7B6911235
2026/05/25 15:38:41 Received: A1C7E32710127156C8C40AC9CF4B9592974C7BF80FC9234FE1CEE1AA429E3472A581DD
2026/05/25 15:38:41 serial 542
2026/05/25 15:38:41 Processing protocol: 0x26 
2026/05/25 15:38:41 ⚠️ Unknown protocol: 0x26
2026/05/25 15:38:43 Client connected: 83.135.193.200:11001
2026/05/25 15:38:43 Received: E2426CFB7E1BB467333B83EFD86124150D1C5C28
2026/05/25 15:38:43 serial 543
2026/05/25 15:38:43 Processing protocol: 0x01 
2026/05/25 15:38:43 ✅ Login packet - IMEI: 867440069564328, Serial: 543
2026/05/25 15:38:43 Sent response: D8559FA639929666505B
2026/05/25 15:38:45 Received: 5ECD748EF23CAD4A2ECA25785A01F41A7B0B0D3A0D2481470358104D9CCBDEF108BA535B9799280F
2026/05/25 15:38:45 serial 544
2026/05/25 15:38:45 Processing protocol: 0x22 
2026/05/25 15:38:45 ✅ Location - IMEI: 867440069564329, Lat: 22.525793, Lon: 88.597261, Speed: 5, Course: 3465, Serial: 544
2026/05/25 15:38:47 Received: A5846F9133A1DA74829333E1
2026/05/25 15:38:47 serial 545
2026/05/25 15:38:47 Processing protocol: 0x94 
2026/05/25 15:38:47 ℹ️ Information transmission packet
2026/05/25 15:38:49 Received: CF5DA747796651F693AF7999912A49DCBBFBA4FF360E9810C4EF1561453496AB3324E4
2026/05/25 15:38:49 serial 546
2026/05/25 15:38:49 Processing protocol: 0x26 
2026/05/25 15:38:49 ⚠️ Unknown protocol: 0x26
2026/05/25 15:38:51 Received: 568B727A1C5B0D9BD3298D9BEDFAF575
2026/05/25 15:38:51 serial 547
2026/05/25 15:38:51 Processing protocol: 0x13 
2026/05/25 15:38:51 ✅ Heartbeat - IMEI: 867440069564330, Battery: 1, GSM: 2, TermInfo: B22CEA63, Serial: 547
2026/05/25 15:38:51 Sent response: 0FBBB4FF7D516E7D1FB5
2026/05/25 15:38:53 Client connected: 112.179.194.101:26097
2026/05/25 15:38:53 Received: 03F5DC489B2B26B905CD3576E1C79FA27585CFE5
2026/05/25 15:38:53 serial 548
2026/05/25 15:38:53 Processing protocol: 0x01 
2026/05/25 15:38:53 ✅ Login packet - IMEI: 867440069564321, Serial: 548
2026/05/25 15:38:53 Sent response: 35FDCB1583049F1ADD6F
2026/05/25 15:38:55 Received: 8194A53D42DF777A4E508284414A344281A003A29CB9CD91A44AE31A841D8A952DA47F
2026/05/25 15:38:55 serial 549
2026/05/25 15:38:55 Processing protocol: 0x26 
2026/05/25 15:38:55 ⚠️ Unknown protocol: 0x26
2026/05/25 15:38:57 Server listening on :5023
2026/05/25 15:38:57 Connection error: EOF
2026/05/25 15:38:59 Received: E487192A150725154AEDB8CCE4511EB8
2026/05/25 15:38:59 serial 550
2026/05/25 15:38:59 Processing protocol: 0x13 
2026/05/25 15:38:59 ✅ Heartbeat - IMEI: 867440069564330, Battery: 6, GSM: 5, TermInfo: E692EEC7, Serial: 550
2026/05/25 15:38:59 Sent response: 0826457D3D5D2EBF7886
2026/05/25 15:39:01 Server listening on :5023
2026/05/25 15:39:03 Server listening on :5023
2026/05/25 15:39:05 Received: AB770189C5A54FE25B373A70BA271F57544090A5F3FDB9326DEDB92B8E44606D916C4A2310C3B033
2026/05/25 15:39:05 serial 551
2026/05/25 15:39:05 Processing protocol: 0x22 
2026/05/25 15:39:05 ✅ Location - IMEI: 867440069564327, Lat: 22.653761, Lon: 88.561547, Speed: 43, Course: 5475, Serial: 551
2026/05/25 15:39:07 Received: 829040899E426D23E0A9D631
2026/05/25 15:39:07 serial 552
2026/05/25 15:39:07 Processing protocol: 0x94 
2026/05/25 15:39:07 ℹ️ Information transmission packet
2026/05/25 15:39:09 Client connected: 215.215.138.105:41024
2026/05/25 15:39:09 Received: 26FD0FEB34D5500BE4AC5A87261154F92D6B62BE
2026/05/25 15:39:09 serial 553
2026/05/25 15:39:09 Processing protocol: 0x01 
2026/05/25 15:39:09 ✅ Login packet - IMEI: 867440069564326, Serial: 553
2026/05/25 15:39:09 Sent response: F45DC735EEBE8423C93A
2026/05/25 15:39:11 Received: 100718B811A92997AA5870C58B7A4929
2026/05/25 15:39:11 serial 554
2026/05/25 15:39:11 Processing protocol: 0x13 
2026/05/25 15:39:11 ✅ Heartbeat - IMEI: 867440069564326, Battery: 5, GSM: 1, TermInfo: 977C3AA1, Serial: 554
2026/05/25 15:39:11 Sent response: F161A1D8C41A67121E9E
2026/05/25 15:39:13 Client connected: 93.50.227.119:57472
2026/05/25 15:39:13 Received: 63783DEFB1C0AEEF0536DCB1636B239018EA38C6
2026/05/25 15:39:13 serial 555
2026/05/25 15:39:13 Processing protocol: 0x01 
2026/05/25 15:39:13 ✅ Login packet - IMEI: 867440069564322, Serial: 555
2026/05/25 15:39:13 Sent response: 86916994C3090D984F1B
2026/05/25 15:39:15 Received: 1D33FED84682EEB3CFFA5B51194F63A06AF5BDCFC32E938308A4421DD67E50B74E43D04C097A6D7F
2026/05/25 15:39:15 serial 556
2026/05/25 15:39:15 Processing protocol: 0x22 
2026/05/25 15:39:15 ✅ Location - IMEI: 867440069564322, Lat: 22.594327, Lon: 88.432517, Speed: 2, Course: 5727, Serial: 556
2026/05/25 15:39:15 Connection error: EOF
2026/05/25 15:39:17 Received: 5178826337D0DF7F1C83E70930813FA7CDFF6EB24B2524BD530317D2C098895AFB09083DC88D9AC9
2026/05/25 15:39:17 serial 557
2026/05/25 15:39:17 Processing protocol: 0x22 
2026/05/25 15:39:17 ✅ Location - IMEI: 867440069564328, Lat: 22.608297, Lon: 88.313821, Speed: 61, Course: 2640, Serial: 557
2026/05/25 15:39:19 Server listening on :5023
2026/05/25 15:39:21 Client connected: 19.63.239.176:21396
2026/05/25 15:39:21 Received: FC21F69EC74327489961B70270CD6DF9B48D333E
2026/05/25 15:39:21 serial 558
2026/05/25 15:39:21 Processing protocol: 0x01 
2026/05/25 15:39:21 ✅ Login packet - IMEI: 867440069564323, Serial: 558
2026/05/25 15:39:21 Sent response: AE2E2B490D22C951812E
2026/05/25 15:39:23 Received: A0D386B78FA34E14362F1AA7A2388953
2026/05/25 15:39:23 serial 559
2026/05/25 15:39:23 Processing protocol: 0x13 
2026/05/25 15:39:23 ✅ Heartbeat - IMEI: 867440069564329, Battery: 6, GSM: 4, TermInfo: 88D3092A, Serial: 559
2026/05/25 15:39:23 Sent response: 8B24C481C51EC4C2828B
2026/05/25 15:39:25 Server listening on :5023
2026/05/25 15:39:27 Received: FC66EB00C17D910A5C5A5AFCF157CE7B214AB399E6164740DF872D61BB22211AE4D4BC91C0DC618F
2026/05/25 15:39:27 serial 560
2026/05/25 15:39:27 Processing protocol: 0x22 
2026/05/25 15:39:27 ✅ Location - IMEI: 867440069564329, Lat: 22.663713, Lon: 88.389453, Speed: 6, Course: 5826, Serial: 560
2026/05/25 15:39:29 Received: 2E1782AEF08DD1C4404A10ACDDEDAF43
2026/05/25 15:39:29 serial 561
2026/05/25 15:39:29 Processing protocol: 0x13 
2026/05/25 15:39:29 ✅ Heartbeat - IMEI: 867440069564324, Battery: 6, GSM: 2, TermInfo: E0F055C2, Serial: 561
2026/05/25 15:39:29 Sent response: 1020EC2FDB97D7F37EA5
2026/05/25 15:39:31 Received: 0BEA6CB1FD223C40EA4DC1DD818B2FC0DC3DFFF57579FD3E69E73AB73CBEE563826528
2026/05/25 15:39:31 serial 562
2026/05/25 15:39:31 Processing protocol: 0x26 
2026/05/25 15:39:31 ⚠️ Unknown protocol: 0x26
2026/05/25 15:39:33 Server listening on :5023
2026/05/25 15:39:35 Client connected: 48.111.135.217:53737
2026/05/25 15:39:35 Received: 4BEBD624F172690719DD1C35976F674106EF37E4
2026/05/25 15:39:35 serial 563
2026/05/25 15:39:35 Processing protocol: 0x01 
2026/05/25 15:39:35 ✅ Login packet - IMEI: 867440069564327, Serial: 563
2026/05/25 15:39:35 Sent response: D386A006DD1F35983EED
2026/05/25 15:39:37 Received: 1A56406B2671A29D1D7C2E84810A6E40FFC1165A270FF5BFAF553803809EBFEA103845
2026/05/25 15:39:37 serial 564
2026/05/25 15:39:37 Processing protocol: 0x26 
2026/05/25 15:39:37 ⚠️ Unknown protocol: 0x26
2026/05/25 15:39:39 Received: EF5548D63702862F11036585D4F353BA99E15A43AD7F4AF61BE421EA7A9C86DB21FE02D350BE9639
2026/05/25 15:39:39 serial 565
2026/05/25 15:39:39 Processing protocol: 0x22 
2026/05/25 15:39:39 ✅ Location - IMEI: 867440069564326, Lat: 22.595635, Lon: 88.562170, Speed: 110, Course: 2535, Serial: 565
2026/05/25 15:39:41 Received: B1C207C5AABDD5C9302A90D2D687969435CA9318FBFD2AE2F681F1AA8A115E876D24F02851B01275
2026/05/25 15:39:41 serial 566
2026/05/25 15:39:41 Processing protocol: 0x22 
2026/05/25 15:39:41 ✅ Location - IMEI: 867440069564323, Lat: 22.604624, Lon: 88.375079, Speed: 81, Course: 5616, Serial: 566
2026/05/25 15:39:43 Received: 7A421681C2AB7BE301E7903279C46378950F0635905AA20B54D30C0376A2C7714A779E9F95DBA937
2026/05/25 15:39:43 serial 567
2026/05/25 15:39:43 Processing protocol: 0x22 
2026/05/25 15:39:43 ✅ Location - IMEI: 867440069564328, Lat: 22.586512, Lon: 88.594505, Speed: 13, Course: 5620, Serial: 567
2026/05/25 15:39:45 Client connected: 238.255.254.197:45132
2026/05/25 15:39:45 Received: A2153BDCB69EA113370FBB92C08E1EA72C328ACE
2026/05/25 15:39:45 serial 568
2026/05/25 15:39:45 Processing protocol: 0x01 
2026/05/25 15:39:45 ✅ Login packet - IMEI: 867440069564328, Serial: 568
2026/05/25 15:39:45 Sent response: D711C3D76BBC053F92CB
2026/05/25 15:39:47 Client connected: 155.196.109.202:57620
2026/05/25 15:39:47 Received: 201B416E2AB65FC9FC08D3641EA36AE5B64EF059
2026/05/25 15:39:47 serial 569
2026/05/25 15:39:47 Processing protocol: 0x01 
2026/05/25 15:39:47 ✅ Login packet - IMEI: 867440069564324, Serial: 569
2026/05/25 15:39:47 Sent response: 0007B2CD870E749BA2A0
2026/05/25 15:39:49 Client connected: 169.129.142.207:40304
2026/05/25 15:39:49 Received: DBA329DC79B5D34A696B1CDEE91B916150FAB62C
2026/05/25 15:39:49 serial 570
2026/05/25 15:39:49 Processing protocol: 0x01 
2026/05/25 15:39:49 ✅ Login packet - IMEI: 867440069564329, Serial: 570
2026/05/25 15:39:49 Sent response: 2883FD2B22D8BF4D5FC2
2026/05/25 15:39:51 Server listening on :5023
2026/05/25 15:39:53 Received: 9F04D331F48761F3549A3EE18CA076A17DA06FA4192E7E1ED063C371706580E166E683148AD93C22
2026/05/25 15:39:53 serial 571
2026/05/25 15:39:53 Processing protocol: 0x22 
2026/05/25 15:39:53 ✅ Location - IMEI: 867440069564326, Lat: 22.558995, Lon: 88.330326, Speed: 25, Course: 3553, Serial: 571
2026/05/25 15:39:55 Client connected: 41.246.84.14:58156
2026/05/25 15:39:55 Received: 0C2C25CAAFDA37B08ECE8DDD4C7679C07291ABE8
2026/05/25 15:39:55 serial 572
2026/05/25 15:39:55 Processing protocol: 0x01 
2026/05/25 15:39:55 ✅ Login packet - IMEI: 867440069564329, Serial: 572
2026/05/25 15:39:55 Sent response: E290FD9E28FEA3B4E8A0
2026/05/25 15:39:57 Received: C013DD57DE05E96B5F166596D92A35CACC15CE85D4F9211A916C9676D8E21FF8BBEE22
2026/05/25 15:39:57 serial 573
2026/05/25 15:39:57 Processing protocol: 0x26 
2026/05/25 15:39:57 ⚠️ Unknown protocol: 0x26
2026/05/25 15:39:59 Received: C10E9D794B69B77D02666BA2532B957DBA53F6269DC937C19021FAE6DA600CCDD30719
2026/05/25 15:39:59 serial 574
2026/05/25 15:39:59 Processing protocol: 0x26 
2026/05/25 15:39:59 ⚠️ Unknown protocol: 0x26
2026/05/25 15:40:01 Received: 8DAEBDBF330D193FCF759E17
2026/05/25 15:40:01 serial 575
2026/05/25 15:40:01 Processing protocol: 0x94 
2026/05/25 15:40:01 ℹ️ Information transmission packet
2026/05/25 15:40:03 Received: 539D5137CE24392FD9F23E5FEDCD490B
2026/05/25 15:40:03 serial 576
2026/05/25 15:40:03 Processing protocol: 0x13 
2026/05/25 15:40:03 ✅ Heartbeat - IMEI: 867440069564323, Battery: 6, GSM: 1, TermInfo: B4926A5F, Serial: 576
2026/05/25 15:40:03 Sent response: BE1920B7886AF2B39BBC
2026/05/25 15:40:05 Received: 062D33613A21126537FCC8A7
2026/05/25 15:40:05 serial 577
2026/05/25 15:40:05 Processing protocol: 0x94 
2026/05/25 15:40:05 ℹ️ Information transmission packet
2026/05/25 15:40:07 Server listening on :5023
2026/05/25 15:40:09 Client connected: 39.54.43.215:19242
2026/05/25 15:40:09 Received: BE4EBDAB0804648EBB0AA735ADE389C97DD402EA
2026/05/25 15:40:09 serial 578
2026/05/25 15:40:09 Processing protocol: 0x01 
2026/05/25 15:40:09 ✅ Login packet - IMEI: 867440069564322, Serial: 578
2026/05/25 15:40:09 Sent response: EB30F00121CAEDF737DB
2026/05/25 15:40:11 Received: 394A5CF58073BFCADEF641C42A82CFEF
2026/05/25 15:40:11 serial 579
2026/05/25 15:40:11 Processing protocol: 0x13 
2026/05/25 15:40:11 ✅ Heartbeat - IMEI: 867440069564329, Battery: 5, GSM: 1, TermInfo: 60EBAF01, Serial: 579
2026/05/25 15:40:11 Sent response: 57B274D6C737F90BB68E
2026/05/25 15:40:13 Client connected: 66.190.27.14:11636
2026/05/25 15:40:13 Received: 1124E2ADBB5768CC5EB80A511B2B769AFF804126
2026/05/25 15:40:13 serial 580
2026/05/25 15:40:13 Processing protocol: 0x01 
2026/05/25 15:40:13 ✅ Login packet - IMEI: 867440069564328, Serial: 580
2026/05/25 15:40:13 Sent response: B56C48A09EED4B50B758
2026/05/25 15:40:15 Client connected: 237.255.251.96:52365
2026/05/25 15:40:15 Received: D0E014FF3F9703AD3BF04E55318A09B655022F77
2026/05/25 15:40:15 serial 581
2026/05/25 15:40:15 Processing protocol: 0x01 
2026/05/25 15:40:15 ✅ Login packet - IMEI: 867440069564327, Serial: 581
2026/05/25 15:40:15 Sent response: 536392993EA3EB6F5EE3
2026/05/25 15:40:17 Received: E6950E6722F3D76F1D5AA43E2496FE13497EE7B02C260E8972C0D6288973341B758274
2026/05/25 15:40:17 serial 582
2026/05/25 15:40:17 Processing protocol: 0x26 
2026/05/25 15:40:17 ⚠️ Unknown protocol: 0x26
2026/05/25 15:40:19 Received: DF646F09430FBC17115805DAE0108E6F
2026/05/25 15:40:19 serial 583
2026/05/25 15:40:19 Processing protocol: 0x13 
2026/05/25 15:40:19 ✅ Heartbeat - IMEI: 867440069564330, Battery: 1, GSM: 4, TermInfo: 1E842D18, Serial: 583
2026/05/25 15:40:19 Sent response: BAA3BB6425DF5559D8D3
2026/05/25 15:40:21 Server listening on :5023
2026/05/25 15:40:23 Received: 8880999FC59326C2F8AD1070
2026/05/25 15:40:23 serial 584
2026/05/25 15:40:23 Processing protocol: 0x94 
2026/05/25 15:40:23 ℹ️ Information transmission packet
2026/05/25 15:40:25 Received: 47A7232AC3521AE0C652FF013EBBC6AFF52BF169A79470C9BE5A731BD9A61BF418F49A
2026/05/25 15:40:25 serial 585
2026/05/25 15:40:25 Processing protocol: 0x26 
2026/05/25 15:40:25 ⚠️ Unknown protocol: 0x26
2026/05/25 15:40:27 Client connected: 128.193.226.149:49936
2026/05/25 15:40:27 Received: A39820BA6828493F67CBDAEBD23409A83CF52004
2026/05/25 15:40:27 serial 586
2026/05/25 15:40:27 Processing protocol: 0x01 
2026/05/25 15:40:27 ✅ Login packet - IMEI: 867440069564323, Serial: 586
2026/05/25 15:40:27 Sent response: F46D0F957CA43F4F2C75
2026/05/25 15:40:27 Connection error: EOF
2026/05/25 15:40:29 Received: D62D6D5F6CAE709B75418A274F562973FC0815E66321D0E1C71DA237D30FD0F302172F
2026/05/25 15:40:29 serial 587
2026/05/25 15:40:29 Processing protocol: 0x26 
2026/05/25 15:40:29 ⚠️ Unknown protocol: 0x26
2026/05/25 15:40:31 Server listening on :5023
2026/05/25 15:40:31 Connection error: EOF
2026/05/25 15:40:33 Received: 30E63F57D32582A09751337FB09F91467DC2B14A192B054A712BD774096C10EAF8A323
2026/05/25 15:40:33 serial 588
2026/05/25 15:40:33 Processing protocol: 0x26 
2026/05/25 15:40:33 ⚠️ Unknown protocol: 0x26
2026/05/25 15:40:33 Connection error: EOF
2026/05/25 15:40:35 Received: D0B1CE5066FCBE419A7A148A8302B67CBAF68582E5868F95BAAFA4E4E3379524095A7E10B81E34C8
2026/05/25 15:40:35 serial 589
2026/05/25 15:40:35 Processing protocol: 0x22 
2026/05/25 15:40:35 ✅ Location - IMEI: 867440069564328, Lat: 22.687562, Lon: 88.472917, Speed: 102, Course: 5809, Serial: 589
2026/05/25 15:40:37 Received: 195C1EB7024F3593B026CC1C57C1996B
2026/05/25 15:40:37 serial 590
2026/05/25 15:40:37 Processing protocol: 0x13 
2026/05/25 15:40:37 ✅ Heartbeat - IMEI: 867440069564328, Battery: 4, GSM: 5, TermInfo: BC50FF47, Serial: 590
2026/05/25 15:40:37 Sent response: E2080C46D23644F94DB1
2026/05/25 15:40:39 Received: AEF9CEDF6170770FF99102509C1B698517514519A2FF36C037473989AB6AA622BB73B46B5319396F
2026/05/25 15:40:39 serial 591
2026/05/25 15:40:39 Processing protocol: 0x22 
2026/05/25 15:40:39 ✅ Location - IMEI: 867440069564329, Lat: 22.679324, Lon: 88.427368, Speed: 80, Course: 1898, Serial: 591
2026/05/25 15:40:41 Received: 265DDF922EED81F4909B0015
2026/05/25 15:40:41 serial 592
2026/05/25 15:40:41 Processing protocol: 0x94 
2026/05/25 15:40:41 ℹ️ Information transmission packet
2026/05/25 15:40:41 Connection error: EOF
2026/05/25 15:40:43 Received: 3AD30D3C91D1CAC9322E1B8201C6517415648768A2B485894A9C7AAAF9BB73F50CFDCBE7DA918C7F
2026/05/25 15:40:43 serial 593
2026/05/25 15:40:43 Processing protocol: 0x22 
2026/05/25 15:40:43 ✅ Location - IMEI: 867440069564321, Lat: 22.602805, Lon: 88.598565, Speed: 79, Course: 5543, Serial: 593
2026/05/25 15:40:45 Received: 8B0A09856471CAC8BE52564582E640E5
2026/05/25 15:40:45 serial 594
2026/05/25 15:40:45 Processing protocol: 0x13 
2026/05/25 15:40:45 ✅ Heartbeat - IMEI: 867440069564324, Battery: 6, GSM: 5, TermInfo: 1C36575F, Serial: 594
2026/05/25 15:40:45 Sent response: 2ABB51BECEF9A16FCAEA
2026/05/25 15:40:47 Client connected: 184.224.211.145:16578
2026/05/25 15:40:47 Received: 4D42CCE077BBD83F23914C004D29ED15B616C465
2026/05/25 15:40:47 serial 595
2026/05/25 15:40:47 Processing protocol: 0x01 
2026/05/25 15:40:47 ✅ Login packet - IMEI: 867440069564325, Serial: 595
2026/05/25 15:40:47 Sent response: 25CF0B28E6D1DF89D40C
2026/05/25 15:40:49 Received: 3F281E46F7EBD546D518AB61
2026/05/25 15:40:49 serial 596
2026/05/25 15:40:49 Processing protocol: 0x94 
2026/05/25 15:40:49 ℹ️ Information transmission packet
2026/05/25 15:40:51 Received: 95E71403E1B328265C56B28E03EE25A39D50519F3D9C54710C0D7243F64693F1509222B052435FC9
2026/05/25 15:40:51 serial 597
2026/05/25 15:40:51 Processing protocol: 0x22 
2026/05/25 15:40:51 ✅ Location - IMEI: 867440069564328, Lat: 22.695480, Lon: 88.547715, Speed: 24, Course: 5755, Serial: 597
2026/05/25 15:40:53 Received: C928BB2E7FC5D93B8D8438D3024DDC5E05EDE14AB3EE925CE6F90C116BA9087FA1E7A3
2026/05/25 15:40:53 serial 598
2026/05/25 15:40:53 Processing protocol: 0x26 
2026/05/25 15:40:53 ⚠️ Unknown protocol: 0x26
2026/05/25 15:40:55 Received: 853A3D4AE25CABC1F045CE78F9523531D78FD6DF67ACF093E2172DAF8C441F7D62456E5AD2F32D3E
2026/05/25 15:40:55 serial 599
2026/05/25 15:40:55 Processing protocol: 0x22 
2026/05/25 15:40:55 ✅ Location - IMEI: 867440069564325, Lat: 22.640420, Lon: 88.334022, Speed: 96, Course: 5794, Serial: 599
2026/05/25 15:40:55 Connection error: EOF
2026/05/25 15:40:57 Received: 6060A87D68D7A30E2C5BF3F97CDFD1828723B53D2F1909BB5EC824F9B8BAC7712D8E10
2026/05/25 15:40:57 serial 600
2026/05/25 15:40:57 Processing protocol: 0x26 
2026/05/25 15:40:57 ⚠️ Unknown protocol: 0x26
2026/05/25 15:40:59 Received: 4461F8A358D0EC4F03756BFF
2026/05/25 15:40:59 serial 601
2026/05/25 15:40:59 Processing protocol: 0x94 
2026/05/25 15:40:59 ℹ️ Information transmission packet
2026/05/25 15:41:01 Received: BC5510BA831D82EE0395E826836250DF12760B946E2D8C1BACC2B834FD8E478F9C9F3DE57585690D
2026/05/25 15:41:01 serial 602
2026/05/25 15:41:01 Processing protocol: 0x22 
2026/05/25 15:41:01 ✅ Location - IMEI: 867440069564330, Lat: 22.558634, Lon: 88.403963, Speed: 43, Course: 3511, Serial: 602
2026/05/25 15:41:03 Client connected: 97.128.99.30:23581
2026/05/25 15:41:03 Received: 22AE1E36B8387D13F4EB9325CB1608E4C78C0280
2026/05/25 15:41:03 serial 603
2026/05/25 15:41:03 Processing protocol: 0x01 
2026/05/25 15:41:03 ✅ Login packet - IMEI: 867440069564326, Serial: 603
2026/05/25 15:41:03 Sent response: 6A1665A308661B60281B
2026/05/25 15:41:03 Connection error: EOF
2026/05/25 15:41:05 Received: 1B1E681B80A03C5F166B4D75BAD4F9ED44F03ED47D1E8216D2E1E26478D59B567F603B
2026/05/25 15:41:05 serial 604
2026/05/25 15:41:05 Processing protocol: 0x26 
2026/05/25 15:41:05 ⚠️ Unknown protocol: 0x26
2026/05/25 15:41:05 Connection error: EOF
2026/05/25 15:41:07 Received: B3AD9F6015B3D85C1111CD9DCB4223A5353FC2FDAD380BF5A67C5C6D398A3076D09D59
2026/05/25 15:41:07 serial 605
2026/05/25 15:41:07 Processing protocol: 0x26 
2026/05/25 15:41:07 ⚠️ Unknown protocol: 0x26
2026/05/25 15:41:09 Client connected: 158.144.40.125:25451
2026/05/25 15:41:09 Received: 97C4954C75CF393EAD733C340031E11628DF7534
2026/05/25 15:41:09 serial 606
2026/05/25 15:41:09 Processing protocol: 0x01 
2026/05/25 15:41:09 ✅ Login packet - IMEI: 867440069564325, Serial: 606
2026/05/25 15:41:09 Sent response: 2EEF764063FC4FC2BF31
2026/05/25 15:41:11 Received: 552AEC64EB1B35C54831512EBF8756962B0F3DE5205188DF37490250C5A4F55C847263
2026/05/25 15:41:11 serial 607
2026/05/25 15:41:11 Processing protocol: 0x26 
2026/05/25 15:41:11 ⚠️ Unknown protocol: 0x26
2026/05/25 15:41:13 Received: 87FEB5EBE8712F8A50B06EB05F15CA83C67218FBEF57021F3C33717153001FED9FA008
2026/05/25 15:41:13 serial 608
2026/05/25 15:41:13 Processing protocol: 0x26 
2026/05/25 15:41:13 ⚠️ Unknown protocol: 0x26
2026/05/25 15:41:15 Server listening on :5023
2026/05/25 15:41:17 Server listening on :5023
2026/05/25 15:41:19 Server listening on :5023
2026/05/25 15:41:19 Connection error: EOF
2026/05/25 15:41:21 Received: C2940B9580AAA9A9150E514E6AC10215CA76241A7FB4A014FB036008A2B6C0A16D05FE
2026/05/25 15:41:21 serial 609
2026/05/25 15:41:21 Processing protocol: 0x26 
2026/05/25 15:41:21 ⚠️ Unknown protocol: 0x26
2026/05/25 15:41:23 Received: FD98BFB25F2850D38C3BE1F83C81F4A22D367D846075C4D6E700B5CBD28558C136B6C02914A1EBE9
2026/05/25 15:41:23 serial 610
2026/05/25 15:41:23 Processing protocol: 0x22 
2026/05/25 15:41:23 ✅ Location - IMEI: 867440069564323, Lat: 22.624550, Lon: 88.393115, Speed: 110, Course: 2143, Serial: 610
2026/05/25 15:41:25 Received: 1EDE75BA10F363383A4E6DC6496C02A42E19CB6F8B8CD4DD135163DD18C84FF064366329DEBF0DEC
2026/05/25 15:41:25 serial 611
2026/05/25 15:41:25 Processing protocol: 0x22 
2026/05/25 15:41:25 ✅ Location - IMEI: 867440069564321, Lat: 22.698098, Lon: 88.492686, Speed: 56, Course: 1357, Serial: 611
2026/05/25 15:41:27 Received: 113EF685621D5B14E3C7DDF2
2026/05/25 15:41:27 serial 612
2026/05/25 15:41:27 Processing protocol: 0x94 
2026/05/25 15:41:27 ℹ️ Information transmission packet
2026/05/25 15:41:29 Received: DC744335EEEB66D938A9384CD65DCA2279CD931D9C494DC72EA611C789B539E90C8FB1
2026/05/25 15:41:29 serial 613
2026/05/25 15:41:29 Processing protocol: 0x26 
2026/05/25 15:41:29 ⚠️ Unknown protocol: 0x26
2026/05/25 15:41:31 Received: 5D93F223656B11E30702ABB5D58AC7D6C9A33511A7D264A10DEAB81E5855ADEA16181A
2026/05/25 15:41:31 serial 614
2026/05/25 15:41:31 Processing protocol: 0x26 
2026/05/25 15:41:31 ⚠️ Unknown protocol: 0x26
2026/05/25 15:41:33 Received: 99811616E4540E4A1172C479
2026/05/25 15:41:33 serial 615
2026/05/25 15:41:33 Processing protocol: 0x94 
2026/05/25 15:41:33 ℹ️ Information transmission packet
2026/05/25 15:41:33 Connection error: EOF
2026/05/25 15:41:35 Server listening on :5023
2026/05/25 15:41:37 Server listening on :5023
2026/05/25 15:41:39 Received: F95660F610D2A7C6F2AF8C1E36EDB7BD
2026/05/25 15:41:39 serial 616
2026/05/25 15:41:39 Processing protocol: 0x13 
2026/05/25 15:41:39 ✅ Heartbeat - IMEI: 867440069564321, Battery: 6, GSM: 4, TermInfo: C7B47D10, Serial: 616
2026/05/25 15:41:39 Sent response: 3256F3E0235DAFD2B0A5
2026/05/25 15:41:41 Received: EBCC3DD5DEFE7A4340813FF3
2026/05/25 15:41:41 serial 617
2026/05/25 15:41:41 Processing protocol: 0x94 
2026/05/25 15:41:41 ℹ️ Information transmission packet
2026/05/25 15:41:43 Server listening on :5023
2026/05/25 15:41:45 Received: 0108505DD3EAD381F8897062
2026/05/25 15:41:45 serial 618
2026/05/25 15:41:45 Processing protocol: 0x94 
2026/05/25 15:41:45 ℹ️ Information transmission packet
2026/05/25 15:41:45 Connection error: EOF
2026/05/25 15:41:47 Received: B654ECB918741CF56236962349796EDD10AD6129CDAE6C2FFB38E69DE96922EF3EE788C051FE26DF
2026/05/25 15:41:47 serial 619
2026/05/25 15:41:47 Processing protocol: 0x22 
2026/05/25 15:41:47 ✅ Location - IMEI: 867440069564325, Lat: 22.505177, Lon: 88.307923, Speed: 92, Course: 4323, Serial: 619
2026/05/25 15:41:49 Received: B5407C9EB667C7429B06864CF76E4F5E5B15A4F0975DB2BBBD275F896F757BB3A5CCB1584F42D22D
2026/05/25 15:41:49 serial 620
2026/05/25 15:41:49 Processing protocol: 0x22 
2026/05/25 15:41:49 ✅ Location - IMEI: 867440069564324, Lat: 22.504841, Lon: 88.423983, Speed: 66, Course: 5338, Serial: 620
2026/05/25 15:41:51 Server listening on :5023
2026/05/25 15:41:53 Client connected: 82.126.173.85:50612
2026/05/25 15:41:53 Received: AA0906F787E4CEA369718D5ABA4960E24ACB1E16
2026/05/25 15:41:53 serial 621
2026/05/25 15:41:53 Processing protocol: 0x01 
2026/05/25 15:41:53 ✅ Login packet - IMEI: 867440069564324, Serial: 621
2026/05/25 15:41:53 Sent response: 5FD43EE8E9C774F9D95A
2026/05/25 15:41:55 Server listening on :5023
2026/05/25 15:41:57 Client connected: 125.19.160.172:54292
2026/05/25 15:41:57 Received: 73AF59CC739ABE1742FA0D2AF44F92FB899D118D
2026/05/25 15:41:57 serial 622
2026/05/25 15:41:57 Processing protocol: 0x01 
2026/05/25 15:41:57 ✅ Login packet - IMEI: 867440069564321, Serial: 622
2026/05/25 15:41:57 Sent response: 876C02F3E36AFD7120BD
2026/05/25 15:41:57 Connection error: EOF
2026/05/25 15:41:59 Received: 6F282DF5E9A7288E5ABC71CF92CD026F5F0803A09916EC1B33BC50422A04CAB18647EA245C663894
2026/05/25 15:41:59 serial 623
2026/05/25 15:41:59 Processing protocol: 0x22 
2026/05/25 15:41:59 ✅ Location - IMEI: 867440069564322, Lat: 22.521436, Lon: 88.332243, Speed: 51, Course: 4600, Serial: 623
2026/05/25 15:42:01 Received: C35EDB6D503B5316BAD4AFA97FDB9089
2026/05/25 15:42:01 serial 624
2026/05/25 15:42:01 Processing protocol: 0x13 
2026/05/25 15:42:01 ✅ Heartbeat - IMEI: 867440069564324, Battery: 5, GSM: 2, TermInfo: 2A006B9D, Serial: 624
2026/05/25 15:42:01 Sent response: 567F28EFF492A135304F
2026/05/25 15:42:03 Received: F5F5E152A4CEE160AE24EE7A61C1187A99E9518ACD543FF8D6EB683323B11245C3CAD8
2026/05/25 15:42:03 serial 625
2026/05/25 15:42:03 Processing protocol: 0x26 
2026/05/25 15:42:03 ⚠️ Unknown protocol: 0x26
2026/05/25 15:42:03 Connection error: EOF
2026/05/25 15:42:05 Client connected: 67.210.239.75:13893
2026/05/25 15:42:05 Received: 2E46A4EC26743C433F9CC5EC1C840893DDA1279C
2026/05/25 15:42:05 serial 626
2026/05/25 15:42:05 Processing protocol: 0x01 
2026/05/25 15:42:05 ✅ Login packet - IMEI: 867440069564326, Serial: 626
2026/05/25 15:42:05 Sent response: 3354CB6008DDF14467CE
2026/05/25 15:42:07 Received: 58DA4BB9040E96431C6286BE5DDC2934EA29FBCE4CCEA496459B576236D0261FE30D33
2026/05/25 15:42:07 serial 627
2026/05/25 15:42:07 Processing protocol: 0x26 
2026/05/25 15:42:07 ⚠️ Unknown protocol: 0x26
2026/05/25 15:42:09 Server listening on :5023
2026/05/25 15:42:11 Received: DD2286880A6DF25FD96D6401955B5A7B611C9ED8C8F4EB29804EAD4DFE2C1C908E73248352B714D5
2026/05/25 15:42:11 serial 628
2026/05/25 15:42:11 Processing protocol: 0x22 
2026/05/25 15:42:11 ✅ Location - IMEI: 867440069564328, Lat: 22.638494, Lon: 88.305753, Speed: 25, Course: 1634, Serial: 628
2026/05/25 15:42:13 Client connected: 245.226.234.232:54311
2026/05/25 15:42:13 Received: 83D7193112945D72B4CD89CC1133FF5748A36983
2026/05/25 15:42:13 serial 629
2026/05/25 15:42:13 Processing protocol: 0x01 
2026/05/25 15:42:13 ✅ Login packet - IMEI: 867440069564323, Serial: 629
2026/05/25 15:42:13 Sent response: 4C075B1D88A32AB79051
2026/05/25 15:42:13 Connection error: EOF
2026/05/25 15:42:15 Received: B1AC2A4DFE4FDE51FCBBBDA4CB50D9D2626A5D0A99745653991A36D41275613D02474B
2026/05/25 15:42:15 serial 630
2026/05/25 15:42:15 Processing protocol: 0x26 
2026/05/25 15:42:15 ⚠️ Unknown protocol: 0x26
2026/05/25 15:42:15 Connection error: EOF
2026/05/25 15:42:17 Client connected: 43.194.121.220:46702
2026/05/25 15:42:17 Received: F77D1F0AC15D4BFA419C02F05D66F130204C2E08
2026/05/25 15:42:17 serial 631
2026/05/25 15:42:17 Processing protocol: 0x01 
2026/05/25 15:42:17 ✅ Login packet - IMEI: 867440069564329, Serial: 631
2026/05/25 15:42:17 Sent response: 55CD2F82EF25F8378423
2026/05/25 15:42:19 Received: 2B9D7817A43FA8A8D400A0315DAB2E4E36694C9B2C9A21769EB245D5E8C59D6A9C98F9
2026/05/25 15:42:19 serial 632
2026/05/25 15:42:19 Processing protocol: 0x26 
2026/05/25 15:42:19 ⚠️ Unknown protocol: 0x26
2026/05/25 15:42:21 Received: A2B65B3C1A3F7C78778E5061A21C65673B7FAFF1C93657024073AF173EAD53350FD179
2026/05/25 15:42:21 serial 633
2026/05/25 15:42:21 Processing protocol: 0x26 
2026/05/25 15:42:21 ⚠️ Unknown protocol: 0x26
2026/05/25 15:42:23 Received: F93C4B5B6A15880C52A2F044F5FD2AED
2026/05/25 15:42:23 serial 634
2026/05/25 15:42:23 Processing protocol: 0x13 
2026/05/25 15:42:23 ✅ Heartbeat - IMEI: 867440069564327, Battery: 3, GSM: 1, TermInfo: F9CCB56D, Serial: 634
2026/05/25 15:42:23 Sent response: 23EE83BB01ECAEEE0663
2026/05/25 15:42:25 Received: CB6479482DB518FCBAD985F9
2026/05/25 15:42:25 serial 635
2026/05/25 15:42:25 Processing protocol: 0x94 
2026/05/25 15:42:25 ℹ️ Information transmission packet
2026/05/25 15:42:27 Received: FE1F0FA1D1A126F9D6DDB710
2026/05/25 15:42:27 serial 636
2026/05/25 15:42:27 Processing protocol: 0x94 
2026/05/25 15:42:27 ℹ️ Information transmission packet
2026/05/25 15:42:29 Received: 73FFACD8D52FF1256FEA233A985D610C0A338FF636001261F9F37BF0EEFE4A18DBA748
2026/05/25 15:42:29 serial 637
2026/05/25 15:42:29 Processing protocol: 0x26 
2026/05/25 15:42:29 ⚠️ Unknown protocol: 0x26
2026/05/25 15:42:31 Received: 3C6CA129255AE9C76E03A9DB
2026/05/25 15:42:31 serial 638
2026/05/25 15:42:31 Processing protocol: 0x94 
2026/05/25 15:42:31 ℹ️ Information transmission packet
2026/05/25 15:42:33 Received: 3E06A717019709E1B32F887E2207ECE76A39E1166425A24D32F5A20B72D13973F9EEEECDAB661182
2026/05/25 15:42:33 serial 639
2026/05/25 15:42:33 Processing protocol: 0x22 
2026/05/25 15:42:33 ✅ Location - IMEI: 867440069564327, Lat: 22.523164, Lon: 88.389600, Speed: 38, Course: 1117, Serial: 639
2026/05/25 15:42:33 Connection error: EOF
2026/05/25 15:42:35 Server listening on :5023
2026/05/25 15:42:37 Server listening on :5023
2026/05/25 15:42:39 Received: EA978DAE780E7972DE9106517E43DD2FC29BB983E4605BC3E4EDBE56B956357C2765A43C076D22DB
2026/05/25 15:42:39 serial 640
2026/05/25 15:42:39 Processing protocol: 0x22 
2026/05/25 15:42:39 ✅ Location - IMEI: 867440069564325, Lat: 22.541947, Lon: 88.342286, Speed: 7, Course: 2174, Serial: 640
2026/05/25 15:42:41 Server listening on :5023
2026/05/25 15:42:43 Server listening on :5023
2026/05/25 15:42:45 Received: 4D1232E612127F7A192D7C0B
2026/05/25 15:42:45 serial 641
2026/05/25 15:42:45 Processing protocol: 0x94 
2026/05/25 15:42:45 ℹ️ Information transmission packet
2026/05/25 15:42:45 Connection error: EOF
2026/05/25 15:42:47 Received: B3C76D12E1B5A977BBE9A2A205232106
2026/05/25 15:42:47 serial 642
2026/05/25 15:42:47 Processing protocol: 0x13 
2026/05/25 15:42:47 ✅ Heartbeat - IMEI: 867440069564330, Battery: 3, GSM: 3, TermInfo: 6EAAF1AD, Serial: 642
2026/05/25 15:42:47 Sent response: 498554BEE21A15615E34
2026/05/25 15:42:49 Server listening on :5023
2026/05/25 15:42:51 Client connected: 247.55.40.245:10727
2026/05/25 15:42:51 Received: 07EEF34582365D5AEAB37A37086BD10E8AA72A24
2026/05/25 15:42:51 serial 643
2026/05/25 15:42:51 Processing protocol: 0x01 
2026/05/25 15:42:51 ✅ Login packet - IMEI: 867440069564330, Serial: 643
2026/05/25 15:42:51 Sent response: D6BF14A61438B2E2976D
2026/05/25 15:42:53 Server listening on :5023
2026/05/25 15:42:55 Received: 1B34C9E3C0815B0398B09DA6694E75E98C4D256713AEBB511EB9234FE323E1C9FB21DC706F05977F
2026/05/25 15:42:55 serial 644
2026/05/25 15:42:55 Processing protocol: 0x22 
2026/05/25 15:42:55 ✅ Location - IMEI: 867440069564321, Lat: 22.610689, Lon: 88.339100, Speed: 52, Course: 4026, Serial: 644
2026/05/25 15:42:55 Connection error: EOF
2026/05/25 15:42:57 Received: 21CE1DD1CD65BEAD8347002C
2026/05/25 15:42:57 serial 645
2026/05/25 15:42:57 Processing protocol: 0x94 
2026/05/25 15:42:57 ℹ️ Information transmission packet
2026/05/25 15:42:59 Server listening on :5023
2026/05/25 15:42:59 Connection error: EOF
2026/05/25 15:43:01 Received: E921C4084B8EC7BD5B4DAAB977F9C87166A389CAC43FBB30B57E497CFF76E9B872AD8BD0A254E6FF
2026/05/25 15:43:01 serial 646
2026/05/25 15:43:01 Processing protocol: 0x22 
2026/05/25 15:43:01 ✅ Location - IMEI: 867440069564326, Lat: 22.653770, Lon: 88.345134, Speed: 63, Course: 3003, Serial: 646
2026/05/25 15:43:03 Received: 5732823A7C835D6CEEECCC88B4DBE061
2026/05/25 15:43:03 serial 647
2026/05/25 15:43:03 Processing protocol: 0x13 
2026/05/25 15:43:03 ✅ Heartbeat - IMEI: 867440069564326, Battery: 2, GSM: 4, TermInfo: 8EAF197B, Serial: 647
2026/05/25 15:43:03 Sent response: 3FAA238B9DDF1C003649
2026/05/25 15:43:03 Connection error: EOF
2026/05/25 15:43:05 Client connected: 72.59.36.235:10175
2026/05/25 15:43:05 Received: 5927DA7B5AF561D2E2CA4EC51F561CE790362381
2026/05/25 15:43:05 serial 648
2026/05/25 15:43:05 Processing protocol: 0x01 
2026/05/25 15:43:05 ✅ Login packet - IMEI: 867440069564321, Serial: 648
2026/05/25 15:43:05 Sent response: 2F29099D6E9E97A5D4A8
2026/05/25 15:43:07 Received: 67545E290EA140F91550B1BFFF982216AE1D908B71C8E7AF9F753EB803A1DB5BE0CE30
2026/05/25 15:43:07 serial 649
2026/05/25 15:43:07 Processing protocol: 0x26 
2026/05/25 15:43:07 ⚠️ Unknown protocol: 0x26
2026/05/25 15:43:09 Server listening on :5023
2026/05/25 15:43:11 Received: D39C6E99CE8E5EBF1EC402D6C0FEBE32
2026/05/25 15:43:11 serial 650
2026/05/25 15:43:11 Processing protocol: 0x13 
2026/05/25 15:43:11 ✅ Heartbeat - IMEI: 867440069564322, Battery: 3, GSM: 1, TermInfo: 05090E77, Serial: 650
2026/05/25 15:43:11 Sent response: F17649562948A1A4C5B6
2026/05/25 15:43:13 Client connected: 113.13.130.102:46626
2026/05/25 15:43:13 Received: 6C7D7E2FEF46CB71059F24FAFE3CE17CAB6F5A03
2026/05/25 15:43:13 serial 651
2026/05/25 15:43:13 Processing protocol: 0x01 
2026/05/25 15:43:13 ✅ Login packet - IMEI: 867440069564324, Serial: 651
2026/05/25 15:43:13 Sent response: FE6ADF1B792717C8FC2D
2026/05/25 15:43:15 Client connected: 14.117.222.233:22902
2026/05/25 15:43:15 Received: 0BA137A1C82F98C1610941FD1D6C06A883B27AD2
2026/05/25 15:43:15 serial 652
2026/05/25 15:43:15 Processing protocol: 0x01 
2026/05/25 15:43:15 ✅ Login packet - IMEI: 867440069564329, Serial: 652
2026/05/25 15:43:15 Sent response: B5B9C37FBC875CDFE8EC
2026/05/25 15:43:15 Connection error: EOF
2026/05/25 15:43:17 Client connected: 45.144.32.101:19483
2026/05/25 15:43:17 Received: 5E70904261454F30408FD9FD3D71F5CB1EB4B662
2026/05/25 15:43:17 serial 653
2026/05/25 15:43:17 Processing protocol: 0x01 
2026/05/25 15:43:17 ✅ Login packet - IMEI: 867440069564324, Serial: 653
2026/05/25 15:43:17 Sent response: FBEC91C04F4F80534269
2026/05/25 15:43:17 Connection error: EOF
2026/05/25 15:43:19 Received: F6F62A303CDF6FFA57DEF445
2026/05/25 15:43:19 serial 654
2026/05/25 15:43:19 Processing protocol: 0x94 
2026/05/25 15:43:19 ℹ️ Information transmission packet
2026/05/25 15:43:21 Received: 595CAF24A73CF955D43067C6B1ACB3E0
2026/05/25 15:43:21 serial 655
2026/05/25 15:43:21 Processing protocol: 0x13 
2026/05/25 15:43:21 ✅ Heartbeat - IMEI: 867440069564329, Battery: 2, GSM: 3, TermInfo: 8EFC5F76, Serial: 655
2026/05/25 15:43:21 Sent response: 1119E626FA538C5FA487
2026/05/25 15:43:23 Client connected: 54.163.99.232:14347
2026/05/25 15:43:23 Received: 9D99663BA5649219E539191895F3505B402A0235
2026/05/25 15:43:23 serial 656
2026/05/25 15:43:23 Processing protocol: 0x01 
2026/05/25 15:43:23 ✅ Login packet - IMEI: 867440069564325, Serial: 656
2026/05/25 15:43:23 Sent response: 6B268241E4B4CD00AEA7
2026/05/25 15:43:25 Received: ED7392E0F5F680E20C6D9C20
2026/05/25 15:43:25 serial 657
2026/05/25 15:43:25 Processing protocol: 0x94 
2026/05/25 15:43:25 ℹ️ Information transmission packet
2026/05/25 15:43:27 Received: 6412DE5D4EA87BCEAE384E63
2026/05/25 15:43:27 serial 658
2026/05/25 15:43:27 Processing protocol: 0x94 
2026/05/25 15:43:27 ℹ️ Information transmission packet
2026/05/25 15:43:29 Server listening on :5023
2026/05/25 15:43:31 Server listening on :5023
2026/05/25 15:43:31 Connection error: EOF
2026/05/25 15:43:33 Received: 530456CBB69C6302EDF7A1B4C01A7E52122138D745793509FEB94E44F555DA589C7D7BB608A2E86B
2026/05/25 15:43:33 serial 659
2026/05/25 15:43:33 Processing protocol: 0x22 
2026/05/25 15:43:33 ✅ Location - IMEI: 867440069564324, Lat: 22.640975, Lon: 88.337151, Speed: 61, Course: 2405, Serial: 659
2026/05/25 15:43:33 Connection error: EOF
2026/05/25 15:43:35 Received: 7BEE44B3E8EFEF4CFDF6A0FE981511CB001AD85981CD8D120DF343AF6144E98F742D3DFE31163AB3
2026/05/25 15:43:35 serial 660
2026/05/25 15:43:35 Processing protocol: 0x22 
2026/05/25 15:43:35 ✅ Location - IMEI: 867440069564324, Lat: 22.603419, Lon: 88.490133, Speed: 107, Course: 3458, Serial: 660
2026/05/25 15:43:37 Client connected: 200.94.203.92:38072
2026/05/25 15:43:37 Received: 5A1787767786CA657B3914D860EC4C977337B7F7
2026/05/25 15:43:37 serial 661
2026/05/25 15:43:37 Processing protocol: 0x01 
2026/05/25 15:43:37 ✅ Login packet - IMEI: 867440069564324, Serial: 661
2026/05/25 15:43:37 Sent response: 42F98A6C847AE838F7C5
2026/05/25 15:43:39 Received: B2D31E85BFFAD2AB639A5C304376F104BFCDEA7155112005C50878AA90312DD5FB5C61
2026/05/25 15:43:39 serial 662
2026/05/25 15:43:39 Processing protocol: 0x26 
2026/05/25 15:43:39 ⚠️ Unknown protocol: 0x26
2026/05/25 15:43:41 Server listening on :5023
2026/05/25 15:43:43 Received: ED69D6ACF8366FFF9F2B98BF8D71D40F3DB7DDA303F4621388F8111E33A7F513193EDA
2026/05/25 15:43:43 serial 663
2026/05/25 15:43:43 Processing protocol: 0x26 
2026/05/25 15:43:43 ⚠️ Unknown protocol: 0x26
2026/05/25 15:43:45 Received: DFC12E47520C92714CC28B03
2026/05/25 15:43:45 serial 664
2026/05/25 15:43:45 Processing protocol: 0x94 
2026/05/25 15:43:45 ℹ️ Information transmission packet
2026/05/25 15:43:47 Server listening on :5023
2026/05/25 15:43:49 Received: 44632507354BBE2B472EFA300CF33E54
2026/05/25 15:43:49 serial 665
2026/05/25 15:43:49 Processing protocol: 0x13 
2026/05/25 15:43:49 ✅ Heartbeat - IMEI: 867440069564322, Battery: 5, GSM: 3, TermInfo: F5960FDC, Serial: 665
2026/05/25 15:43:49 Sent response: 2F1DDE76BEA4939E0419
2026/05/25 15:43:51 Received: 8468E3AF453CC2AC8052BDB6DA187F61
2026/05/25 15:43:51 serial 666
2026/05/25 15:43:51 Processing protocol: 0x13 
2026/05/25 15:43:51 ✅ Heartbeat - IMEI: 867440069564323, Battery: 3, GSM: 3, TermInfo: 9A376E26, Serial: 666
2026/05/25 15:43:51 Sent response: B22B8F67100ED106F2CD
2026/05/25 15:43:53 Received: 177D7C95F4EB054FB7F3C1A64199B848
2026/05/25 15:43:53 serial 667
2026/05/25 15:43:53 Processing protocol: 0x13 
2026/05/25 15:43:53 ✅ Heartbeat - IMEI: 867440069564324, Battery: 1, GSM: 4, TermInfo: 196F8DA2, Serial: 667
2026/05/25 15:43:53 Sent response: 4647BDEA769E9E2500BF
2026/05/25 15:43:53 Connection error: EOF
2026/05/25 15:43:55 Client connected: 38.42.48.169:42425
2026/05/25 15:43:55 Received: 430D6A4911F166E2E4472B875C6E0162D7673844
2026/05/25 15:43:55 serial 668
2026/05/25 15:43:55 Processing protocol: 0x01 
2026/05/25 15:43:55 ✅ Login packet - IMEI: 867440069564326, Serial: 668
2026/05/25 15:43:55 Sent response: DB7F74B6D01D86BC8C0B
2026/05/25 15:43:57 Received: 7CBBDDC21A2534FCA4288D908965ECC0
2026/05/25 15:43:57 serial 669
2026/05/25 15:43:57 Processing protocol: 0x13 
2026/05/25 15:43:57 ✅ Heartbeat - IMEI: 867440069564330, Battery: 6, GSM: 2, TermInfo: 85C4625F, Serial: 669
2026/05/25 15:43:57 Sent response: 31E96DA7559E3424C4F8
2026/05/25 15:43:59 Received: 108A40EC5C7A049749F6FCB3
2026/05/25 15:43:59 serial 670
2026/05/25 15:43:59 Processing protocol: 0x94 
2026/05/25 15:43:59 ℹ️ Information transmission packet
2026/05/25 15:44:01 Received: 49949E8ECAE10E49C4F828B6D68D3ABDA914ABDE5B0A1165AE6235722AAD43A1AF2B0F64C12DD49B
2026/05/25 15:44:01 serial 671
2026/05/25 15:44:01 Processing protocol: 0x22 
2026/05/25 15:44:01 ✅ Location - IMEI: 867440069564322, Lat: 22.655575, Lon: 88.446841, Speed: 63, Course: 5674, Serial: 671
2026/05/25 15:44:03 Received: CA5857CEA1A14D410170BC94DABD67B6535F7A4D085DB7C0BF6FB47EA58629EEB115AD
2026/05/25 15:44:03 serial 672
2026/05/25 15:44:03 Processing protocol: 0x26 
2026/05/25 15:44:03 ⚠️ Unknown protocol: 0x26
2026/05/25 15:44:03 Connection error: EOF
2026/05/25 15:44:05 Received: BB1AF2094861D941BC16CD4EB13FB8953D59D7806CF7C7414B9455314305E78779CA61
2026/05/25 15:44:05 serial 673
2026/05/25 15:44:05 Processing protocol: 0x26 
2026/05/25 15:44:05 ⚠️ Unknown protocol: 0x26
2026/05/25 15:44:07 Client connected: 26.106.239.246:36773
2026/05/25 15:44:07 Received: 3C1C1D9B3013AED6F65D021F767062176B760CDD
2026/05/25 15:44:07 serial 674
2026/05/25 15:44:07 Processing protocol: 0x01 
2026/05/25 15:44:07 ✅ Login packet - IMEI: 867440069564327, Serial: 674
2026/05/25 15:44:07 Sent response: 207F664FC17EB9A82E4B
2026/05/25 15:44:07 Connection error: EOF
2026/05/25 15:44:09 Received: 731E253EF9CD48E2CCDD05CF65BB6F78
2026/05/25 15:44:09 serial 675
2026/05/25 15:44:09 Processing protocol: 0x13 
2026/05/25 15:44:09 ✅ Heartbeat - IMEI: 867440069564323, Battery: 6, GSM: 4, TermInfo: 525CF77C, Serial: 675
2026/05/25 15:44:09 Sent response: 26F0485BDE4F854D11D5
2026/05/25 15:44:11 Received: 2C1761C418B33E653A56C80FDF9716E19DA6CF16EC091E00DC461D983A7D928D27938A9125BF3A11
2026/05/25 15:44:11 serial 676
2026/05/25 15:44:11 Processing protocol: 0x22 
2026/05/25 15:44:11 ✅ Location - IMEI: 867440069564329, Lat: 22.609873, Lon: 88.592645, Speed: 13, Course: 3802, Serial: 676
2026/05/25 15:44:13 Received: DA7B8AA0722AFECAE983804C087F0D74
2026/05/25 15:44:13 serial 677
2026/05/25 15:44:13 Processing protocol: 0x13 
2026/05/25 15:44:13 ✅ Heartbeat - IMEI: 867440069564328, Battery: 4, GSM: 3, TermInfo: 9C5F2F80, Serial: 677
2026/05/25 15:44:13 Sent response: D8A8EE23A4BC686DCCC0
2026/05/25 15:44:15 Received: 0F888C02DCCB8E58A27BD2984352C2A56C6DA117AD1A466122214BA441E45523386213
2026/05/25 15:44:15 serial 678
2026/05/25 15:44:15 Processing protocol: 0x26 
2026/05/25 15:44:15 ⚠️ Unknown protocol: 0x26
2026/05/25 15:44:17 Received: 61447DD11071E0580CD052FC
2026/05/25 15:44:17 serial 679
2026/05/25 15:44:17 Processing protocol: 0x94 
2026/05/25 15:44:17 ℹ️ Information transmission packet
2026/05/25 15:44:19 Client connected: 249.134.195.149:37373
2026/05/25 15:44:19 Received: 973DB0F10376BC752A4EE2717D3BD4BDD8316681
2026/05/25 15:44:19 serial 680
2026/05/25 15:44:19 Processing protocol: 0x01 
2026/05/25 15:44:19 ✅ Login packet - IMEI: 867440069564327, Serial: 680
2026/05/25 15:44:19 Sent response: 1D65014A9415D21FCC72
2026/05/25 15:44:21 Server listening on :5023
2026/05/25 15:44:23 Client connected: 28.192.163.241:12452
2026/05/25 15:44:23 Received: A10847707B0B9E48786A8BCF370224275C356A4A
2026/05/25 15:44:23 serial 681
2026/05/25 15:44:23 Processing protocol: 0x01 
2026/05/25 15:44:23 ✅ Login packet - IMEI: 867440069564323, Serial: 681
2026/05/25 15:44:23 Sent response: 324021676D145517B765
2026/05/25 15:44:25 Client connected: 206.26.14.241:32395
2026/05/25 15:44:25 Received: D969CAD7622A10BF9D59E2B3F04F4D24BF4A0044
2026/05/25 15:44:25 serial 682
2026/05/25 15:44:25 Processing protocol: 0x01 
2026/05/25 15:44:25 ✅ Login packet - IMEI: 867440069564321, Serial: 682
2026/05/25 15:44:25 Sent response: C7B4C7A2C3E6C1856AF0
2026/05/25 15:44:27 Received: 71DDB5F3211F3C80071ABEB6C50F9584DBBF3694C09BC2E28FE659A94BD2D8AF5AF7B5
2026/05/25 15:44:27 serial 683
2026/05/25 15:44:27 Processing protocol: 0x26 
2026/05/25 15:44:27 ⚠️ Unknown protocol: 0x26
2026/05/25 15:44:29 Received: 0FD779BE05BC2974A6C10562029C205ED4BB70926478E903E1FB5284E580EB8BA5410D80EC12FC9D
2026/05/25 15:44:29 serial 684
2026/05/25 15:44:29 Processing protocol: 0x22 
2026/05/25 15:44:29 ✅ Location - IMEI: 867440069564326, Lat: 22.523694, Lon: 88.592707, Speed: 35, Course: 2690, Serial: 684
2026/05/25 15:44:31 Received: 7A226C979E619C3D1FA970FA
2026/05/25 15:44:31 serial 685
2026/05/25 15:44:31 Processing protocol: 0x94 
2026/05/25 15:44:31 ℹ️ Information transmission packet
2026/05/25 15:44:31 Connection error: EOF
2026/05/25 15:44:33 Server listening on :5023
2026/05/25 15:44:35 Received: DAFE32625B2C130FF07E10722206B7B1BA2484F93CA2F7B14080FDC6433FE50B40DF51
2026/05/25 15:44:35 serial 686
2026/05/25 15:44:35 Processing protocol: 0x26 
2026/05/25 15:44:35 ⚠️ Unknown protocol: 0x26
2026/05/25 15:44:37 Server listening on :5023
2026/05/25 15:44:39 Server listening on :5023
2026/05/25 15:44:41 Received: 81DFFF070D336930D0284432
2026/05/25 15:44:41 serial 687
2026/05/25 15:44:41 Processing protocol: 0x94 
2026/05/25 15:44:41 ℹ️ Information transmission packet
2026/05/25 15:44:43 Received: DA0E0ACA96E519B9949F3218936AD91F
2026/05/25 15:44:43 serial 688
2026/05/25 15:44:43 Processing protocol: 0x13 
2026/05/25 15:44:43 ✅ Heartbeat - IMEI: 867440069564321, Battery: 2, GSM: 4, TermInfo: 40DB6652, Serial: 688
2026/05/25 15:44:43 Sent response: A6EB4E4E51023A6318F0
2026/05/25 15:44:43 Connection error: EOF
2026/05/25 15:44:45 Server listening on :5023
2026/05/25 15:44:47 Server listening on :5023
2026/05/25 15:44:49 Server listening on :5023
2026/05/25 15:44:51 Server listening on :5023
2026/05/25 15:44:53 Received: C463295E2275ACCC1809702FEFE796CD2B1330013665D54E7B6E75330F885F45D852A81BAF038560
2026/05/25 15:44:53 serial 689
2026/05/25 15:44:53 Processing protocol: 0x22 
2026/05/25 15:44:53 ✅ Location - IMEI: 867440069564326, Lat: 22.520981, Lon: 88.534361, Speed: 87, Course: 3155, Serial: 689
2026/05/25 15:44:55 Received: 1D4113582A39DE070B31A3FF
2026/05/25 15:44:55 serial 690
2026/05/25 15:44:55 Processing protocol: 0x94 
2026/05/25 15:44:55 ℹ️ Information transmission packet
2026/05/25 15:44:57 Server listening on :5023
2026/05/25 15:44:59 Client connected: 252.55.222.69:44947
2026/05/25 15:44:59 Received: 437E7F90B33AEF4D38BE4444BAD6437CDBC4708E
2026/05/25 15:44:59 serial 691
2026/05/25 15:44:59 Processing protocol: 0x01 
2026/05/25 15:44:59 ✅ Login packet - IMEI: 867440069564330, Serial: 691
2026/05/25 15:44:59 Sent response: 1208E402405D727BDB4A
2026/05/25 15:45:01 Received: CD711D007C1142F4E08D424F95B36C4C055BA2AE0C2451ED7C0A8C9F0116C2E7780C262BCD9ABF14
2026/05/25 15:45:01 serial 692
2026/05/25 15:45:01 Processing protocol: 0x22 
2026/05/25 15:45:01 ✅ Location - IMEI: 867440069564322, Lat: 22.560117, Lon: 88.328725, Speed: 25, Course: 4641, Serial: 692
2026/05/25 15:45:03 Client connected: 245.233.65.117:39836
2026/05/25 15:45:03 Received: F4FFB4BD87359BE11BF4A654A0E4DBCB80ADD1BF
2026/05/25 15:45:03 serial 693
2026/05/25 15:45:03 Processing protocol: 0x01 
2026/05/25 15:45:03 ✅ Login packet - IMEI: 867440069564322, Serial: 693
2026/05/25 15:45:03 Sent response: 2A7808DEDCBC72DA32F3
2026/05/25 15:45:03 Connection error: EOF
2026/05/25 15:45:05 Received: 06CF9524C3D510900434090C2C676FA7D3B3ACDC33E86988801FC294BBDCE4FA84A693
2026/05/25 15:45:05 serial 694
2026/05/25 15:45:05 Processing protocol: 0x26 
2026/05/25 15:45:05 ⚠️ Unknown protocol: 0x26
2026/05/25 15:45:07 Received: DD26B2DE4D10BFE2BCEA775C00808F2FE1D72EB01DD931178AE12FC4CE90F2EF9EDC98
2026/05/25 15:45:07 serial 695
2026/05/25 15:45:07 Processing protocol: 0x26 
2026/05/25 15:45:07 ⚠️ Unknown protocol: 0x26
2026/05/25 15:45:07 Connection error: EOF
2026/05/25 15:45:09 Received: E69908B0E485437B12BF84259C4DE0594B8F6BF33AE3BD22199304C975D69C35E43E1D218B7CB6B5
2026/05/25 15:45:09 serial 696
2026/05/25 15:45:09 Processing protocol: 0x22 
2026/05/25 15:45:09 ✅ Location - IMEI: 867440069564327, Lat: 22.513846, Lon: 88.342081, Speed: 112, Course: 3904, Serial: 696
2026/05/25 15:45:11 Server listening on :5023
2026/05/25 15:45:13 Server listening on :5023
2026/05/25 15:45:15 Received: F1CC038266D478EA5AF947945DDC95C1F067E3814CC3D1A39E719262379F44AE47DEE3
2026/05/25 15:45:15 serial 697
2026/05/25 15:45:15 Processing protocol: 0x26 
2026/05/25 15:45:15 ⚠️ Unknown protocol: 0x26
2026/05/25 15:45:17 Received: 5EE5B4CFD5E8E4CC87439C19F78A8BFC018ED1F645B362085FFE5661C1539AD7BA2A46A9579FC4B5
2026/05/25 15:45:17 serial 698
2026/05/25 15:45:17 Processing protocol: 0x22 
2026/05/25 15:45:17 ✅ Location - IMEI: 867440069564326, Lat: 22.526717, Lon: 88.498291, Speed: 113, Course: 5200, Serial: 698
2026/05/25 15:45:19 Received: A7C204529BDFCC1A3FDBE414
2026/05/25 15:45:19 serial 699
2026/05/25 15:45:19 Processing protocol: 0x94 
2026/05/25 15:45:19 ℹ️ Information transmission packet
2026/05/25 15:45:21 Received: 69881D0B576BABE01206ACEE
2026/05/25 15:45:21 serial 700
2026/05/25 15:45:21 Processing protocol: 0x94 
2026/05/25 15:45:21 ℹ️ Information transmission packet
2026/05/25 15:45:21 Connection error: EOF
2026/05/25 15:45:23 Client connected: 243.61.194.61:18624
2026/05/25 15:45:23 Received: D2957FE738E7B6D43822E4F646179BDF840C3D71
2026/05/25 15:45:23 serial 701
2026/05/25 15:45:23 Processing protocol: 0x01 
2026/05/25 15:45:23 ✅ Login packet - IMEI: 867440069564322, Serial: 701
2026/05/25 15:45:23 Sent response: 56322394A00251A8C749
2026/05/25 15:45:25 Server listening on :5023
2026/05/25 15:45:27 Received: 11415137B5ED439F444718E43C35693BEB25A0E6F25A27EC906C5364B8E4B17180C5EA
2026/05/25 15:45:27 serial 702
2026/05/25 15:45:27 Processing protocol: 0x26 
2026/05/25 15:45:27 ⚠️ Unknown protocol: 0x26
2026/05/25 15:45:29 Received: 46BFC63D4084CEE7A603050FC8BEBD37BB1A3996F158A6839026F8CC803AFCFBC7338D
2026/05/25 15:45:29 serial 703
2026/05/25 15:45:29 Processing protocol: 0x26 
2026/05/25 15:45:29 ⚠️ Unknown protocol: 0x26
2026/05/25 15:45:31 Server listening on :5023
2026/05/25 15:45:33 Received: 91C5739E85B1D93DAAFF2F1A
2026/05/25 15:45:33 serial 704
2026/05/25 15:45:33 Processing protocol: 0x94 
2026/05/25 15:45:33 ℹ️ Information transmission packet
2026/05/25 15:45:35 Server listening on :5023
2026/05/25 15:45:37 Received: 8C18B99FEAB169402F32B858
2026/05/25 15:45:37 serial 705
2026/05/25 15:45:37 Processing protocol: 0x94 
2026/05/25 15:45:37 ℹ️ Information transmission packet
2026/05/25 15:45:39 Received: 9381396FA8277B9627A34C34
2026/05/25 15:45:39 serial 706
2026/05/25 15:45:39 Processing protocol: 0x94 
2026/05/25 15:45:39 ℹ️ Information transmission packet
2026/05/25 15:45:41 Received: B1BF0C5BC3D262DDA60D9847
2026/05/25 15:45:41 serial 707
2026/05/25 15:45:41 Processing protocol: 0x94 
2026/05/25 15:45:41 ℹ️ Information transmission packet
2026/05/25 15:45:43 Received: BB8BCA226E9D24DDA44A9B104D30EB57AC7C295A17083DD01E776494E050512DA9BBCA
2026/05/25 15:45:43 serial 708
2026/05/25 15:45:43 Processing protocol: 0x26 
2026/05/25 15:45:43 ⚠️ Unknown protocol: 0x26
2026/05/25 15:45:43 Connection error: EOF
2026/05/25 15:45:45 Received: CCA6A38352417DF7EF203CADA5C0BDC21C4B2AE6CDF96AE0ACDC78CB5F0DCA5DCE38C450CFF33127
2026/05/25 15:45:45 serial 709
2026/05/25 15:45:45 Processing protocol: 0x22 
2026/05/25 15:45:45 ✅ Location - IMEI: 867440069564322, Lat: 22.622015, Lon: 88.548748, Speed: 5, Course: 2137, Serial: 709
2026/05/25 15:45:47 Received: 89172EE3BA8133C730910A1D97E10ACBAE124E86F4159291FFF90817BB268EF6E904301856D26B43
2026/05/25 15:45:47 serial 710
2026/05/25 15:45:47 Processing protocol: 0x22 
2026/05/25 15:45:47 ✅ Location - IMEI: 867440069564324, Lat: 22.551247, Lon: 88.598994, Speed: 17, Course: 3682, Serial: 710
2026/05/25 15:45:49 Received: B6C8FB517CDC7AD12306CA6D
2026/05/25 15:45:49 serial 711
2026/05/25 15:45:49 Processing protocol: 0x94 
2026/05/25 15:45:49 ℹ️ Information transmission packet
2026/05/25 15:45:51 Received: 76C61A95692994FAA2060F5981656AE6
2026/05/25 15:45:51 serial 712
2026/05/25 15:45:51 Processing protocol: 0x13 
2026/05/25 15:45:51 ✅ Heartbeat - IMEI: 867440069564321, Battery: 4, GSM: 5, TermInfo: AE905202, Serial: 712
2026/05/25 15:45:51 Sent response: 7EF4C361B10295214F66
2026/05/25 15:45:53 Received: D9C6BC76C538A9E05AEECAD9
2026/05/25 15:45:53 serial 713
2026/05/25 15:45:53 Processing protocol: 0x94 
2026/05/25 15:45:53 ℹ️ Information transmission packet
2026/05/25 15:45:55 Client connected: 183.28.251.67:25300
2026/05/25 15:45:55 Received: 878B517DE4105B69888ACA786E201B7DB358EC7B
2026/05/25 15:45:55 serial 714
2026/05/25 15:45:55 Processing protocol: 0x01 
2026/05/25 15:45:55 ✅ Login packet - IMEI: 867440069564327, Serial: 714
2026/05/25 15:45:55 Sent response: BD1A971453B3DD752D73
2026/05/25 15:45:57 Received: D702E293EE5F55B1995BCB5164A47D01CCBFFEFFB3546A789CA766A16A431ED2547D50
2026/05/25 15:45:57 serial 715
2026/05/25 15:45:57 Processing protocol: 0x26 
2026/05/25 15:45:57 ⚠️ Unknown protocol: 0x26
2026/05/25 15:45:59 Received: 15E714DA3B18CD9AB516B5C366B2C2659A23C2D519017A1D16F9410842B831CC691C44
2026/05/25 15:45:59 serial 716
2026/05/25 15:45:59 Processing protocol: 0x26 
2026/05/25 15:45:59 ⚠️ Unknown protocol: 0x26
2026/05/25 15:46:01 Received: 10342D42F9ACEB001FA7907F
2026/05/25 15:46:01 serial 717
2026/05/25 15:46:01 Processing protocol: 0x94 
2026/05/25 15:46:01 ℹ️ Information transmission packet
2026/05/25 15:46:03 Received: B72FE96C3A886A99BEBCF0D724E9287CA07D98AEF2C60D3A968081896721A284969074D46A54F3C0
2026/05/25 15:46:03 serial 718
2026/05/25 15:46:03 Processing protocol: 0x22 
2026/05/25 15:46:03 ✅ Location - IMEI: 867440069564322, Lat: 22.611323, Lon: 88.473562, Speed: 83, Course: 5425, Serial: 718
2026/05/25 15:46:05 Server listening on :5023
2026/05/25 15:46:07 Client connected: 250.173.211.16:57177
2026/05/25 15:46:07 Received: 1E3698B8C19C091E348FBCC81B51BEE6962AF620
2026/05/25 15:46:07 serial 719
2026/05/25 15:46:07 Processing protocol: 0x01 
2026/05/25 15:46:07 ✅ Login packet - IMEI: 867440069564321, Serial: 719
2026/05/25 15:46:07 Sent response: 054ACAAB389321B886D4
2026/05/25 15:46:09 Server listening on :5023
2026/05/25 15:46:11 Client connected: 83.49.94.27:25186
2026/05/25 15:46:11 Received: E0A629E7E8029A958B456ACA6ECE9943B341D70D
2026/05/25 15:46:11 serial 720
2026/05/25 15:46:11 Processing protocol: 0x01 
2026/05/25 15:46:11 ✅ Login packet - IMEI: 867440069564321, Serial: 720
2026/05/25 15:46:11 Sent response: C17B1B0031BDD665072F
2026/05/25 15:46:13 Received: 22CA46E6F886A3AE825AFB8D
2026/05/25 15:46:13 serial 721
2026/05/25 15:46:13 Processing protocol: 0x94 
2026/05/25 15:46:13 ℹ️ Information transmission packet
2026/05/25 15:46:15 Received: 102DC446AEAF4C31DB4A315A
2026/05/25 15:46:15 serial 722
2026/05/25 15:46:15 Processing protocol: 0x94 
2026/05/25 15:46:15 ℹ️ Information transmission packet
2026/05/25 15:46:17 Received: 0130C2E4927640201A4CEAA5
2026/05/25 15:46:17 serial 723
2026/05/25 15:46:17 Processing protocol: 0x94 
2026/05/25 15:46:17 ℹ️ Information transmission packet
2026/05/25 15:46:17 Connection error: EOF
2026/05/25 15:46:19 Server listening on :5023
2026/05/25 15:46:21 Received: 65CFAD1F3103B83EC839BF6C68FE9FD3
2026/05/25 15:46:21 serial 724
2026/05/25 15:46:21 Processing protocol: 0x13 
2026/05/25 15:46:21 ✅ Heartbeat - IMEI: 867440069564327, Battery: 6, GSM: 1, TermInfo: 6AED68D8, Serial: 724
2026/05/25 15:46:21 Sent response: 36EF25F28CA3C0BB5043
2026/05/25 15:46:23 Received: E60CD98661D5AE909881E540
2026/05/25 15:46:23 serial 725
2026/05/25 15:46:23 Processing protocol: 0x94 
2026/05/25 15:46:23 ℹ️ Information transmission packet
2026/05/25 15:46:23 Connection error: EOF
2026/05/25 15:46:25 Received: 0C768C151E07290124028181
2026/05/25 15:46:25 serial 726
2026/05/25 15:46:25 Processing protocol: 0x94 
2026/05/25 15:46:25 ℹ️ Information transmission packet
2026/05/25 15:46:27 Received: 8A712EEFB893BF0D314BD6D85EDB1CE1FE48C3525BB5356F327F24A8F784F1EF363501ADEC34B327
2026/05/25 15:46:27 serial 727
2026/05/25 15:46:27 Processing protocol: 0x22 
2026/05/25 15:46:27 ✅ Location - IMEI: 867440069564321, Lat: 22.693930, Lon: 88.499123, Speed: 79, Course: 3017, Serial: 727
2026/05/25 15:46:27 Connection error: EOF
2026/05/25 15:46:29 Received: 585150E6E62FF93DBBAD2FA59FAEAD3C972C4EEB722F5113AFD04536775930446B6BB911DAEA0DE3
2026/05/25 15:46:29 serial 728
2026/05/25 15:46:29 Processing protocol: 0x22 
2026/05/25 15:46:29 ✅ Location - IMEI: 867440069564327, Lat: 22.519670, Lon: 88.490219, Speed: 79, Course: 5175, Serial: 728
2026/05/25 15:46:29 Connection error: EOF
2026/05/25 15:46:31 Client connected: 16.44.127.144:55289
2026/05/25 15:46:31 Received: CF1D61E7593BC6F1535E522CD543FE3AB4DD13CA
2026/05/25 15:46:31 serial 729
2026/05/25 15:46:31 Processing protocol: 0x01 
2026/05/25 15:46:31 ✅ Login packet - IMEI: 867440069564330, Serial: 729
2026/05/25 15:46:31 Sent response: 0E04B6A8B0BCF2922BDA
2026/05/25 15:46:33 Received: B556B1E81A56BF49527312E06F1FC74B43736346D198599F74740D409EB19BB5E6F6B8
2026/05/25 15:46:33 serial 730
2026/05/25 15:46:33 Processing protocol: 0x26 
2026/05/25 15:46:33 ⚠️ Unknown protocol: 0x26
2026/05/25 15:46:35 Received: BCF1E27DFEA4F4BA39F1149A77F72B9968BC06A74247E4FE9E924C2510C9A9C07DD6A87D60B61F9D
2026/05/25 15:46:35 serial 731
2026/05/25 15:46:35 Processing protocol: 0x22 
2026/05/25 15:46:35 ✅ Location - IMEI: 867440069564330, Lat: 22.514437, Lon: 88.559492, Speed: 111, Course: 4969, Serial: 731
2026/05/25 15:46:37 Received: D257F89BD4C84BEC671C3464
2026/05/25 15:46:37 serial 732
2026/05/25 15:46:37 Processing protocol: 0x94 
2026/05/25 15:46:37 ℹ️ Information transmission packet
2026/05/25 15:46:39 Client connected: 112.150.2.223:33122
2026/05/25 15:46:39 Received: D6C5524144DD0717C2060656A9508BD52E348BA6
2026/05/25 15:46:39 serial 733
2026/05/25 15:46:39 Processing protocol: 0x01 
2026/05/25 15:46:39 ✅ Login packet - IMEI: 867440069564325, Serial: 733
2026/05/25 15:46:39 Sent response: CFF76F6E2F2BE05A9D19
2026/05/25 15:46:41 Received: AA09494FD2DE495A3A3CA84717BAA44ECA55E99A0F13958F8E0918ED84843D1A50582A
2026/05/25 15:46:41 serial 734
2026/05/25 15:46:41 Processing protocol: 0x26 
2026/05/25 15:46:41 ⚠️ Unknown protocol: 0x26
2026/05/25 15:46:43 Received: B6634CB7214D87438A5FA7E03ADE8AC7B42AB644B590CBC2DB2ED1FA63F4560EB6B7922B1D822E5D
2026/05/25 15:46:43 serial 735
2026/05/25 15:46:43 Processing protocol: 0x22 
2026/05/25 15:46:43 ✅ Location - IMEI: 867440069564330, Lat: 22.555706, Lon: 88.430899, Speed: 109, Course: 3077, Serial: 735
2026/05/25 15:46:45 Server listening on :5023
2026/05/25 15:46:47 Received: C07628C873CF1F4BA8C7B181712C13C4F0D264CD7F0771A33DA9B525487E9DDB92A42E1F2BF7642B
2026/05/25 15:46:47 serial 736
2026/05/25 15:46:47 Processing protocol: 0x22 
2026/05/25 15:46:47 ✅ Location - IMEI: 867440069564328, Lat: 22.526248, Lon: 88.303295, Speed: 104, Course: 1169, Serial: 736
2026/05/25 15:46:47 Connection error: EOF
2026/05/25 15:46:49 Client connected: 234.86.24.68:48899
2026/05/25 15:46:49 Received: 9CAABADBDA2576888B58FD93309CADEFE1308992
2026/05/25 15:46:49 serial 737
2026/05/25 15:46:49 Processing protocol: 0x01 
2026/05/25 15:46:49 ✅ Login packet - IMEI: 867440069564325, Serial: 737
2026/05/25 15:46:49 Sent response: B9604F42A39C99135BAE
2026/05/25 15:46:49 Connection error: EOF
2026/05/25 15:46:51 Received: 7F86BA110D2127406A9493D0BD44E092F77A32BFFC490BEA847DBAD9E906680B1E42E5
2026/05/25 15:46:51 serial 738
2026/05/25 15:46:51 Processing protocol: 0x26 
2026/05/25 15:46:51 ⚠️ Unknown protocol: 0x26
2026/05/25 15:46:53 Received: 9A705AFE9022585143527AE20C80A0BBA4BF95BE0105F82129CB463B89C7B6FB217A78
2026/05/25 15:46:53 serial 739
2026/05/25 15:46:53 Processing protocol: 0x26 
2026/05/25 15:46:53 ⚠️ Unknown protocol: 0x26
2026/05/25 15:46:55 Client connected: 242.47.216.184:26128
2026/05/25 15:46:55 Received: 0B3E524DF712BB09AB0C6A39AF70EFE13DC98EF1
2026/05/25 15:46:55 serial 740
2026/05/25 15:46:55 Processing protocol: 0x01 
2026/05/25 15:46:55 ✅ Login packet - IMEI: 867440069564324, Serial: 740
2026/05/25 15:46:55 Sent response: 3598B50DA8411A6A6156
2026/05/25 15:46:55 Connection error: EOF
2026/05/25 15:46:57 Received: CD2CD02A50EEE9C4126595415C8DB0136F3AF97EB2F79E9F59903546B30CB0F784D2C16C90ABC1DC
2026/05/25 15:46:57 serial 741
2026/05/25 15:46:57 Processing protocol: 0x22 
2026/05/25 15:46:57 ✅ Location - IMEI: 867440069564321, Lat: 22.631128, Lon: 88.415043, Speed: 49, Course: 1272, Serial: 741
2026/05/25 15:46:59 Received: DB3DCBEC421133C0BB5EF5B0DE050D9952F8DFB979D65583338E29B3A7F8339C7DB2D6184235B747
2026/05/25 15:46:59 serial 742
2026/05/25 15:46:59 Processing protocol: 0x22 
2026/05/25 15:46:59 ✅ Location - IMEI: 867440069564324, Lat: 22.566679, Lon: 88.492547, Speed: 51, Course: 3062, Serial: 742
2026/05/25 15:47:01 Received: ACCF183EB64F1C9054B6C1ED1E6819DC0621ED1CD5F5200059C6B5AF1B00B8029E682B
2026/05/25 15:47:01 serial 743
2026/05/25 15:47:01 Processing protocol: 0x26 
2026/05/25 15:47:01 ⚠️ Unknown protocol: 0x26
2026/05/25 15:47:03 Server listening on :5023
2026/05/25 15:47:05 Received: 862989F4D1D6BF09C33B6F513FA3AF666472B57CC3564EADD377F58891E734C270910D192136E859
2026/05/25 15:47:05 serial 744
2026/05/25 15:47:05 Processing protocol: 0x22 
2026/05/25 15:47:05 ✅ Location - IMEI: 867440069564322, Lat: 22.619294, Lon: 88.572099, Speed: 37, Course: 3643, Serial: 744
2026/05/25 15:47:07 Received: 61A84D52FF58292D43586051CF07A6D8
2026/05/25 15:47:07 serial 745
2026/05/25 15:47:07 Processing protocol: 0x13 
2026/05/25 15:47:07 ✅ Heartbeat - IMEI: 867440069564324, Battery: 3, GSM: 4, TermInfo: AD80CE9E, Serial: 745
2026/05/25 15:47:07 Sent response: 1EAA4C9970F5DF5FB474
2026/05/25 15:47:09 Received: 8E38C44FD1395E883E73A81C
2026/05/25 15:47:09 serial 746
2026/05/25 15:47:09 Processing protocol: 0x94 
2026/05/25 15:47:09 ℹ️ Information transmission packet
2026/05/25 15:47:11 Received: CA71ABD245E0DE0B3A940B96F161C275
2026/05/25 15:47:11 serial 747
2026/05/25 15:47:11 Processing protocol: 0x13 
2026/05/25 15:47:11 ✅ Heartbeat - IMEI: 867440069564330, Battery: 5, GSM: 4, TermInfo: 4865FAD5, Serial: 747
2026/05/25 15:47:11 Sent response: CB1CBF861E972A52EE0C
2026/05/25 15:47:13 Received: E47BC7BD8580B13DFAF619AE1ACB05744A59077C12F5B939873505A68A93EF8A75980F
2026/05/25 15:47:13 serial 748
2026/05/25 15:47:13 Processing protocol: 0x26 
2026/05/25 15:47:13 ⚠️ Unknown protocol: 0x26
2026/05/25 15:47:15 Received: B7EA87CE8A42FCE331D0A6AB
2026/05/25 15:47:15 serial 749
2026/05/25 15:47:15 Processing protocol: 0x94 
2026/05/25 15:47:15 ℹ️ Information transmission packet
2026/05/25 15:47:17 Client connected: 112.100.133.255:49844
2026/05/25 15:47:17 Received: 13A53444C730034916B3297E317478C2CC665CDE
2026/05/25 15:47:17 serial 750
2026/05/25 15:47:17 Processing protocol: 0x01 
2026/05/25 15:47:17 ✅ Login packet - IMEI: 867440069564330, Serial: 750
2026/05/25 15:47:17 Sent response: 5E7B502723D8D5FFCB3C
2026/05/25 15:47:17 Connection error: EOF
2026/05/25 15:47:19 Received: D753960C46B94A80868B46DA
2026/05/25 15:47:19 serial 751
2026/05/25 15:47:19 Processing protocol: 0x94 
2026/05/25 15:47:19 ℹ️ Information transmission packet
2026/05/25 15:47:21 Received: E9CC2FF0F9430A3BF447CE2846B7004B
2026/05/25 15:47:21 serial 752
2026/05/25 15:47:21 Processing protocol: 0x13 
2026/05/25 15:47:21 ✅ Heartbeat - IMEI: 867440069564330, Battery: 3, GSM: 2, TermInfo: D7679301, Serial: 752
2026/05/25 15:47:21 Sent response: 6819AF5EE4143E6621FD
2026/05/25 15:47:23 Received: 78959913A660F746BB9AD323CD6180DA
2026/05/25 15:47:23 serial 753
2026/05/25 15:47:23 Processing protocol: 0x13 
2026/05/25 15:47:23 ✅ Heartbeat - IMEI: 867440069564327, Battery: 2, GSM: 1, TermInfo: 0FAB24F8, Serial: 753
2026/05/25 15:47:23 Sent response: 3E0EE8E143B5968D6AAB
2026/05/25 15:47:25 Received: 5DB08ADF181D53C54BF106DFB8BFE3FF
2026/05/25 15:47:25 serial 754
2026/05/25 15:47:25 Processing protocol: 0x13 
2026/05/25 15:47:25 ✅ Heartbeat - IMEI: 867440069564322, Battery: 3, GSM: 3, TermInfo: 2E9C7439, Serial: 754
2026/05/25 15:47:25 Sent response: D062F897C56CA86A82B8
2026/05/25 15:47:27 Received: 49A75851B849F720450FCE651EF297D1A98D3BF9D6C55AD06417C82D0D0D59140B4050E30120CE2F
2026/05/25 15:47:27 serial 755
2026/05/25 15:47:27 Processing protocol: 0x22 
2026/05/25 15:47:27 ✅ Location - IMEI: 867440069564330, Lat: 22.541854, Lon: 88.464604, Speed: 10, Course: 2486, Serial: 755
2026/05/25 15:47:29 Client connected: 43.97.182.43:43226
2026/05/25 15:47:29 Received: 7190E30A84E8EFDFA51B2E5D2F2FDFAA0B6A0947
2026/05/25 15:47:29 serial 756
2026/05/25 15:47:29 Processing protocol: 0x01 
2026/05/25 15:47:29 ✅ Login packet - IMEI: 867440069564325, Serial: 756
2026/05/25 15:47:29 Sent response: CAA7EBE354AD699FCC3B
2026/05/25 15:47:31 Received: 5435F0D5219B1302FBC792628629B7FFB39FD03B46BEE4DBC8D38AFC316FC362F2F1A7
2026/05/25 15:47:31 serial 757
2026/05/25 15:47:31 Processing protocol: 0x26 
2026/05/25 15:47:31 ⚠️ Unknown protocol: 0x26
2026/05/25 15:47:33 Received: C3E22C9375D5B7F3433AA3ED32266E740B6A98789A7E8C269AFD712E58ACA460D3B898D419571719
2026/05/25 15:47:33 serial 758
2026/05/25 15:47:33 Processing protocol: 0x22 
2026/05/25 15:47:33 ✅ Location - IMEI: 867440069564324, Lat: 22.528197, Lon: 88.305680, Speed: 65, Course: 2116, Serial: 758
2026/05/25 15:47:33 Connection error: EOF
2026/05/25 15:47:35 Received: FBDBEE43AF25A5E37E45D675
2026/05/25 15:47:35 serial 759
2026/05/25 15:47:35 Processing protocol: 0x94 
2026/05/25 15:47:35 ℹ️ Information transmission packet
2026/05/25 15:47:37 Received: 0CD0BE09F05ADFFBA30C4FEB1008A7B4
2026/05/25 15:47:37 serial 760
2026/05/25 15:47:37 Processing protocol: 0x13 
2026/05/25 15:47:37 ✅ Heartbeat - IMEI: 867440069564327, Battery: 5, GSM: 2, TermInfo: 9418DBE7, Serial: 760
2026/05/25 15:47:37 Sent response: 80CEF12A384D58E291D3
2026/05/25 15:47:39 Received: 18ED7B63A4AC202F19472EE20C49132B021DF1F1C5B93EFEE6EC2E2032EFDF19F2905E
2026/05/25 15:47:39 serial 761
2026/05/25 15:47:39 Processing protocol: 0x26 
2026/05/25 15:47:39 ⚠️ Unknown protocol: 0x26
2026/05/25 15:47:41 Client connected: 71.6.68.25:26666
2026/05/25 15:47:41 Received: 47870067CB8AD337B795FCF523B1E9C4A0A8041A
2026/05/25 15:47:41 serial 762
2026/05/25 15:47:41 Processing protocol: 0x01 
2026/05/25 15:47:41 ✅ Login packet - IMEI: 867440069564324, Serial: 762
2026/05/25 15:47:41 Sent response: F12F4F8BADE201A0C21F
2026/05/25 15:47:43 Received: D6A5AD53310213E99775750B2FA194FFD8EE78127957DE627D83D39440EFCE9D9A9D45
2026/05/25 15:47:43 serial 763
2026/05/25 15:47:43 Processing protocol: 0x26 
2026/05/25 15:47:43 ⚠️ Unknown protocol: 0x26
2026/05/25 15:47:45 Server listening on :5023
2026/05/25 15:47:45 Connection error: EOF
2026/05/25 15:47:47 Received: E22711541F64BAB4C9233924
2026/05/25 15:47:47 serial 764
2026/05/25 15:47:47 Processing protocol: 0x94 
2026/05/25 15:47:47 ℹ️ Information transmission packet
2026/05/25 15:47:47 Connection error: EOF
2026/05/25 15:47:49 Server listening on :5023
2026/05/25 15:47:51 Received: 7AE74E07C10BFECA011BA5A3
2026/05/25 15:47:51 serial 765
2026/05/25 15:47:51 Processing protocol: 0x94 
2026/05/25 15:47:51 ℹ️ Information transmission packet
2026/05/25 15:47:53 Server listening on :5023
2026/05/25 15:47:53 Connection error: EOF
2026/05/25 15:47:55 Client connected: 187.60.128.101:42861
2026/05/25 15:47:55 Received: FA4F50267A6F94FA78571D1504DA46C9254DE9B1
2026/05/25 15:47:55 serial 766
2026/05/25 15:47:55 Processing protocol: 0x01 
2026/05/25 15:47:55 ✅ Login packet - IMEI: 867440069564329, Serial: 766
2026/05/25 15:47:55 Sent response: 8A5B70A87DDF5E1C72DA
2026/05/25 15:47:55 Connection error: EOF
2026/05/25 15:47:57 Received: 3F757D228192D49180D6A5B86C17582DAF5BD9CE24FAE14CB09DE37E7B9AC3CB90C719AE77FC1FC1
2026/05/25 15:47:57 serial 767
2026/05/25 15:47:57 Processing protocol: 0x22 
2026/05/25 15:47:57 ✅ Location - IMEI: 867440069564322, Lat: 22.690770, Lon: 88.539676, Speed: 22, Course: 5155, Serial: 767
2026/05/25 15:47:59 Received: 93E01B97404C8F6382AEEAA530248EAFC6A5777F76DB64F7B97A8D734E96D326215B2623710A45FF
2026/05/25 15:47:59 serial 768
2026/05/25 15:47:59 Processing protocol: 0x22 
2026/05/25 15:47:59 ✅ Location - IMEI: 867440069564328, Lat: 22.600746, Lon: 88.395876, Speed: 54, Course: 3258, Serial: 768
2026/05/25 15:48:01 Client connected: 194.217.72.54:12005
2026/05/25 15:48:01 Received: DC35B16B06CDB7FD95CEFC90637C1D6DD34A09A3
2026/05/25 15:48:01 serial 769
2026/05/25 15:48:01 Processing protocol: 0x01 
2026/05/25 15:48:01 ✅ Login packet - IMEI: 867440069564324, Serial: 769
2026/05/25 15:48:01 Sent response: C8E796F0F83B7114382C
2026/05/25 15:48:03 Server listening on :5023
2026/05/25 15:48:05 Client connected: 125.251.83.9:40387
2026/05/25 15:48:05 Received: 434AAD1DEE030249C6C6F99504812AFD99A42B11
2026/05/25 15:48:05 serial 770
2026/05/25 15:48:05 Processing protocol: 0x01 
2026/05/25 15:48:05 ✅ Login packet - IMEI: 867440069564328, Serial: 770
2026/05/25 15:48:05 Sent response: 8B563551DA8EA6E0CB5C
2026/05/25 15:48:07 Received: 97FE755BADCF122066FBD681A495FA21
2026/05/25 15:48:07 serial 771
2026/05/25 15:48:07 Processing protocol: 0x13 
2026/05/25 15:48:07 ✅ Heartbeat - IMEI: 867440069564325, Battery: 6, GSM: 3, TermInfo: 3C67101D, Serial: 771
2026/05/25 15:48:07 Sent response: 284CD190FC8961F772F9
2026/05/25 15:48:09 Server listening on :5023
2026/05/25 15:48:09 Connection error: EOF
2026/05/25 15:48:11 Received: D847B912EA5D4CE63DA88D3587292AAB
2026/05/25 15:48:11 serial 772
2026/05/25 15:48:11 Processing protocol: 0x13 
2026/05/25 15:48:11 ✅ Heartbeat - IMEI: 867440069564321, Battery: 5, GSM: 2, TermInfo: 6F4B2729, Serial: 772
2026/05/25 15:48:11 Sent response: 07401B9CB429BC34CB8B
2026/05/25 15:48:13 Received: C4666DB0B765F93B0D6AA411B1A36B68E9534B9707D9CFDBBA31A00412F5035F29EE69
2026/05/25 15:48:13 serial 773
2026/05/25 15:48:13 Processing protocol: 0x26 
2026/05/25 15:48:13 ⚠️ Unknown protocol: 0x26
2026/05/25 15:48:15 Received: C6F14F2938D8422DDE6A76188FB461506D828155CF6A183ED6E99C16019E3DB2694D90F90AF1F825
2026/05/25 15:48:15 serial 774
2026/05/25 15:48:15 Processing protocol: 0x22 
2026/05/25 15:48:15 ✅ Location - IMEI: 867440069564325, Lat: 22.597703, Lon: 88.453385, Speed: 71, Course: 2084, Serial: 774
2026/05/25 15:48:17 Received: 7FFF19F93738815374E27B68980BC5139F7DCB2AF9C725B34166812F41328E6D9AEDA5F0CCF1BB3E
2026/05/25 15:48:17 serial 775
2026/05/25 15:48:17 Processing protocol: 0x22 
2026/05/25 15:48:17 ✅ Location - IMEI: 867440069564322, Lat: 22.513340, Lon: 88.417316, Speed: 89, Course: 3964, Serial: 775
2026/05/25 15:48:17 Connection error: EOF
2026/05/25 15:48:19 Client connected: 130.54.97.67:31694
2026/05/25 15:48:19 Received: 1D8825E6325F78071D2D369AD4CCA6D2DAC32B9E
2026/05/25 15:48:19 serial 776
2026/05/25 15:48:19 Processing protocol: 0x01 
2026/05/25 15:48:19 ✅ Login packet - IMEI: 867440069564327, Serial: 776
2026/05/25 15:48:19 Sent response: 51261A169D14228A5F72
2026/05/25 15:48:21 Server listening on :5023
2026/05/25 15:48:23 Received: 6E5A2AE2B4A5F250AED911CE873E5A37208A3BEDB4E8D145DB560DCFA30C2F5B857D102C182CE8A7
2026/05/25 15:48:23 serial 777
2026/05/25 15:48:23 Processing protocol: 0x22 
2026/05/25 15:48:23 ✅ Location - IMEI: 867440069564328, Lat: 22.659776, Lon: 88.536539, Speed: 66, Course: 3902, Serial: 777
2026/05/25 15:48:25 Received: 3573E453545B39A60EC7D790169928E0
2026/05/25 15:48:25 serial 778
2026/05/25 15:48:25 Processing protocol: 0x13 
2026/05/25 15:48:25 ✅ Heartbeat - IMEI: 867440069564323, Battery: 6, GSM: 5, TermInfo: AFF8A1BE, Serial: 778
2026/05/25 15:48:25 Sent response: A6B8993EE8034B6F8DA9
2026/05/25 15:48:27 Received: CE63A9DF5E8683886779CA1D
2026/05/25 15:48:27 serial 779
2026/05/25 15:48:27 Processing protocol: 0x94 
2026/05/25 15:48:27 ℹ️ Information transmission packet
2026/05/25 15:48:29 Received: 6C85A05AC6C2C47AA408A84C
2026/05/25 15:48:29 serial 780
2026/05/25 15:48:29 Processing protocol: 0x94 
2026/05/25 15:48:29 ℹ️ Information transmission packet
2026/05/25 15:48:31 Client connected: 8.164.117.106:36045
2026/05/25 15:48:31 Received: 9DE897B8EFE8F3AD0B715710CB3F142FAFBEED1A
2026/05/25 15:48:31 serial 781
2026/05/25 15:48:31 Processing protocol: 0x01 
2026/05/25 15:48:31 ✅ Login packet - IMEI: 867440069564322, Serial: 781
2026/05/25 15:48:31 Sent response: 1106A087FC9E5E1D1B29
2026/05/25 15:48:33 Received: 9063A539E6F98E6FF3A9D99BA6C0A093758C72E8BC3274D28B9D6D17A16DC661626C57
2026/05/25 15:48:33 serial 782
2026/05/25 15:48:33 Processing protocol: 0x26 
2026/05/25 15:48:33 ⚠️ Unknown protocol: 0x26
2026/05/25 15:48:35 Client connected: 42.223.8.32:54132
2026/05/25 15:48:35 Received: 2B4A753DA48B3AA170860971AD8966375CCCF922
2026/05/25 15:48:35 serial 783
2026/05/25 15:48:35 Processing protocol: 0x01 
2026/05/25 15:48:35 ✅ Login packet - IMEI: 867440069564324, Serial: 783
2026/05/25 15:48:35 Sent response: 0D4413CA5DC800BEFA50
2026/05/25 15:48:37 Received: 79D421BDBC00B30F7031CF93
2026/05/25 15:48:37 serial 784
2026/05/25 15:48:37 Processing protocol: 0x94 
2026/05/25 15:48:37 ℹ️ Information transmission packet
2026/05/25 15:48:37 Connection error: EOF
2026/05/25 15:48:39 Server listening on :5023
2026/05/25 15:48:41 Received: 0BF3B17F96E1E2873D2364FB
2026/05/25 15:48:41 serial 785
2026/05/25 15:48:41 Processing protocol: 0x94 
2026/05/25 15:48:41 ℹ️ Information transmission packet
2026/05/25 15:48:43 Received: AD6AEDF4E8752B2FFDAAAB34
2026/05/25 15:48:43 serial 786
2026/05/25 15:48:43 Processing protocol: 0x94 
2026/05/25 15:48:43 ℹ️ Information transmission packet
2026/05/25 15:48:45 Client connected: 112.98.151.54:24194
2026/05/25 15:48:45 Received: 60788586E5BC48E0A5E42B1275741FE3CBE3E255
2026/05/25 15:48:45 serial 787
2026/05/25 15:48:45 Processing protocol: 0x01 
2026/05/25 15:48:45 ✅ Login packet - IMEI: 867440069564327, Serial: 787
2026/05/25 15:48:45 Sent response: 87AE300A7A89C9A1DF27
2026/05/25 15:48:45 Connection error: EOF
2026/05/25 15:48:47 Received: BB6F096F697C06022DEBEA54
2026/05/25 15:48:47 serial 788
2026/05/25 15:48:47 Processing protocol: 0x94 
2026/05/25 15:48:47 ℹ️ Information transmission packet
2026/05/25 15:48:49 Received: F8386F4F54365441AC304F3C2E3CDBAD606DB08402A35FC33DCE1F26BAF7130D28446DCBF292EC0B
2026/05/25 15:48:49 serial 789
2026/05/25 15:48:49 Processing protocol: 0x22 
2026/05/25 15:48:49 ✅ Location - IMEI: 867440069564322, Lat: 22.639297, Lon: 88.565224, Speed: 43, Course: 1017, Serial: 789
2026/05/25 15:48:49 Connection error: EOF
2026/05/25 15:48:51 Received: F70B402E99351CF4173F185FE336C732
2026/05/25 15:48:51 serial 790
2026/05/25 15:48:51 Processing protocol: 0x13 
2026/05/25 15:48:51 ✅ Heartbeat - IMEI: 867440069564329, Battery: 5, GSM: 2, TermInfo: ACEC5BFB, Serial: 790
2026/05/25 15:48:51 Sent response: D17E92302C3D19E52E77
2026/05/25 15:48:53 Server listening on :5023
2026/05/25 15:48:55 Client connected: 192.251.146.193:39373
2026/05/25 15:48:55 Received: F28655B55C08318553FE0A007A6A55AB9AF3AD73
2026/05/25 15:48:55 serial 791
2026/05/25 15:48:55 Processing protocol: 0x01 
2026/05/25 15:48:55 ✅ Login packet - IMEI: 867440069564324, Serial: 791
2026/05/25 15:48:55 Sent response: F989C8D136A6FA1C9A00
2026/05/25 15:48:57 Received: 251526C1091B04F18C57753C04DF775444B8615871556BACEFFFDF6557D49E316892BD
2026/05/25 15:48:57 serial 792
2026/05/25 15:48:57 Processing protocol: 0x26 
2026/05/25 15:48:57 ⚠️ Unknown protocol: 0x26
2026/05/25 15:48:59 Received: 23CD0116DDF33494EAD3CBDC
2026/05/25 15:48:59 serial 793
2026/05/25 15:48:59 Processing protocol: 0x94 
2026/05/25 15:48:59 ℹ️ Information transmission packet
2026/05/25 15:49:01 Received: 0997E66F9918D950CF2A7F39
2026/05/25 15:49:01 serial 794
2026/05/25 15:49:01 Processing protocol: 0x94 
2026/05/25 15:49:01 ℹ️ Information transmission packet
2026/05/25 15:49:03 Received: E9EA50EE77E80C21BD0AD521
2026/05/25 15:49:03 serial 795
2026/05/25 15:49:03 Processing protocol: 0x94 
2026/05/25 15:49:03 ℹ️ Information transmission packet
2026/05/25 15:49:05 Client connected: 30.188.48.66:32562
2026/05/25 15:49:05 Received: 675784029410BF4974FD9B14BC193E53172FC8E9
2026/05/25 15:49:05 serial 796
2026/05/25 15:49:05 Processing protocol: 0x01 
2026/05/25 15:49:05 ✅ Login packet - IMEI: 867440069564327, Serial: 796
2026/05/25 15:49:05 Sent response: 9215C59DCD25BB9C047F
2026/05/25 15:49:07 Received: E57B1390E324CC4B3A417343
2026/05/25 15:49:07 serial 797
2026/05/25 15:49:07 Processing protocol: 0x94 
2026/05/25 15:49:07 ℹ️ Information transmission packet
2026/05/25 15:49:09 Client connected: 114.203.118.177:27811
2026/05/25 15:49:09 Received: 305C620B796DD75FAD34BC17AA1CAF22DFC4873A
2026/05/25 15:49:09 serial 798
2026/05/25 15:49:09 Processing protocol: 0x01 
2026/05/25 15:49:09 ✅ Login packet - IMEI: 867440069564329, Serial: 798
2026/05/25 15:49:09 Sent response: 7AA1FA6890BF866A7CCC
2026/05/25 15:49:11 Received: 2DC318E872F41821C6DEEF2715E6E1A39CAC6E7CDA08DB1181536F75D26CF05167474D
2026/05/25 15:49:11 serial 799
2026/05/25 15:49:11 Processing protocol: 0x26 
2026/05/25 15:49:11 ⚠️ Unknown protocol: 0x26
2026/05/25 15:49:13 Received: BE4049B94E67C651B423042E87EC8DE6
2026/05/25 15:49:13 serial 800
2026/05/25 15:49:13 Processing protocol: 0x13 
2026/05/25 15:49:13 ✅ Heartbeat - IMEI: 867440069564323, Battery: 2, GSM: 3, TermInfo: 3592FA34, Serial: 800
2026/05/25 15:49:13 Sent response: 906589C53A9C1E38ABC7
2026/05/25 15:49:15 Received: D4B8A0FFD6EAB0821CE3B983
2026/05/25 15:49:15 serial 801
2026/05/25 15:49:15 Processing protocol: 0x94 
2026/05/25 15:49:15 ℹ️ Information transmission packet
2026/05/25 15:49:17 Received: F4669432D9C0300EAD262B315837F68BEED4FE1D229E69DA852BDADF74DC8E5A25A75C
2026/05/25 15:49:17 serial 802
2026/05/25 15:49:17 Processing protocol: 0x26 
2026/05/25 15:49:17 ⚠️ Unknown protocol: 0x26
2026/05/25 15:49:19 Received: F06B54B1F7B312DAF752FF7F
2026/05/25 15:49:19 serial 803
2026/05/25 15:49:19 Processing protocol: 0x94 
2026/05/25 15:49:19 ℹ️ Information transmission packet
2026/05/25 15:49:23 Received: BB0D794155291B3EC39EE7FF05B31CEB
2026/05/25 15:49:23 serial 804
2026/05/25 15:49:23 Processing protocol: 0x13 
2026/05/25 15:49:23 ✅ Heartbeat - IMEI: 867440069564323, Battery: 4, GSM: 3, TermInfo: 92CD8EB2, Serial: 804
2026/05/25 15:49:23 Sent response: 564283008182555880FF
2026/05/25 15:49:25 Received: D4339218D6962CEBB6817714B52CCEFE75D9ED57F39C5AEDDF0269608978677DC41B45
2026/05/25 15:49:25 serial 805
2026/05/25 15:49:25 Processing protocol: 0x26 
2026/05/25 15:49:25 ⚠️ Unknown protocol: 0x26
2026/05/25 15:49:27 Received: D094CA7589A2505D34FCFDD5E2478C54
2026/05/25 15:49:27 serial 806
2026/05/25 15:49:27 Processing protocol: 0x13 
2026/05/25 15:49:27 ✅ Heartbeat - IMEI: 867440069564330, Battery: 4, GSM: 3, TermInfo: 8D9121B8, Serial: 806
2026/05/25 15:49:27 Sent response: CB32BBEA41BC53361165
2026/05/25 15:49:29 Client connected: 66.34.239.241:52545
2026/05/25 15:49:29 Received: 3626A58163DD1E844BD377F6CF2FC8348C922E47
2026/05/25 15:49:29 serial 807
2026/05/25 15:49:29 Processing protocol: 0x01 
2026/05/25 15:49:29 ✅ Login packet - IMEI: 867440069564321, Serial: 807
2026/05/25 15:49:29 Sent response: 7D4084B894D4DB8762BD
2026/05/25 15:49:31 Received: 89B016496228F4FBFD9C3E22DC48F482
2026/05/25 15:49:31 serial 808
2026/05/25 15:49:31 Processing protocol: 0x13 
2026/05/25 15:49:31 ✅ Heartbeat - IMEI: 867440069564324, Battery: 4, GSM: 1, TermInfo: 4DA68EDD, Serial: 808
2026/05/25 15:49:31 Sent response: C8664008F03520E3F5D9
2026/05/25 15:49:33 Received: 124EFE6080322246D7A36C79434DD0D24A9037943FDF74ED504008D3F96A2A7A90F506
2026/05/25 15:49:33 serial 809
2026/05/25 15:49:33 Processing protocol: 0x26 
2026/05/25 15:49:33 ⚠️ Unknown protocol: 0x26
2026/05/25 15:49:35 Server listening on :5023
2026/05/25 15:49:37 Received: 7DB90EDEA7E2AB62E726BE5BE1AA128C
2026/05/25 15:49:37 serial 810
2026/05/25 15:49:37 Processing protocol: 0x13 
2026/05/25 15:49:37 ✅ Heartbeat - IMEI: 867440069564328, Battery: 5, GSM: 4, TermInfo: 3104C30D, Serial: 810
2026/05/25 15:49:37 Sent response: 6099C455BBC2225930CB
2026/05/25 15:49:39 Received: 55F6CD7F6919AAF2CE2100FA05D68EAF
2026/05/25 15:49:39 serial 811
2026/05/25 15:49:39 Processing protocol: 0x13 
2026/05/25 15:49:39 ✅ Heartbeat - IMEI: 867440069564322, Battery: 3, GSM: 2, TermInfo: 6526E040, Serial: 811
2026/05/25 15:49:39 Sent response: 4745FE32C8F4BA94A1EA
2026/05/25 15:49:41 Server listening on :5023
2026/05/25 15:49:41 Connection error: EOF
2026/05/25 15:49:43 Received: 40F2324BEA8E43814253C2660C7B5A3AE22857DFCAC5E1305DBDC83095A9B8ED79415C
2026/05/25 15:49:43 serial 812
2026/05/25 15:49:43 Processing protocol: 0x26 
2026/05/25 15:49:43 ⚠️ Unknown protocol: 0x26
2026/05/25 15:49:45 Server listening on :5023
2026/05/25 15:49:45 Connection error: EOF
2026/05/25 15:49:47 Received: 522BE5291535F56C5C963EF958CC1B0D10D7B308B6530BB56749B5B9688762DB442436DCCC0234AB
2026/05/25 15:49:47 serial 813
2026/05/25 15:49:47 Processing protocol: 0x22 
2026/05/25 15:49:47 ✅ Location - IMEI: 867440069564330, Lat: 22.555495, Lon: 88.362010, Speed: 38, Course: 3732, Serial: 813
2026/05/25 15:49:47 Connection error: EOF
2026/05/25 15:49:49 Client connected: 69.34.196.248:32198
2026/05/25 15:49:49 Received: A60981F07404570797A98AF834F825AC5B344C24
2026/05/25 15:49:49 serial 814
2026/05/25 15:49:49 Processing protocol: 0x01 
2026/05/25 15:49:49 ✅ Login packet - IMEI: 867440069564321, Serial: 814
2026/05/25 15:49:49 Sent response: FD2828CB344A6A51277F
2026/05/25 15:49:51 Client connected: 232.25.142.25:19635
2026/05/25 15:49:51 Received: A6B83EC2AB9996B6EF25D3B5D9C56AA787C9DEBB
2026/05/25 15:49:51 serial 815
2026/05/25 15:49:51 Processing protocol: 0x01 
2026/05/25 15:49:51 ✅ Login packet - IMEI: 867440069564321, Serial: 815
2026/05/25 15:49:51 Sent response: 3A24EB9F6CD22451BB86
2026/05/25 15:49:51 Connection error: EOF
2026/05/25 15:49:53 Received: 750BCCC6C990A674FA720F5CE1F3766A
2026/05/25 15:49:53 serial 816
2026/05/25 15:49:53 Processing protocol: 0x13 
2026/05/25 15:49:53 ✅ Heartbeat - IMEI: 867440069564327, Battery: 1, GSM: 1, TermInfo: 1191F2B7, Serial: 816
2026/05/25 15:49:53 Sent response: 920304E536D2C8703209
2026/05/25 15:49:55 Received: 0A23B12D897F4ABABD07A97AEF789984
2026/05/25 15:49:55 serial 817
2026/05/25 15:49:55 Processing protocol: 0x13 
2026/05/25 15:49:55 ✅ Heartbeat - IMEI: 867440069564330, Battery: 1, GSM: 1, TermInfo: 27FB1C47, Serial: 817
2026/05/25 15:49:55 Sent response: 37C79FCA5D24A5204B7A
2026/05/25 15:49:57 Client connected: 5.152.244.211:21969
2026/05/25 15:49:57 Received: 60B055019751A91CC1F649B406A411C123CA1317
2026/05/25 15:49:57 serial 818
2026/05/25 15:49:57 Processing protocol: 0x01 
2026/05/25 15:49:57 ✅ Login packet - IMEI: 867440069564324, Serial: 818
2026/05/25 15:49:57 Sent response: 3EB20ED9733D190D6DA3
2026/05/25 15:49:59 Received: 3C2D8B5F3B536B5AAA5DA52137806B42EB25E72A5EF74D4FFFA5B6F576AEC6EA488AD7
2026/05/25 15:49:59 serial 819
2026/05/25 15:49:59 Processing protocol: 0x26 
2026/05/25 15:49:59 ⚠️ Unknown protocol: 0x26
2026/05/25 15:50:01 Server listening on :5023
2026/05/25 15:50:03 Server listening on :5023
2026/05/25 15:50:03 Connection error: EOF
2026/05/25 15:50:05 Received: 2F418BEC1E43EF4B2FA7F08244C80693CFB504DE0D72881FAF036F2280B92CBC31A2F3AE98CF0166
2026/05/25 15:50:05 serial 820
2026/05/25 15:50:05 Processing protocol: 0x22 
2026/05/25 15:50:05 ✅ Location - IMEI: 867440069564323, Lat: 22.600060, Lon: 88.308435, Speed: 70, Course: 1868, Serial: 820
2026/05/25 15:50:07 Received: A0B2E3F827A4320C6FC5F7A62C47EA8FA797FCFCDBDCACD937A5DD26DB56F1D3F4F808
2026/05/25 15:50:07 serial 821
2026/05/25 15:50:07 Processing protocol: 0x26 
2026/05/25 15:50:07 ⚠️ Unknown protocol: 0x26
2026/05/25 15:50:09 Client connected: 244.226.178.142:29214
2026/05/25 15:50:09 Received: 73FEE76DF6F18FB2B8F8DFB8BEC4597B1A83DDCD
2026/05/25 15:50:09 serial 822
2026/05/25 15:50:09 Processing protocol: 0x01 
2026/05/25 15:50:09 ✅ Login packet - IMEI: 867440069564323, Serial: 822
2026/05/25 15:50:09 Sent response: 1F4478AB6154CB8479E8
2026/05/25 15:50:11 Client connected: 62.72.104.222:33344
2026/05/25 15:50:11 Received: E07D3F64FE91FF7D2EF330D536E7D6E95CE95152
2026/05/25 15:50:11 serial 823
2026/05/25 15:50:11 Processing protocol: 0x01 
2026/05/25 15:50:11 ✅ Login packet - IMEI: 867440069564323, Serial: 823
2026/05/25 15:50:11 Sent response: ED41A57142F1137BFB98
2026/05/25 15:50:13 Received: A149945DA914012425F7B3065F03382C2382F86DE40F4D5A87C098FCA4B2F2C6BA1C39825BACDB1D
2026/05/25 15:50:13 serial 824
2026/05/25 15:50:13 Processing protocol: 0x22 
2026/05/25 15:50:13 ✅ Location - IMEI: 867440069564326, Lat: 22.507848, Lon: 88.468575, Speed: 80, Course: 3110, Serial: 824
2026/05/25 15:50:15 Received: 250C4385332BC232A7F418CF4457AAD9FE369F2ED2B772FA69CE67B5E55EE2EDB419E2F3913FFB8C
2026/05/25 15:50:15 serial 825
2026/05/25 15:50:15 Processing protocol: 0x22 
2026/05/25 15:50:15 ✅ Location - IMEI: 867440069564321, Lat: 22.552916, Lon: 88.577567, Speed: 82, Course: 1155, Serial: 825
2026/05/25 15:50:17 Server listening on :5023
2026/05/25 15:50:19 Client connected: 28.191.217.141:54809
2026/05/25 15:50:19 Received: 013CA1E981F1E94E5A1D95DA43FDE243A66D83AB
2026/05/25 15:50:19 serial 826
2026/05/25 15:50:19 Processing protocol: 0x01 
2026/05/25 15:50:19 ✅ Login packet - IMEI: 867440069564327, Serial: 826
2026/05/25 15:50:19 Sent response: BBB964601C4C871EE818
2026/05/25 15:50:19 Connection error: EOF
2026/05/25 15:50:21 Client connected: 227.200.215.88:17017
2026/05/25 15:50:21 Received: 701F3EF2414E9CFA80EE867B0A9F4EF24F8D8EE4
2026/05/25 15:50:21 serial 827
2026/05/25 15:50:21 Processing protocol: 0x01 
2026/05/25 15:50:21 ✅ Login packet - IMEI: 867440069564323, Serial: 827
2026/05/25 15:50:21 Sent response: 575693594BB46230D265
2026/05/25 15:50:23 Received: 1ECC14A096304339238E02E255EDC07E
2026/05/25 15:50:23 serial 828
2026/05/25 15:50:23 Processing protocol: 0x13 
2026/05/25 15:50:23 ✅ Heartbeat - IMEI: 867440069564329, Battery: 4, GSM: 5, TermInfo: 640827A2, Serial: 828
2026/05/25 15:50:23 Sent response: 73090ADAAC954CFA4095
2026/05/25 15:50:23 Connection error: EOF
2026/05/25 15:50:25 Client connected: 193.35.17.245:46659
2026/05/25 15:50:25 Received: 76864ABF2B6B084755AC5B8E5BB8F5FE9411EFD4
2026/05/25 15:50:25 serial 829
2026/05/25 15:50:25 Processing protocol: 0x01 
2026/05/25 15:50:25 ✅ Login packet - IMEI: 867440069564324, Serial: 829
2026/05/25 15:50:25 Sent response: C8092943E1880D2CB891
2026/05/25 15:50:27 Received: D1A475F386F8B6C9B30F479C
2026/05/25 15:50:27 serial 830
2026/05/25 15:50:27 Processing protocol: 0x94 
2026/05/25 15:50:27 ℹ️ Information transmission packet
2026/05/25 15:50:27 Connection error: EOF
2026/05/25 15:50:29 Server listening on :5023
2026/05/25 15:50:31 Received: 94061A42C49F4946FD79D6819B0B6BD1
2026/05/25 15:50:31 serial 831
2026/05/25 15:50:31 Processing protocol: 0x13 
2026/05/25 15:50:31 ✅ Heartbeat - IMEI: 867440069564330, Battery: 5, GSM: 4, TermInfo: 28306AAA, Serial: 831
2026/05/25 15:50:31 Sent response: 44731005E970901EE561
2026/05/25 15:50:33 Server listening on :5023
2026/05/25 15:50:35 Received: 37BE41E6039D0AF5ECDB133DE1B58190
2026/05/25 15:50:35 serial 832
2026/05/25 15:50:35 Processing protocol: 0x13 
2026/05/25 15:50:35 ✅ Heartbeat - IMEI: 867440069564326, Battery: 1, GSM: 5, TermInfo: A8B30B38, Serial: 832
2026/05/25 15:50:35 Sent response: F1F0EF5291CB7BD9E61B
2026/05/25 15:50:37 Client connected: 27.98.163.250:54040
2026/05/25 15:50:37 Received: B1A6E13D2400C4D5D6726EAFCBA3F9AF5074FC56
2026/05/25 15:50:37 serial 833
2026/05/25 15:50:37 Processing protocol: 0x01 
2026/05/25 15:50:37 ✅ Login packet - IMEI: 867440069564325, Serial: 833
2026/05/25 15:50:37 Sent response: 6FE59C6399E8EDDBB448
2026/05/25 15:50:39 Client connected: 25.255.86.143:28670
2026/05/25 15:50:39 Received: B2F301498EF7A9ED557DE78349CC12904C67A126
2026/05/25 15:50:39 serial 834
2026/05/25 15:50:39 Processing protocol: 0x01 
2026/05/25 15:50:39 ✅ Login packet - IMEI: 867440069564325, Serial: 834
2026/05/25 15:50:39 Sent response: A0A0620452F112FC90B2
2026/05/25 15:50:39 Connection error: EOF
2026/05/25 15:50:41 Received: 370DE4367F93EEDCAFAA384A
2026/05/25 15:50:41 serial 835
2026/05/25 15:50:41 Processing protocol: 0x94 
2026/05/25 15:50:41 ℹ️ Information transmission packet
2026/05/25 15:50:43 Server listening on :5023
2026/05/25 15:50:43 Connection error: EOF
2026/05/25 15:50:45 Received: 73E5FAD3DA82A34DE5B23DA4
2026/05/25 15:50:45 serial 836
2026/05/25 15:50:45 Processing protocol: 0x94 
2026/05/25 15:50:45 ℹ️ Information transmission packet
2026/05/25 15:50:45 Connection error: EOF
2026/05/25 15:50:47 Received: 1E29D2543D5F99A3F271ADD1
2026/05/25 15:50:47 serial 837
2026/05/25 15:50:47 Processing protocol: 0x94 
2026/05/25 15:50:47 ℹ️ Information transmission packet
2026/05/25 15:50:47 Connection error: EOF
2026/05/25 15:50:49 Server listening on :5023
2026/05/25 15:50:49 Connection error: EOF
2026/05/25 15:50:51 Received: 695CE000280A61CFDA81D242
2026/05/25 15:50:51 serial 838
2026/05/25 15:50:51 Processing protocol: 0x94 
2026/05/25 15:50:51 ℹ️ Information transmission packet
2026/05/25 15:50:51 Connection error: EOF
2026/05/25 15:50:53 Server listening on :5023
2026/05/25 15:50:55 Client connected: 217.175.196.45:52317
2026/05/25 15:50:55 Received: 45AC92619214408D0769DBF75C5B9AEAFF719735
2026/05/25 15:50:55 serial 839
2026/05/25 15:50:55 Processing protocol: 0x01 
2026/05/25 15:50:55 ✅ Login packet - IMEI: 867440069564330, Serial: 839
2026/05/25 15:50:55 Sent response: 3C86A9E0E80A3B8A5CFE
2026/05/25 15:50:57 Received: 0C35BAED86267880B0D8ECDB7E1D822C59012AB8366B951DA1E70946C75BB9D70F125BB03C6F582B
2026/05/25 15:50:57 serial 840
2026/05/25 15:50:57 Processing protocol: 0x22 
2026/05/25 15:50:57 ✅ Location - IMEI: 867440069564324, Lat: 22.525628, Lon: 88.573366, Speed: 79, Course: 3848, Serial: 840
2026/05/25 15:50:59 Received: AEC39B6D6156C71A581858C470D69221E2ED6B77BC0D8D52B15F928DF2B57E4BBAE44F9198E3E07A
2026/05/25 15:50:59 serial 841
2026/05/25 15:50:59 Processing protocol: 0x22 
2026/05/25 15:50:59 ✅ Location - IMEI: 867440069564329, Lat: 22.632369, Lon: 88.499851, Speed: 23, Course: 5595, Serial: 841
2026/05/25 15:51:01 Client connected: 55.212.92.23:20827
2026/05/25 15:51:01 Received: D4C30A490B622265D4A31BCAED9E4E564056A90C
2026/05/25 15:51:01 serial 842
2026/05/25 15:51:01 Processing protocol: 0x01 
2026/05/25 15:51:01 ✅ Login packet - IMEI: 867440069564328, Serial: 842
2026/05/25 15:51:01 Sent response: 11392B439DA6CE6AE604
2026/05/25 15:51:03 Server listening on :5023
2026/05/25 15:51:05 Received: FCE0056F6AAE836408309B72B4933691
2026/05/25 15:51:05 serial 843
2026/05/25 15:51:05 Processing protocol: 0x13 
2026/05/25 15:51:05 ✅ Heartbeat - IMEI: 867440069564325, Battery: 4, GSM: 4, TermInfo: FE6012F8, Serial: 843
2026/05/25 15:51:05 Sent response: 0D2F86157BFB0F5500D3
2026/05/25 15:51:05 Connection error: EOF
2026/05/25 15:51:07 Received: 6316DA5E68E60DC09414E9132F226C9E
2026/05/25 15:51:07 serial 844
2026/05/25 15:51:07 Processing protocol: 0x13 
2026/05/25 15:51:07 ✅ Heartbeat - IMEI: 867440069564329, Battery: 4, GSM: 3, TermInfo: 21487D32, Serial: 844
2026/05/25 15:51:07 Sent response: 784973A6FE6915AF7371
2026/05/25 15:51:09 Received: 47959611111F7CDE81867A27E8CD6AA56C7FB7F969BC5BA2FAF99A76FB25625D28708971256DD618
2026/05/25 15:51:09 serial 845
2026/05/25 15:51:09 Processing protocol: 0x22 
2026/05/25 15:51:09 ✅ Location - IMEI: 867440069564327, Lat: 22.578086, Lon: 88.311198, Speed: 111, Course: 2068, Serial: 845
2026/05/25 15:51:11 Server listening on :5023
2026/05/25 15:51:13 Server listening on :5023
2026/05/25 15:51:15 Server listening on :5023
2026/05/25 15:51:17 Received: 68127E222FE7BD1AC236B9C8D906CAEAA2C972C960750AF4C604DF12DB4E56AB5670EBB16C15C857
2026/05/25 15:51:17 serial 846
2026/05/25 15:51:17 Processing protocol: 0x22 
2026/05/25 15:51:17 ✅ Location - IMEI: 867440069564326, Lat: 22.673417, Lon: 88.317468, Speed: 19, Course: 5907, Serial: 846
2026/05/25 15:51:19 Received: 68AF5263D6ACABD16790ACAE27BEB1A3AADEA6C122576BFADECDEEF48F995C2AE65143
2026/05/25 15:51:19 serial 847
2026/05/25 15:51:19 Processing protocol: 0x26 
2026/05/25 15:51:19 ⚠️ Unknown protocol: 0x26
2026/05/25 15:51:21 Client connected: 110.212.123.174:52641
2026/05/25 15:51:21 Received: 7CB3C4BAF8B19DC4A3C99C92A4BFEB270D592560
2026/05/25 15:51:21 serial 848
2026/05/25 15:51:21 Processing protocol: 0x01 
2026/05/25 15:51:21 ✅ Login packet - IMEI: 867440069564328, Serial: 848
2026/05/25 15:51:21 Sent response: 276021BA204355780D63
2026/05/25 15:51:23 Client connected: 245.198.44.203:24823
2026/05/25 15:51:23 Received: 4EA4BBB96802704EC0339B607D56738862404A66
2026/05/25 15:51:23 serial 849
2026/05/25 15:51:23 Processing protocol: 0x01 
2026/05/25 15:51:23 ✅ Login packet - IMEI: 867440069564324, Serial: 849
2026/05/25 15:51:23 Sent response: 68EFC33327D276C82937
2026/05/25 15:51:25 Server listening on :5023
2026/05/25 15:51:27 Received: A8426C5C28CEF5FDC386DA28382CEC8D
2026/05/25 15:51:27 serial 850
2026/05/25 15:51:27 Processing protocol: 0x13 
2026/05/25 15:51:27 ✅ Heartbeat - IMEI: 867440069564323, Battery: 6, GSM: 2, TermInfo: F27971B4, Serial: 850
2026/05/25 15:51:27 Sent response: 07437F22F3A340608526
2026/05/25 15:51:29 Received: DB6CEC995E7E32F7AD5240B4
2026/05/25 15:51:29 serial 851
2026/05/25 15:51:29 Processing protocol: 0x94 
2026/05/25 15:51:29 ℹ️ Information transmission packet
2026/05/25 15:51:31 Received: 9D751CF94A5B6644FF0437CA2683AEF9
2026/05/25 15:51:31 serial 852
2026/05/25 15:51:31 Processing protocol: 0x13 
2026/05/25 15:51:31 ✅ Heartbeat - IMEI: 867440069564330, Battery: 3, GSM: 3, TermInfo: B11630F3, Serial: 852
2026/05/25 15:51:31 Sent response: 9DF8C16B1087E4C0D7F4
2026/05/25 15:51:33 Received: AF2A5672DEA78AC8A57D74148C0D566C7FDF664DCAC1DEEF04902E650EB7C4739AA372
2026/05/25 15:51:33 serial 853
2026/05/25 15:51:33 Processing protocol: 0x26 
2026/05/25 15:51:33 ⚠️ Unknown protocol: 0x26
2026/05/25 15:51:35 Client connected: 105.107.233.209:19040
2026/05/25 15:51:35 Received: 3825152F53116652D6881178F73B0524868DE032
2026/05/25 15:51:35 serial 854
2026/05/25 15:51:35 Processing protocol: 0x01 
2026/05/25 15:51:35 ✅ Login packet - IMEI: 867440069564323, Serial: 854
2026/05/25 15:51:35 Sent response: 74C17DA4D9E96E8AEB96
2026/05/25 15:51:37 Received: 1661623AE83A84C759018045
2026/05/25 15:51:37 serial 855
2026/05/25 15:51:37 Processing protocol: 0x94 
2026/05/25 15:51:37 ℹ️ Information transmission packet
2026/05/25 15:51:39 Received: 229F5CA616B69AE2C50D9B35E1DAC435F63140DEE3CB36DD9851815A394CF2DA1999C5
2026/05/25 15:51:39 serial 856
2026/05/25 15:51:39 Processing protocol: 0x26 
2026/05/25 15:51:39 ⚠️ Unknown protocol: 0x26
2026/05/25 15:51:41 Client connected: 78.121.173.197:20980
2026/05/25 15:51:41 Received: 4F16BE5D8D305F0530688450B475A3611E3B4076
2026/05/25 15:51:41 serial 857
2026/05/25 15:51:41 Processing protocol: 0x01 
2026/05/25 15:51:41 ✅ Login packet - IMEI: 867440069564330, Serial: 857
2026/05/25 15:51:41 Sent response: 839A9A95AFE5186D5CB7
2026/05/25 15:51:43 Received: EACA1E704F8D47A8BE6B149C
2026/05/25 15:51:43 serial 858
2026/05/25 15:51:43 Processing protocol: 0x94 
2026/05/25 15:51:43 ℹ️ Information transmission packet
2026/05/25 15:51:45 Received: 1536E6C5385D4BC5D4F897E5D45613294587B29841F48F7C238BE81B6730F95BF48D1D9A695618D7
2026/05/25 15:51:45 serial 859
2026/05/25 15:51:45 Processing protocol: 0x22 
2026/05/25 15:51:45 ✅ Location - IMEI: 867440069564323, Lat: 22.609704, Lon: 88.591244, Speed: 27, Course: 5053, Serial: 859
2026/05/25 15:51:47 Received: C3337C1143552BEB089D1BAE
2026/05/25 15:51:47 serial 860
2026/05/25 15:51:47 Processing protocol: 0x94 
2026/05/25 15:51:47 ℹ️ Information transmission packet
2026/05/25 15:51:49 Client connected: 115.64.195.3:43898
2026/05/25 15:51:49 Received: 665E179A59B8A0CCF07185723166CA9F5C20ECC1
2026/05/25 15:51:49 serial 861
2026/05/25 15:51:49 Processing protocol: 0x01 
2026/05/25 15:51:49 ✅ Login packet - IMEI: 867440069564323, Serial: 861
2026/05/25 15:51:49 Sent response: 46D1AD7A32E00FFB375C
2026/05/25 15:51:51 Server listening on :5023
2026/05/25 15:51:53 Received: C1A998DC822174CC1C56F5D779896B4BAC9C55A27365FC1199645D60A884EAFFFDF303
2026/05/25 15:51:53 serial 862
2026/05/25 15:51:53 Processing protocol: 0x26 
2026/05/25 15:51:53 ⚠️ Unknown protocol: 0x26
2026/05/25 15:51:55 Server listening on :5023
2026/05/25 15:51:57 Server listening on :5023
2026/05/25 15:51:59 Received: 30449DB277DE70FD774B1E7A88008A1A413D589A61B550B1561304230F7C479EBDC97014F76EDD88
2026/05/25 15:51:59 serial 863
2026/05/25 15:51:59 Processing protocol: 0x22 
2026/05/25 15:51:59 ✅ Location - IMEI: 867440069564321, Lat: 22.648773, Lon: 88.442910, Speed: 104, Course: 3627, Serial: 863
2026/05/25 15:52:01 Received: 5CA6D5965405769261B16A307165DDBD
2026/05/25 15:52:01 serial 864
2026/05/25 15:52:01 Processing protocol: 0x13 
2026/05/25 15:52:01 ✅ Heartbeat - IMEI: 867440069564328, Battery: 2, GSM: 3, TermInfo: BC4C67F1, Serial: 864
2026/05/25 15:52:01 Sent response: 43BE847B514994A4FF83
2026/05/25 15:52:03 Server listening on :5023
2026/05/25 15:52:05 Received: 87763FE150C932D0CA8BAA416B10C7C020552D3651E3E59D1C276480FF3EA8DC8E0A45
2026/05/25 15:52:05 serial 865
2026/05/25 15:52:05 Processing protocol: 0x26 
2026/05/25 15:52:05 ⚠️ Unknown protocol: 0x26
2026/05/25 15:52:07 Received: 885570E7A26732B1CB8A3BEA
2026/05/25 15:52:07 serial 866
2026/05/25 15:52:07 Processing protocol: 0x94 
2026/05/25 15:52:07 ℹ️ Information transmission packet
2026/05/25 15:52:09 Received: 5B4074767173E6AE7EE55B3BC85DC647E115152A7B6B06D5B713EE7B808742F876A8F6E5FDE1F818
2026/05/25 15:52:09 serial 867
2026/05/25 15:52:09 Processing protocol: 0x22 
2026/05/25 15:52:09 ✅ Location - IMEI: 867440069564328, Lat: 22.638896, Lon: 88.587599, Speed: 89, Course: 3612, Serial: 867
2026/05/25 15:52:09 Connection error: EOF
2026/05/25 15:52:11 Received: 9B93D16CB1FE0A7E402CE80CB0CC8B6F69C56EDEA79FDD92011DF17F818CF97242F7E8448FB1C276
2026/05/25 15:52:11 serial 868
2026/05/25 15:52:11 Processing protocol: 0x22 
2026/05/25 15:52:11 ✅ Location - IMEI: 867440069564324, Lat: 22.526113, Lon: 88.365600, Speed: 37, Course: 5808, Serial: 868
2026/05/25 15:52:13 Received: 131FC9D461C8448383728374D3D217DA
2026/05/25 15:52:13 serial 869
2026/05/25 15:52:13 Processing protocol: 0x13 
2026/05/25 15:52:13 ✅ Heartbeat - IMEI: 867440069564325, Battery: 6, GSM: 3, TermInfo: D8710F78, Serial: 869
2026/05/25 15:52:13 Sent response: 5179D220C4D8B75B8571
2026/05/25 15:52:13 Connection error: EOF
2026/05/25 15:52:15 Received: A8DC6FA041586A1DD04C4C6084057D11
2026/05/25 15:52:15 serial 870
2026/05/25 15:52:15 Processing protocol: 0x13 
2026/05/25 15:52:15 ✅ Heartbeat - IMEI: 867440069564327, Battery: 4, GSM: 5, TermInfo: B01FFB55, Serial: 870
2026/05/25 15:52:15 Sent response: 11627B65F56AFCA8B127
2026/05/25 15:52:17 Received: 9AEAC66E6E160688A1F5DCE20CFE3FC0228E8EAE5CC99A7292715B3267946A855E7BED
2026/05/25 15:52:17 serial 871
2026/05/25 15:52:17 Processing protocol: 0x26 
2026/05/25 15:52:17 ⚠️ Unknown protocol: 0x26
2026/05/25 15:52:19 Received: CF064F83032FD26C9E6327C5
2026/05/25 15:52:19 serial 872
2026/05/25 15:52:19 Processing protocol: 0x94 
2026/05/25 15:52:19 ℹ️ Information transmission packet
2026/05/25 15:52:21 Client connected: 162.34.127.54:40186
2026/05/25 15:52:21 Received: 57029BB96E944B3C1255C9A172182982232393AA
2026/05/25 15:52:21 serial 873
2026/05/25 15:52:21 Processing protocol: 0x01 
2026/05/25 15:52:21 ✅ Login packet - IMEI: 867440069564328, Serial: 873
2026/05/25 15:52:21 Sent response: 047D65F8BF377F699035
2026/05/25 15:52:23 Received: 096F71AEF86C4DB608AED96786CB2501732230592E54FCA6E28FFC9AE6776FA20343B63E43E523CD
2026/05/25 15:52:23 serial 874
2026/05/25 15:52:23 Processing protocol: 0x22 
2026/05/25 15:52:23 ✅ Location - IMEI: 867440069564327, Lat: 22.593125, Lon: 88.580188, Speed: 58, Course: 1143, Serial: 874
2026/05/25 15:52:25 Received: 17146CC9252417FA7082643C760C9B6400423A357A7C11C1630413850B206248F16265537C0B2734
2026/05/25 15:52:25 serial 875
2026/05/25 15:52:25 Processing protocol: 0x22 
2026/05/25 15:52:25 ✅ Location - IMEI: 867440069564328, Lat: 22.583096, Lon: 88.498224, Speed: 102, Course: 2885, Serial: 875
2026/05/25 15:52:25 Connection error: EOF
2026/05/25 15:52:27 Server listening on :5023
2026/05/25 15:52:27 Connection error: EOF
2026/05/25 15:52:29 Client connected: 131.220.212.3:53036
2026/05/25 15:52:29 Received: 2FA379A21739019FD10C5FE320491547D2789524
2026/05/25 15:52:29 serial 876
2026/05/25 15:52:29 Processing protocol: 0x01 
2026/05/25 15:52:29 ✅ Login packet - IMEI: 867440069564324, Serial: 876
2026/05/25 15:52:29 Sent response: BA23226637E061050B39
2026/05/25 15:52:31 Received: 9A09D61674A8C8448143AF2A
2026/05/25 15:52:31 serial 877
2026/05/25 15:52:31 Processing protocol: 0x94 
2026/05/25 15:52:31 ℹ️ Information transmission packet
2026/05/25 15:52:33 Server listening on :5023
2026/05/25 15:52:35 Client connected: 4.10.192.37:41046
2026/05/25 15:52:35 Received: 75977F69E21AD2061CC04A3E65B1288763E50BD7
2026/05/25 15:52:35 serial 878
2026/05/25 15:52:35 Processing protocol: 0x01 
2026/05/25 15:52:35 ✅ Login packet - IMEI: 867440069564324, Serial: 878
2026/05/25 15:52:35 Sent response: 2CE1604506FCD225A21F
2026/05/25 15:52:37 Received: 66CF89579D99EA609A48D0A32653763F
2026/05/25 15:52:37 serial 879
2026/05/25 15:52:37 Processing protocol: 0x13 
2026/05/25 15:52:37 ✅ Heartbeat - IMEI: 867440069564330, Battery: 2, GSM: 2, TermInfo: 4BF6B849, Serial: 879
2026/05/25 15:52:37 Sent response: E5D5065593AE5A4421A1
2026/05/25 15:52:39 Received: AF45FEFE6A782FFE8BFC91B7
2026/05/25 15:52:39 serial 880
2026/05/25 15:52:39 Processing protocol: 0x94 
2026/05/25 15:52:39 ℹ️ Information transmission packet
2026/05/25 15:52:41 Received: DAB9EAEF0066B74881C0608A264D64E7E45F506F1D34E3FAB7D9C3E73410FC05617634F4594F425D
2026/05/25 15:52:41 serial 881
2026/05/25 15:52:41 Processing protocol: 0x22 
2026/05/25 15:52:41 ✅ Location - IMEI: 867440069564322, Lat: 22.620774, Lon: 88.440964, Speed: 98, Course: 1550, Serial: 881
2026/05/25 15:52:43 Received: F9C63A36E16DB37312D56EFF
2026/05/25 15:52:43 serial 882
2026/05/25 15:52:43 Processing protocol: 0x94 
2026/05/25 15:52:43 ℹ️ Information transmission packet
2026/05/25 15:52:45 Received: DDD8997E6D4ABAA7CFB72ACA4A66B348
2026/05/25 15:52:45 serial 883
2026/05/25 15:52:45 Processing protocol: 0x13 
2026/05/25 15:52:45 ✅ Heartbeat - IMEI: 867440069564327, Battery: 6, GSM: 4, TermInfo: DD4E153B, Serial: 883
2026/05/25 15:52:45 Sent response: 23FCF8E3BE7C92717F18
2026/05/25 15:52:45 Connection error: EOF
2026/05/25 15:52:47 Server listening on :5023
2026/05/25 15:52:49 Received: A67451289134A82EBC7E218E23382FB3F23A581D87F2164C7E262A5FA96C7B4F6BD5289BC6D9446F
2026/05/25 15:52:49 serial 884
2026/05/25 15:52:49 Processing protocol: 0x22 
2026/05/25 15:52:49 ✅ Location - IMEI: 867440069564324, Lat: 22.671710, Lon: 88.569153, Speed: 83, Course: 1781, Serial: 884
2026/05/25 15:52:51 Received: E2E389DA2758946D75CEFE04EB6D3DDC17500C414B673CF8C8122E5B063AE5EF37789A
2026/05/25 15:52:51 serial 885
2026/05/25 15:52:51 Processing protocol: 0x26 
2026/05/25 15:52:51 ⚠️ Unknown protocol: 0x26
2026/05/25 15:52:53 Received: 353ABEBDDA2417B627ECEF3C1D1CA588366040830A64D26573BE51446CE5D16CEAC142CDA8334BCB
2026/05/25 15:52:53 serial 886
2026/05/25 15:52:53 Processing protocol: 0x22 
2026/05/25 15:52:53 ✅ Location - IMEI: 867440069564324, Lat: 22.604210, Lon: 88.303333, Speed: 93, Course: 4384, Serial: 886
2026/05/25 15:52:55 Received: 62E96727FC70092403DC1C3E2780CE59E22D87437A2C078FE1FDA41827FD600A21476BDAFDBCF6B5
2026/05/25 15:52:55 serial 887
2026/05/25 15:52:55 Processing protocol: 0x22 
2026/05/25 15:52:55 ✅ Location - IMEI: 867440069564328, Lat: 22.591519, Lon: 88.475567, Speed: 103, Course: 3536, Serial: 887
2026/05/25 15:52:57 Received: 438FA6A5545A24268230B4E685563EAB
2026/05/25 15:52:57 serial 888
2026/05/25 15:52:57 Processing protocol: 0x13 
2026/05/25 15:52:57 ✅ Heartbeat - IMEI: 867440069564329, Battery: 6, GSM: 1, TermInfo: 56E88592, Serial: 888
2026/05/25 15:52:57 Sent response: F9DBBE5033E122010353
2026/05/25 15:52:57 Connection error: EOF
2026/05/25 15:52:59 Client connected: 81.209.107.161:29109
2026/05/25 15:52:59 Received: E3BA1A5DCE71FF2CE9693E7A157441F6DA40432B
2026/05/25 15:52:59 serial 889
2026/05/25 15:52:59 Processing protocol: 0x01 
2026/05/25 15:52:59 ✅ Login packet - IMEI: 867440069564326, Serial: 889
2026/05/25 15:52:59 Sent response: BA893046F2FFF14B43F1
2026/05/25 15:52:59 Connection error: EOF
2026/05/25 15:53:01 Received: 12A9539FF2C8E8EB7F71BBE525048ECDA99D939C93A7F90BD73D08CC914C1CC3304B58
2026/05/25 15:53:01 serial 890
2026/05/25 15:53:01 Processing protocol: 0x26 
2026/05/25 15:53:01 ⚠️ Unknown protocol: 0x26
2026/05/25 15:53:03 Client connected: 208.17.113.193:51276
2026/05/25 15:53:03 Received: 9EB550F6DE3EBD1C64FBB186D32A9C279AD623F4
2026/05/25 15:53:03 serial 891
2026/05/25 15:53:03 Processing protocol: 0x01 
2026/05/25 15:53:03 ✅ Login packet - IMEI: 867440069564328, Serial: 891
2026/05/25 15:53:03 Sent response: 94CFEAC3D40FB8DBCE4F
2026/05/25 15:53:05 Received: 22599277734302233BF786FD
2026/05/25 15:53:05 serial 892
2026/05/25 15:53:05 Processing protocol: 0x94 
2026/05/25 15:53:05 ℹ️ Information transmission packet
2026/05/25 15:53:07 Received: 09B8A91DD7B96975442FDFF7CDBEA6E1A4417294A3D9E57295AC17987D591236E139DA
2026/05/25 15:53:07 serial 893
2026/05/25 15:53:07 Processing protocol: 0x26 
2026/05/25 15:53:07 ⚠️ Unknown protocol: 0x26
2026/05/25 15:53:09 Received: EFC650CE12E7CF5838358C6F230AED41310D541F2BEE26A1ABE40097EF5BDDF930549D651A1EF35A
2026/05/25 15:53:09 serial 894
2026/05/25 15:53:09 Processing protocol: 0x22 
2026/05/25 15:53:09 ✅ Location - IMEI: 867440069564324, Lat: 22.605902, Lon: 88.541631, Speed: 61, Course: 5034, Serial: 894
2026/05/25 15:53:11 Client connected: 170.50.144.110:28167
2026/05/25 15:53:11 Received: B236AB0778EDE2F5E2CE49CE1650292E4D072269
2026/05/25 15:53:11 serial 895
2026/05/25 15:53:11 Processing protocol: 0x01 
2026/05/25 15:53:11 ✅ Login packet - IMEI: 867440069564328, Serial: 895
2026/05/25 15:53:11 Sent response: 9300DD6CD3BE43129521
2026/05/25 15:53:13 Received: B3CE057175E9276087E0151B47AC23F8BD125DA622EE0AC57C0A9BDDE04FBE4758ED212079B0EDD0
2026/05/25 15:53:13 serial 896
2026/05/25 15:53:13 Processing protocol: 0x22 
2026/05/25 15:53:13 ✅ Location - IMEI: 867440069564330, Lat: 22.593073, Lon: 88.365612, Speed: 18, Course: 1283, Serial: 896
2026/05/25 15:53:15 Received: 3A0CB0D29650D0A398B1580A2C617F213D10B92701526EFA6F824E3475D8F3BE5188EA
2026/05/25 15:53:15 serial 897
2026/05/25 15:53:15 Processing protocol: 0x26 
2026/05/25 15:53:15 ⚠️ Unknown protocol: 0x26
2026/05/25 15:53:17 Received: 6FBEC338B03583CAE57C2532
2026/05/25 15:53:17 serial 898
2026/05/25 15:53:17 Processing protocol: 0x94 
2026/05/25 15:53:17 ℹ️ Information transmission packet
2026/05/25 15:53:17 Connection error: EOF
2026/05/25 15:53:19 Received: 17A21AD51BBEAAD3B81E664D14D9AB06
2026/05/25 15:53:19 serial 899
2026/05/25 15:53:19 Processing protocol: 0x13 
2026/05/25 15:53:19 ✅ Heartbeat - IMEI: 867440069564328, Battery: 5, GSM: 5, TermInfo: 53449D3F, Serial: 899
2026/05/25 15:53:19 Sent response: 441C8695C058DFBC97FC
2026/05/25 15:53:21 Client connected: 249.12.184.115:35373
2026/05/25 15:53:21 Received: C1E64A6F5764B937B03FF3E7CC3676CB37348922
2026/05/25 15:53:21 serial 900
2026/05/25 15:53:21 Processing protocol: 0x01 
2026/05/25 15:53:21 ✅ Login packet - IMEI: 867440069564324, Serial: 900
2026/05/25 15:53:21 Sent response: 72DCF8A696F56FA9E833
2026/05/25 15:53:23 Server listening on :5023
2026/05/25 15:53:25 Received: 0DF3D1401AF98FC3DF835CE1399B36D242FD9AC48E2B08BA5D62F9DB27D613C2A8F05A201D548E9F
2026/05/25 15:53:25 serial 901
2026/05/25 15:53:25 Processing protocol: 0x22 
2026/05/25 15:53:25 ✅ Location - IMEI: 867440069564326, Lat: 22.593048, Lon: 88.547644, Speed: 42, Course: 1356, Serial: 901
2026/05/25 15:53:27 Received: 4E8710281FE29989F63514B85ADFD77983F809323FD6A95A4985B0C9E40526FF28317B
2026/05/25 15:53:27 serial 902
2026/05/25 15:53:27 Processing protocol: 0x26 
2026/05/25 15:53:27 ⚠️ Unknown protocol: 0x26
2026/05/25 15:53:29 Received: EBEA484D5403BF7F6C86517E2FBAC22F
2026/05/25 15:53:29 serial 903
2026/05/25 15:53:29 Processing protocol: 0x13 
2026/05/25 15:53:29 ✅ Heartbeat - IMEI: 867440069564326, Battery: 5, GSM: 3, TermInfo: 5F496C50, Serial: 903
2026/05/25 15:53:29 Sent response: 5FA09934F1642C42229B
2026/05/25 15:53:31 Received: 1A60D35A41AA594A3346BF2E22B957C7B53803DBB7DF9CD8E6C97F6CF49719B61AB9FABC3F334F09
2026/05/25 15:53:31 serial 904
2026/05/25 15:53:31 Processing protocol: 0x22 
2026/05/25 15:53:31 ✅ Location - IMEI: 867440069564329, Lat: 22.585761, Lon: 88.501343, Speed: 44, Course: 1552, Serial: 904
2026/05/25 15:53:31 Connection error: EOF
2026/05/25 15:53:33 Client connected: 159.193.134.126:23192
2026/05/25 15:53:33 Received: 39FEB001D94D2BA040E152D6D5406BB5FD2E8A13
2026/05/25 15:53:33 serial 905
2026/05/25 15:53:33 Processing protocol: 0x01 
2026/05/25 15:53:33 ✅ Login packet - IMEI: 867440069564330, Serial: 905
2026/05/25 15:53:33 Sent response: F1C5B388C1067FA06D49
2026/05/25 15:53:35 Received: CF31C078F312AAA398B5014AC1A5F37CDFB286E927DA84DC8811B5F6F410B31165EBC20A56852F31
2026/05/25 15:53:35 serial 906
2026/05/25 15:53:35 Processing protocol: 0x22 
2026/05/25 15:53:35 ✅ Location - IMEI: 867440069564326, Lat: 22.694016, Lon: 88.540437, Speed: 84, Course: 1573, Serial: 906
2026/05/25 15:53:37 Received: C628BAB6E61D2F95B63C5AEE
2026/05/25 15:53:37 serial 907
2026/05/25 15:53:37 Processing protocol: 0x94 
2026/05/25 15:53:37 ℹ️ Information transmission packet
2026/05/25 15:53:37 Connection error: EOF
2026/05/25 15:53:39 Server listening on :5023
2026/05/25 15:53:41 Received: 21C0F17C141FF9A7795949C74C566C6371D402A4BA24C990829AA6A249A8241C12C2E83CA7F81B0E
2026/05/25 15:53:41 serial 908
2026/05/25 15:53:41 Processing protocol: 0x22 
2026/05/25 15:53:41 ✅ Location - IMEI: 867440069564327, Lat: 22.583361, Lon: 88.543236, Speed: 89, Course: 4304, Serial: 908
2026/05/25 15:53:43 Received: 63AB032638334B13733F627110553450BB7DF7699DFF618D582767A4B973D7E871F84A10351EE541
2026/05/25 15:53:43 serial 909
2026/05/25 15:53:43 Processing protocol: 0x22 
2026/05/25 15:53:43 ✅ Location - IMEI: 867440069564323, Lat: 22.625995, Lon: 88.593114, Speed: 40, Course: 3824, Serial: 909
2026/05/25 15:53:45 Server listening on :5023
2026/05/25 15:53:45 Connection error: EOF
2026/05/25 15:53:47 Server listening on :5023
2026/05/25 15:53:49 Server listening on :5023
2026/05/25 15:53:51 Client connected: 25.113.93.103:43157
2026/05/25 15:53:51 Received: C1FFBECDBBD57299F97FC74F36EF4C73BE049C53
2026/05/25 15:53:51 serial 910
2026/05/25 15:53:51 Processing protocol: 0x01 
2026/05/25 15:53:51 ✅ Login packet - IMEI: 867440069564323, Serial: 910
2026/05/25 15:53:51 Sent response: 806902749E8ACAE6C2D0
2026/05/25 15:53:53 Received: 3C53233295DD8131535A3A27721D338F
2026/05/25 15:53:53 serial 911
2026/05/25 15:53:53 Processing protocol: 0x13 
2026/05/25 15:53:53 ✅ Heartbeat - IMEI: 867440069564323, Battery: 4, GSM: 5, TermInfo: 5FC358C8, Serial: 911
2026/05/25 15:53:53 Sent response: C2D2C3305144AAA6009D
2026/05/25 15:53:55 Received: 3365B70A85A1971501B4B827AB1575BE
2026/05/25 15:53:55 serial 912
2026/05/25 15:53:55 Processing protocol: 0x13 
2026/05/25 15:53:55 ✅ Heartbeat - IMEI: 867440069564324, Battery: 2, GSM: 4, TermInfo: 481018C5, Serial: 912
2026/05/25 15:53:55 Sent response: 4CB8DCAD46A357153903
2026/05/25 15:53:57 Received: 5FB57CEEF47EEFC216555879A983D03C5D10190B0A821D910BFFB05F81F39DF14FC7A2
2026/05/25 15:53:57 serial 913
2026/05/25 15:53:57 Processing protocol: 0x26 
2026/05/25 15:53:57 ⚠️ Unknown protocol: 0x26
2026/05/25 15:53:57 Connection error: EOF
2026/05/25 15:53:59 Received: F3933BD692653B5C3B73B941
2026/05/25 15:53:59 serial 914
2026/05/25 15:53:59 Processing protocol: 0x94 
2026/05/25 15:53:59 ℹ️ Information transmission packet
2026/05/25 15:54:01 Server listening on :5023
2026/05/25 15:54:03 Received: 748FE3AECB8DC5B70312693DDD4FAF97
2026/05/25 15:54:03 serial 915
2026/05/25 15:54:03 Processing protocol: 0x13 
2026/05/25 15:54:03 ✅ Heartbeat - IMEI: 867440069564328, Battery: 2, GSM: 5, TermInfo: BD5DEC2A, Serial: 915
2026/05/25 15:54:03 Sent response: 4A9995C7222036522896
2026/05/25 15:54:05 Received: 569F2B30AEAFE232A1547E165370C8D3661DD3276B10237528F3A6476D1B66122C910CB156C64A6F
2026/05/25 15:54:05 serial 916
2026/05/25 15:54:05 Processing protocol: 0x22 
2026/05/25 15:54:05 ✅ Location - IMEI: 867440069564325, Lat: 22.577262, Lon: 88.540681, Speed: 38, Course: 2692, Serial: 916
2026/05/25 15:54:07 Client connected: 200.182.222.73:22027
2026/05/25 15:54:07 Received: AFFA22BAA880682DF8F781B67345A941BC4D2112
2026/05/25 15:54:07 serial 917
2026/05/25 15:54:07 Processing protocol: 0x01 
2026/05/25 15:54:07 ✅ Login packet - IMEI: 867440069564323, Serial: 917
2026/05/25 15:54:07 Sent response: 8D511FB0091C9ED21381
2026/05/25 15:54:09 Server listening on :5023
2026/05/25 15:54:11 Received: 24CE2E548BB60051C79B7973
2026/05/25 15:54:11 serial 918
2026/05/25 15:54:11 Processing protocol: 0x94 
2026/05/25 15:54:11 ℹ️ Information transmission packet
2026/05/25 15:54:13 Received: D9C3BAF4EA659910825D38BF
2026/05/25 15:54:13 serial 919
2026/05/25 15:54:13 Processing protocol: 0x94 
2026/05/25 15:54:13 ℹ️ Information transmission packet
2026/05/25 15:54:15 Received: EFA60B7B6A795694F9307E4F
2026/05/25 15:54:15 serial 920
2026/05/25 15:54:15 Processing protocol: 0x94 
2026/05/25 15:54:15 ℹ️ Information transmission packet
2026/05/25 15:54:17 Received: D9705EFBAC944D5E01871598BC8EB0596AD80E26BD261A833DB4BDB2D45BBBD61F748863EBE45BF6
2026/05/25 15:54:17 serial 921
2026/05/25 15:54:17 Processing protocol: 0x22 
2026/05/25 15:54:17 ✅ Location - IMEI: 867440069564326, Lat: 22.657779, Lon: 88.326905, Speed: 56, Course: 1313, Serial: 921
2026/05/25 15:54:19 Received: 225E603D375C5D5615F6FAF4255C7F86
2026/05/25 15:54:19 serial 922
2026/05/25 15:54:19 Processing protocol: 0x13 
2026/05/25 15:54:19 ✅ Heartbeat - IMEI: 867440069564325, Battery: 6, GSM: 5, TermInfo: E4139564, Serial: 922
2026/05/25 15:54:19 Sent response: 8AD174ACC852FFC84530
2026/05/25 15:54:21 Client connected: 64.129.155.220:35346
2026/05/25 15:54:21 Received: 061B69D747B957DF15EDED61F97567FBD3C2DEB6
2026/05/25 15:54:21 serial 923
2026/05/25 15:54:21 Processing protocol: 0x01 
2026/05/25 15:54:21 ✅ Login packet - IMEI: 867440069564328, Serial: 923
2026/05/25 15:54:21 Sent response: CDAA6FE83AFD91E267EB
2026/05/25 15:54:23 Received: 9B2E7E98F558B139E841836BA7F5B3377545A0624719AAE99AA1FA4BBE26B407D018C5
2026/05/25 15:54:23 serial 924
2026/05/25 15:54:23 Processing protocol: 0x26 
2026/05/25 15:54:23 ⚠️ Unknown protocol: 0x26
2026/05/25 15:54:25 Received: 28BAB0E691F513F7F47BFFCD2927162F
2026/05/25 15:54:25 serial 925
2026/05/25 15:54:25 Processing protocol: 0x13 
2026/05/25 15:54:25 ✅ Heartbeat - IMEI: 867440069564328, Battery: 5, GSM: 2, TermInfo: 4E754FF4, Serial: 925
2026/05/25 15:54:25 Sent response: 4379FA64B552F40752D0
2026/05/25 15:54:27 Received: E0EAE1AE20C6C3C083EF4AD1E4FA2A76
2026/05/25 15:54:27 serial 926
2026/05/25 15:54:27 Processing protocol: 0x13 
2026/05/25 15:54:27 ✅ Heartbeat - IMEI: 867440069564327, Battery: 5, GSM: 4, TermInfo: A490F0E4, Serial: 926
2026/05/25 15:54:27 Sent response: 0D5CE55C52751087B394
2026/05/25 15:54:29 Client connected: 225.85.242.196:13096
2026/05/25 15:54:29 Received: 632BC3AA8F0E57FD8FDD272E7EA573806C84BAEB
2026/05/25 15:54:29 serial 927
2026/05/25 15:54:29 Processing protocol: 0x01 
2026/05/25 15:54:29 ✅ Login packet - IMEI: 867440069564329, Serial: 927
2026/05/25 15:54:29 Sent response: 743D02A4DCF1FCF3E137
2026/05/25 15:54:29 Connection error: EOF
2026/05/25 15:54:31 Server listening on :5023
2026/05/25 15:54:33 Client connected: 160.197.35.172:48537
2026/05/25 15:54:33 Received: 4F48C95E372C23BC69A5F6C98BB466EF7DE108C0
2026/05/25 15:54:33 serial 928
2026/05/25 15:54:33 Processing protocol: 0x01 
2026/05/25 15:54:33 ✅ Login packet - IMEI: 867440069564323, Serial: 928
2026/05/25 15:54:33 Sent response: D0214FEE281051ED9F46
2026/05/25 15:54:35 Received: B42953A4DAFA481BA845B03104FF2BB2C72D221E594F28AA1C38B62A94B17927173C84AE02FF82AB
2026/05/25 15:54:35 serial 929
2026/05/25 15:54:35 Processing protocol: 0x22 
2026/05/25 15:54:35 ✅ Location - IMEI: 867440069564327, Lat: 22.556718, Lon: 88.386458, Speed: 4, Course: 1701, Serial: 929
2026/05/25 15:54:37 Server listening on :5023
2026/05/25 15:54:39 Received: 137A6DB28B90E9B9BB76DC63061DDED423D8D0769531DBE30373B40B154762D1BE7DD2
2026/05/25 15:54:39 serial 930
2026/05/25 15:54:39 Processing protocol: 0x26 
2026/05/25 15:54:39 ⚠️ Unknown protocol: 0x26
2026/05/25 15:54:41 Client connected: 155.139.164.91:31492
2026/05/25 15:54:41 Received: 3407734DD8C9BA9932D79803495CE1C08EF10EF4
2026/05/25 15:54:41 serial 931
2026/05/25 15:54:41 Processing protocol: 0x01 
2026/05/25 15:54:41 ✅ Login packet - IMEI: 867440069564326, Serial: 931
2026/05/25 15:54:41 Sent response: CE1FD3CB2596CA986044
2026/05/25 15:54:43 Server listening on :5023
2026/05/25 15:54:45 Received: 3F9926E950B4A54E9C161FFC
2026/05/25 15:54:45 serial 932
2026/05/25 15:54:45 Processing protocol: 0x94 
2026/05/25 15:54:45 ℹ️ Information transmission packet
2026/05/25 15:54:47 Server listening on :5023
2026/05/25 15:54:49 Client connected: 97.86.117.42:44571
2026/05/25 15:54:50 Received: DE9F006D44B56A700175258462242EF49A818C67
2026/05/25 15:54:50 serial 933
2026/05/25 15:54:50 Processing protocol: 0x01 
2026/05/25 15:54:50 ✅ Login packet - IMEI: 867440069564321, Serial: 933
2026/05/25 15:54:50 Sent response: E7D80D64679578D4AB9A
2026/05/25 15:54:51 Received: B2276486A90E444E2D9FA322653903CC0DF5CF43992E9C4A91143B71C3E98D9833984177814E3A96
2026/05/25 15:54:52 serial 934
2026/05/25 15:54:52 Processing protocol: 0x22 
2026/05/25 15:54:52 ✅ Location - IMEI: 867440069564330, Lat: 22.643747, Lon: 88.345052, Speed: 69, Course: 3489, Serial: 934
2026/05/25 15:54:54 Received: F7C34BF707747399954D0F3494CCA854E32192D67C9BB43FD31592AD0E35E572034856
2026/05/25 15:54:54 serial 935
2026/05/25 15:54:54 Processing protocol: 0x26 
2026/05/25 15:54:54 ⚠️ Unknown protocol: 0x26
2026/05/25 15:54:56 Received: B43AF3B823741540B2D468756C9F22F7BB60154BBC9B962AB12A351C01572DD29ACA498B11B74515
2026/05/25 15:54:56 serial 936
2026/05/25 15:54:56 Processing protocol: 0x22 
2026/05/25 15:54:56 ✅ Location - IMEI: 867440069564330, Lat: 22.674522, Lon: 88.409957, Speed: 5, Course: 1646, Serial: 936
2026/05/25 15:54:56 Connection error: EOF
2026/05/25 15:54:58 Received: A8AD36E1F4C2EA87DBE34CDD
2026/05/25 15:54:58 serial 937
2026/05/25 15:54:58 Processing protocol: 0x94 
2026/05/25 15:54:58 ℹ️ Information transmission packet
2026/05/25 15:55:00 Client connected: 80.90.210.36:12008
2026/05/25 15:55:00 Received: B4C59560606B5615BB1644AC648B0EDA841A228C
2026/05/25 15:55:00 serial 938
2026/05/25 15:55:00 Processing protocol: 0x01 
2026/05/25 15:55:00 ✅ Login packet - IMEI: 867440069564323, Serial: 938
2026/05/25 15:55:00 Sent response: 8FF02A6B7C23548B27E7
2026/05/25 15:55:02 Received: 71F1E0E827176DD133A59FE6CA428BEB7DA417653AE9762770AA395240EA9A92B97B85
2026/05/25 15:55:02 serial 939
2026/05/25 15:55:02 Processing protocol: 0x26 
2026/05/25 15:55:02 ⚠️ Unknown protocol: 0x26
2026/05/25 15:55:04 Received: 804DD7CCF8E4F86DB3894AFCFD0F455A
2026/05/25 15:55:04 serial 940
2026/05/25 15:55:04 Processing protocol: 0x13 
2026/05/25 15:55:04 ✅ Heartbeat - IMEI: 867440069564321, Battery: 1, GSM: 5, TermInfo: AAA32CDB, Serial: 940
2026/05/25 15:55:04 Sent response: AB490A2FCC4C34116D3B
2026/05/25 15:55:04 Connection error: EOF
2026/05/25 15:55:06 Received: F3B60D93A7480C12BD987AF5414D1339
2026/05/25 15:55:06 serial 941
2026/05/25 15:55:06 Processing protocol: 0x13 
2026/05/25 15:55:06 ✅ Heartbeat - IMEI: 867440069564324, Battery: 4, GSM: 4, TermInfo: 4598EE63, Serial: 941
2026/05/25 15:55:06 Sent response: ABB5D51AE7C91D6EFAF4
2026/05/25 15:55:06 Connection error: EOF
2026/05/25 15:55:08 Received: 1C905671526BE3E2C096D7EDA219C713
2026/05/25 15:55:08 serial 942
2026/05/25 15:55:08 Processing protocol: 0x13 
2026/05/25 15:55:08 ✅ Heartbeat - IMEI: 867440069564326, Battery: 2, GSM: 4, TermInfo: 7CF41E9B, Serial: 942
2026/05/25 15:55:08 Sent response: E17FA107FD4C66889B5B
2026/05/25 15:55:10 Client connected: 2.254.236.237:56265
2026/05/25 15:55:10 Received: B5B18DDA4275747DC067A810C43695DF80D5C0E3
2026/05/25 15:55:10 serial 943
2026/05/25 15:55:10 Processing protocol: 0x01 
2026/05/25 15:55:10 ✅ Login packet - IMEI: 867440069564327, Serial: 943
2026/05/25 15:55:10 Sent response: 92649788778C657720F3
2026/05/25 15:55:10 Connection error: EOF
2026/05/25 15:55:12 Server listening on :5023
2026/05/25 15:55:14 Received: 7107E1051E14D85E885C97F318FCC320
2026/05/25 15:55:14 serial 944
2026/05/25 15:55:14 Processing protocol: 0x13 
2026/05/25 15:55:14 ✅ Heartbeat - IMEI: 867440069564323, Battery: 1, GSM: 1, TermInfo: 4132F7CB, Serial: 944
2026/05/25 15:55:14 Sent response: AC2489B1BC304455FB31
2026/05/25 15:55:16 Received: E9A0A4F5A072437145913694F942E1F90B2F6FD69A45877D640CCDAEC2B5EEE63746F79335EE6B62
2026/05/25 15:55:16 serial 945
2026/05/25 15:55:16 Processing protocol: 0x22 
2026/05/25 15:55:16 ✅ Location - IMEI: 867440069564328, Lat: 22.512549, Lon: 88.347135, Speed: 76, Course: 3298, Serial: 945
2026/05/25 15:55:18 Client connected: 23.109.28.10:31473
2026/05/25 15:55:18 Received: D1E2A0109656D477A6C2880D7696D9E95B64749B
2026/05/25 15:55:18 serial 946
2026/05/25 15:55:18 Processing protocol: 0x01 
2026/05/25 15:55:18 ✅ Login packet - IMEI: 867440069564327, Serial: 946
2026/05/25 15:55:18 Sent response: BADF3480614400F41857
2026/05/25 15:55:20 Received: B62C47D5D11ED2FCDC8205A49383A074B38175C75F60DC8379CEA7D6ECEC2DE7D5E98D75D39B74FC
2026/05/25 15:55:20 serial 947
2026/05/25 15:55:20 Processing protocol: 0x22 
2026/05/25 15:55:20 ✅ Location - IMEI: 867440069564322, Lat: 22.535770, Lon: 88.531111, Speed: 4, Course: 3054, Serial: 947
2026/05/25 15:55:22 Received: 51E26246E753840A95520BECEF2D64965E25D8FF701E4BCCCF3635D6AFDF0AD75E4BFF
2026/05/25 15:55:22 serial 948
2026/05/25 15:55:22 Processing protocol: 0x26 
2026/05/25 15:55:22 ⚠️ Unknown protocol: 0x26
2026/05/25 15:55:24 Received: B1937D9B929AC6D18717A294
2026/05/25 15:55:24 serial 949
2026/05/25 15:55:24 Processing protocol: 0x94 
2026/05/25 15:55:24 ℹ️ Information transmission packet
2026/05/25 15:55:26 Client connected: 215.181.220.195:26816
2026/05/25 15:55:26 Received: E30E23F25F6F77C428EA9B86A49571F2AF1A18BA
2026/05/25 15:55:26 serial 950
2026/05/25 15:55:26 Processing protocol: 0x01 
2026/05/25 15:55:26 ✅ Login packet - IMEI: 867440069564324, Serial: 950
2026/05/25 15:55:26 Sent response: EE0C0DC37EDDB3AE1243
2026/05/25 15:55:28 Received: A5AF2553012640FD150D1CD402C9A635
2026/05/25 15:55:28 serial 951
2026/05/25 15:55:28 Processing protocol: 0x13 
2026/05/25 15:55:28 ✅ Heartbeat - IMEI: 867440069564329, Battery: 1, GSM: 4, TermInfo: 4BC8DABD, Serial: 951
2026/05/25 15:55:28 Sent response: 5AD84716EAF700ECC6AE
2026/05/25 15:55:30 Server listening on :5023
2026/05/25 15:55:32 Received: 400C40C2F2AB3B33819E7159EC2ACB45E912450D3618505CE5B21014191A0309A59DF2
2026/05/25 15:55:32 serial 952
2026/05/25 15:55:32 Processing protocol: 0x26 
2026/05/25 15:55:32 ⚠️ Unknown protocol: 0x26
2026/05/25 15:55:34 Received: AAF8E05253CA3DA65226CA67
2026/05/25 15:55:34 serial 953
2026/05/25 15:55:34 Processing protocol: 0x94 
2026/05/25 15:55:34 ℹ️ Information transmission packet
2026/05/25 15:55:34 Connection error: EOF
2026/05/25 15:55:36 Received: 69A9246F439FBBA7AB01FC49
2026/05/25 15:55:36 serial 954
2026/05/25 15:55:36 Processing protocol: 0x94 
2026/05/25 15:55:36 ℹ️ Information transmission packet
2026/05/25 15:55:36 Connection error: EOF
2026/05/25 15:55:38 Server listening on :5023
2026/05/25 15:55:38 Connection error: EOF
2026/05/25 15:55:40 Client connected: 241.31.223.161:40224
2026/05/25 15:55:40 Received: 54301BF45D33DC9C76E3F7317772CA32EA9FB0E9
2026/05/25 15:55:40 serial 955
2026/05/25 15:55:40 Processing protocol: 0x01 
2026/05/25 15:55:40 ✅ Login packet - IMEI: 867440069564326, Serial: 955
2026/05/25 15:55:40 Sent response: 05969A65DA839BFED27A
2026/05/25 15:55:42 Client connected: 118.192.23.229:20517
2026/05/25 15:55:42 Received: D8C14C992064A446DF37C01D47D7C27BC2A0A6F1
2026/05/25 15:55:42 serial 956
2026/05/25 15:55:42 Processing protocol: 0x01 
2026/05/25 15:55:42 ✅ Login packet - IMEI: 867440069564327, Serial: 956
2026/05/25 15:55:42 Sent response: 7E5A03206D6E04B3A83F
2026/05/25 15:55:44 Received: AA9A923EFA5EDE9F05EB99E6A207AC967F9D01F5BF8D7DD5C2DD2A0B396A8EFF711AD397F8BB0B1C
2026/05/25 15:55:44 serial 957
2026/05/25 15:55:44 Processing protocol: 0x22 
2026/05/25 15:55:44 ✅ Location - IMEI: 867440069564329, Lat: 22.606437, Lon: 88.390177, Speed: 99, Course: 2499, Serial: 957
2026/05/25 15:55:44 Connection error: EOF
2026/05/25 15:55:46 Received: 3BF4CBD1B2D9D98E8CB37941917FE83F648D6A4B358720CF9CEC08BBC2A333EF6E834D
2026/05/25 15:55:46 serial 958
2026/05/25 15:55:46 Processing protocol: 0x26 
2026/05/25 15:55:46 ⚠️ Unknown protocol: 0x26
2026/05/25 15:55:48 Received: 814B93A7957C81E6C599BBC9
2026/05/25 15:55:48 serial 959
2026/05/25 15:55:48 Processing protocol: 0x94 
2026/05/25 15:55:48 ℹ️ Information transmission packet
2026/05/25 15:55:50 Received: 231A5C65C89A982EB05EFDBD7D7A328F
2026/05/25 15:55:50 serial 960
2026/05/25 15:55:50 Processing protocol: 0x13 
2026/05/25 15:55:50 ✅ Heartbeat - IMEI: 867440069564327, Battery: 1, GSM: 3, TermInfo: EFE40C17, Serial: 960
2026/05/25 15:55:50 Sent response: 3BC62E088205952785D4
2026/05/25 15:55:50 Connection error: EOF
2026/05/25 15:55:52 Received: 18DF49B5BFF9F321B079205B7F94E2C76A8B47C1BB904DA3C3B1C4AB9785981C357CE3
2026/05/25 15:55:52 serial 961
2026/05/25 15:55:52 Processing protocol: 0x26 
2026/05/25 15:55:52 ⚠️ Unknown protocol: 0x26
2026/05/25 15:55:54 Received: EF9608C71894DFF7B353CD9991163BDE
2026/05/25 15:55:54 serial 962
2026/05/25 15:55:54 Processing protocol: 0x13 
2026/05/25 15:55:54 ✅ Heartbeat - IMEI: 867440069564325, Battery: 1, GSM: 1, TermInfo: 2CC2FCC7, Serial: 962
2026/05/25 15:55:54 Sent response: DD1BBF914F8669C3E2BE
2026/05/25 15:55:56 Received: FBBB75379AB1976B38257F66
2026/05/25 15:55:56 serial 963
2026/05/25 15:55:56 Processing protocol: 0x94 
2026/05/25 15:55:56 ℹ️ Information transmission packet
2026/05/25 15:55:58 Received: FD3DD6D0D4886EFCEF1B03DB8141E793
2026/05/25 15:55:58 serial 964
2026/05/25 15:55:58 Processing protocol: 0x13 
2026/05/25 15:55:58 ✅ Heartbeat - IMEI: 867440069564324, Battery: 1, GSM: 4, TermInfo: 5D4E432C, Serial: 964
2026/05/25 15:55:58 Sent response: 71096876AE03F9C10D06
2026/05/25 15:56:00 Received: EA5F06CA6A027E30CAA1437C8043E66B
2026/05/25 15:56:00 serial 965
2026/05/25 15:56:00 Processing protocol: 0x13 
2026/05/25 15:56:00 ✅ Heartbeat - IMEI: 867440069564329, Battery: 5, GSM: 2, TermInfo: DE2CE43C, Serial: 965
2026/05/25 15:56:00 Sent response: 514003A4D385AABE62AE
2026/05/25 15:56:00 Connection error: EOF
2026/05/25 15:56:02 Received: 537914B25D9A40A19763C4687858996924AD194F6ACE7FA30784C46E39ECC1CDC62AAF
2026/05/25 15:56:02 serial 966
2026/05/25 15:56:02 Processing protocol: 0x26 
2026/05/25 15:56:02 ⚠️ Unknown protocol: 0x26
2026/05/25 15:56:04 Server listening on :5023
2026/05/25 15:56:04 Connection error: EOF
2026/05/25 15:56:06 Received: 7A549E756B17C7B3E6B78D5A61474115CDA6A26412589A3B3EF3B20D72EF27FA5A236F7BA5932931
2026/05/25 15:56:06 serial 967
2026/05/25 15:56:06 Processing protocol: 0x22 
2026/05/25 15:56:06 ✅ Location - IMEI: 867440069564322, Lat: 22.695249, Lon: 88.302023, Speed: 119, Course: 5446, Serial: 967
2026/05/25 15:56:08 Received: 534D93F2114641CDD1E8EF27842E87C1B97F4DC8BAD51809C3D5C0B0C18FF2E536172C4268E70870
2026/05/25 15:56:08 serial 968
2026/05/25 15:56:08 Processing protocol: 0x22 
2026/05/25 15:56:08 ✅ Location - IMEI: 867440069564330, Lat: 22.614808, Lon: 88.497522, Speed: 28, Course: 2580, Serial: 968
2026/05/25 15:56:10 Received: 34793DB27FBB5A3F0557B345B5B3E8CB
2026/05/25 15:56:10 serial 969
2026/05/25 15:56:10 Processing protocol: 0x13 
2026/05/25 15:56:10 ✅ Heartbeat - IMEI: 867440069564327, Battery: 6, GSM: 3, TermInfo: DAD226EC, Serial: 969
2026/05/25 15:56:10 Sent response: FC708266DC535CB54B37
2026/05/25 15:56:12 Received: 44A592735A44D372B75C63735549B21FDB8A17124043D98FFD87B65FE1B9106996034D
2026/05/25 15:56:12 serial 970
2026/05/25 15:56:12 Processing protocol: 0x26 
2026/05/25 15:56:12 ⚠️ Unknown protocol: 0x26
2026/05/25 15:56:12 Connection error: EOF
2026/05/25 15:56:14 Client connected: 79.142.77.102:18227
2026/05/25 15:56:14 Received: 1BE552638FA64753864316CDBAD240BDB4A00244
2026/05/25 15:56:14 serial 971
2026/05/25 15:56:14 Processing protocol: 0x01 
2026/05/25 15:56:14 ✅ Login packet - IMEI: 867440069564321, Serial: 971
2026/05/25 15:56:14 Sent response: 93A33F5E28B5DF7F8C0D
2026/05/25 15:56:16 Received: 6DCDC2413F66448A844B90A7
2026/05/25 15:56:16 serial 972
2026/05/25 15:56:16 Processing protocol: 0x94 
2026/05/25 15:56:16 ℹ️ Information transmission packet
2026/05/25 15:56:18 Received: 19F175B9821415C1C913D706
2026/05/25 15:56:18 serial 973
2026/05/25 15:56:18 Processing protocol: 0x94 
2026/05/25 15:56:18 ℹ️ Information transmission packet
2026/05/25 15:56:20 Received: 951E2B9E1EA246DBDBD04A8A1549738B5F636CFF4745055907B8D49CCEC6E166F87EEEE53C89B9DA
2026/05/25 15:56:20 serial 974
2026/05/25 15:56:20 Processing protocol: 0x22 
2026/05/25 15:56:20 ✅ Location - IMEI: 867440069564325, Lat: 22.621160, Lon: 88.317230, Speed: 69, Course: 4320, Serial: 974
2026/05/25 15:56:22 Received: 6E57D32846DB53A2C5BC4D0721AE92DE
2026/05/25 15:56:22 serial 975
2026/05/25 15:56:22 Processing protocol: 0x13 
2026/05/25 15:56:22 ✅ Heartbeat - IMEI: 867440069564328, Battery: 6, GSM: 3, TermInfo: 44527162, Serial: 975
2026/05/25 15:56:22 Sent response: 6CFA77DAF9C6B6594F42
2026/05/25 15:56:24 Received: 398D7C343B3CB385699804B9A5D44D873DA18CE6A456CC45C3494304F8C998A8087ED3A1C8C360F0
2026/05/25 15:56:24 serial 976
2026/05/25 15:56:24 Processing protocol: 0x22 
2026/05/25 15:56:24 ✅ Location - IMEI: 867440069564322, Lat: 22.548429, Lon: 88.335756, Speed: 99, Course: 3970, Serial: 976
2026/05/25 15:56:26 Received: 15D7F4F2E6702F4C61F025895F25DA7C
2026/05/25 15:56:26 serial 977
2026/05/25 15:56:26 Processing protocol: 0x13 
2026/05/25 15:56:26 ✅ Heartbeat - IMEI: 867440069564325, Battery: 1, GSM: 2, TermInfo: 76E70D95, Serial: 977
2026/05/25 15:56:26 Sent response: 77B3F1A8D84C27E61BF0
2026/05/25 15:56:28 Received: 345EAFE7DC9634646B18FD93
2026/05/25 15:56:28 serial 978
2026/05/25 15:56:28 Processing protocol: 0x94 
2026/05/25 15:56:28 ℹ️ Information transmission packet
2026/05/25 15:56:30 Server listening on :5023
2026/05/25 15:56:32 Received: 8DFF109C2456EF37789A4AFF
2026/05/25 15:56:32 serial 979
2026/05/25 15:56:32 Processing protocol: 0x94 
2026/05/25 15:56:32 ℹ️ Information transmission packet
2026/05/25 15:56:34 Received: 76D68C92A119C0310AC31096A8C3445C
2026/05/25 15:56:34 serial 980
2026/05/25 15:56:34 Processing protocol: 0x13 
2026/05/25 15:56:34 ✅ Heartbeat - IMEI: 867440069564328, Battery: 5, GSM: 3, TermInfo: 71F13AC9, Serial: 980
2026/05/25 15:56:34 Sent response: 249AEADD0D7E77687DF9
2026/05/25 15:56:36 Received: 3D08F78890EF5DBBD3F2BED282DF451ECFB98CDE799E28564A0B0D5AA43A75370D2B9D
2026/05/25 15:56:36 serial 981
2026/05/25 15:56:36 Processing protocol: 0x26 
2026/05/25 15:56:36 ⚠️ Unknown protocol: 0x26
2026/05/25 15:56:38 Client connected: 44.32.95.21:19313
2026/05/25 15:56:38 Received: 8773B493D8AD694C065F4CDBD9C8E302DA03877E
2026/05/25 15:56:38 serial 982
2026/05/25 15:56:38 Processing protocol: 0x01 
2026/05/25 15:56:38 ✅ Login packet - IMEI: 867440069564326, Serial: 982
2026/05/25 15:56:38 Sent response: 16FFF3329F76AC14249E
2026/05/25 15:56:40 Received: D69AED4CA2E821D4BE8B858F0F510EB8
2026/05/25 15:56:40 serial 983
2026/05/25 15:56:40 Processing protocol: 0x13 
2026/05/25 15:56:40 ✅ Heartbeat - IMEI: 867440069564326, Battery: 1, GSM: 4, TermInfo: 02524F04, Serial: 983
2026/05/25 15:56:40 Sent response: 33B6CEBF875EB3022F50
2026/05/25 15:56:42 Server listening on :5023
2026/05/25 15:56:44 Received: 5125F7AED518331D54CA846B
2026/05/25 15:56:44 serial 984
2026/05/25 15:56:44 Processing protocol: 0x94 
2026/05/25 15:56:44 ℹ️ Information transmission packet
2026/05/25 15:56:46 Received: 91D0E9F48DC4074D1D491171A8CDEEFFEC5BE3D8276A80C46A820F4E071B9553543A304AEBDEDF5F
2026/05/25 15:56:46 serial 985
2026/05/25 15:56:46 Processing protocol: 0x22 
2026/05/25 15:56:46 ✅ Location - IMEI: 867440069564322, Lat: 22.533789, Lon: 88.447201, Speed: 55, Course: 3340, Serial: 985
2026/05/25 15:56:48 Server listening on :5023
2026/05/25 15:56:50 Received: E7FBC607AB4C41E3851849CBD5A92980945AB917A7FFBB6CC30DD73D0F825E2338836C
2026/05/25 15:56:50 serial 986
2026/05/25 15:56:50 Processing protocol: 0x26 
2026/05/25 15:56:50 ⚠️ Unknown protocol: 0x26
2026/05/25 15:56:52 Received: 3A80972E6B3DBD4ACA433F3F
2026/05/25 15:56:52 serial 987
2026/05/25 15:56:52 Processing protocol: 0x94 
2026/05/25 15:56:52 ℹ️ Information transmission packet
2026/05/25 15:56:54 Server listening on :5023
2026/05/25 15:56:56 Server listening on :5023
2026/05/25 15:56:58 Client connected: 215.187.175.223:34458
2026/05/25 15:56:58 Received: 448E6E0E1F7DD627139D4AEEA9897E6ECC7D7A23
2026/05/25 15:56:58 serial 988
2026/05/25 15:56:58 Processing protocol: 0x01 
2026/05/25 15:56:58 ✅ Login packet - IMEI: 867440069564323, Serial: 988
2026/05/25 15:56:58 Sent response: AB3F016E989B64732D02
2026/05/25 15:57:00 Received: A4D1A90CEFD34EACDD050D9AA6F879C0A601B76FC821BA98E97B6B803C07632D45968A
2026/05/25 15:57:00 serial 989
2026/05/25 15:57:00 Processing protocol: 0x26 
2026/05/25 15:57:00 ⚠️ Unknown protocol: 0x26
2026/05/25 15:57:02 Received: 1B27A14BEFB10A054A128963C1AB5A46
2026/05/25 15:57:02 serial 990
2026/05/25 15:57:02 Processing protocol: 0x13 
2026/05/25 15:57:02 ✅ Heartbeat - IMEI: 867440069564330, Battery: 5, GSM: 5, TermInfo: 1799F35D, Serial: 990
2026/05/25 15:57:02 Sent response: 649A14F9AB69574C99F2
2026/05/25 15:57:04 Server listening on :5023
2026/05/25 15:57:06 Server listening on :5023
2026/05/25 15:57:08 Client connected: 50.94.166.24:46953
2026/05/25 15:57:08 Received: 2DD8BD8E6B5D5B2A6EE00C22233C3366F17544A9
2026/05/25 15:57:08 serial 991
2026/05/25 15:57:08 Processing protocol: 0x01 
2026/05/25 15:57:08 ✅ Login packet - IMEI: 867440069564322, Serial: 991
2026/05/25 15:57:08 Sent response: F695B3A2F96D9FCA8D4E
2026/05/25 15:57:10 Received: A4C0DB07F2436DCB65C241C610DAC5607A252FC52070AF8B38AFCB07CA85A915CE1956
2026/05/25 15:57:10 serial 992
2026/05/25 15:57:10 Processing protocol: 0x26 
2026/05/25 15:57:10 ⚠️ Unknown protocol: 0x26
2026/05/25 15:57:12 Received: B86A00E1AD64F0C5AD8080E91BB079A888DFD730E63DCCAA6C1986E76047654C169CC742DD8A0851
2026/05/25 15:57:12 serial 993
2026/05/25 15:57:12 Processing protocol: 0x22 
2026/05/25 15:57:12 ✅ Location - IMEI: 867440069564321, Lat: 22.656814, Lon: 88.316731, Speed: 42, Course: 1017, Serial: 993
2026/05/25 15:57:14 Server listening on :5023
2026/05/25 15:57:14 Connection error: EOF
2026/05/25 15:57:16 Received: D9B9E94A62DAE255EFE1876F0FBF78F888EADE149179DA1EF275FD47B84E52AB9334CB
2026/05/25 15:57:16 serial 994
2026/05/25 15:57:16 Processing protocol: 0x26 
2026/05/25 15:57:16 ⚠️ Unknown protocol: 0x26
2026/05/25 15:57:18 Server listening on :5023
2026/05/25 15:57:20 Client connected: 35.158.230.39:14229
2026/05/25 15:57:20 Received: E3165766CFAFA3BE763972B094BCA24E96EA9396
2026/05/25 15:57:20 serial 995
2026/05/25 15:57:20 Processing protocol: 0x01 
2026/05/25 15:57:20 ✅ Login packet - IMEI: 867440069564323, Serial: 995
2026/05/25 15:57:20 Sent response: 588105BA84E63AA5A09B
2026/05/25 15:57:22 Client connected: 121.97.180.95:28614
2026/05/25 15:57:22 Received: 659A370795702A556CDB2483AD5E406CA24C3AAF
2026/05/25 15:57:22 serial 996
2026/05/25 15:57:22 Processing protocol: 0x01 
2026/05/25 15:57:22 ✅ Login packet - IMEI: 867440069564325, Serial: 996
2026/05/25 15:57:22 Sent response: C21DA09D6B3E4177E9A9
2026/05/25 15:57:24 Received: 2230EF727E1678BC9AB13C3458A266EFF080852FE1964FDC4D44FAEDF6E0EBB6B6064737CAB7C780
2026/05/25 15:57:24 serial 997
2026/05/25 15:57:24 Processing protocol: 0x22 
2026/05/25 15:57:24 ✅ Location - IMEI: 867440069564321, Lat: 22.603647, Lon: 88.311510, Speed: 108, Course: 4061, Serial: 997
2026/05/25 15:57:26 Received: E3261677A0D6FFB3A478615794F9056515F091EBE650A594436D3450BF4B332F76A5E6
2026/05/25 15:57:26 serial 998
2026/05/25 15:57:26 Processing protocol: 0x26 
2026/05/25 15:57:26 ⚠️ Unknown protocol: 0x26
2026/05/25 15:57:28 Server listening on :5023
2026/05/25 15:57:30 Received: 2C1E8D5EFD351A0DD5A4317DE643FE15
2026/05/25 15:57:30 serial 999
2026/05/25 15:57:30 Processing protocol: 0x13 
2026/05/25 15:57:30 ✅ Heartbeat - IMEI: 867440069564324, Battery: 4, GSM: 4, TermInfo: 198ADE64, Serial: 999
2026/05/25 15:57:30 Sent response: F6049A867FE13AA3D40E
2026/05/25 15:57:32 Client connected: 195.220.158.201:22820
2026/05/25 15:57:32 Received: 34797B9476977696CCC94B80DB30CCD6FE6308FB
2026/05/25 15:57:32 serial 1000
2026/05/25 15:57:32 Processing protocol: 0x01 
2026/05/25 15:57:32 ✅ Login packet - IMEI: 867440069564325, Serial: 1000
2026/05/25 15:57:32 Sent response: B685744CA26FFA92CB45
2026/05/25 15:57:34 Server listening on :5023
2026/05/25 15:57:36 Client connected: 125.175.157.53:44935
2026/05/25 15:57:36 Received: 01EE2B8C9EB011455D761DA33EB80451E466E70A
2026/05/25 15:57:36 serial 1001
2026/05/25 15:57:36 Processing protocol: 0x01 
2026/05/25 15:57:36 ✅ Login packet - IMEI: 867440069564325, Serial: 1001
2026/05/25 15:57:36 Sent response: 0EE2F99F14AA7BEF9BBE
2026/05/25 15:57:38 Received: 9CCFB72BC4371B459F55F5BED11E199AA0E3E9A90B20477ACB348C3933E2B75C976B04
2026/05/25 15:57:38 serial 1002
2026/05/25 15:57:38 Processing protocol: 0x26 
2026/05/25 15:57:38 ⚠️ Unknown protocol: 0x26
2026/05/25 15:57:40 Received: CE75CB51C7CA67BFC23B28705F247567BCE483D8163011399BAA9661D1FC91F9A8C338
2026/05/25 15:57:40 serial 1003
2026/05/25 15:57:40 Processing protocol: 0x26 
2026/05/25 15:57:40 ⚠️ Unknown protocol: 0x26
2026/05/25 15:57:40 Connection error: EOF
2026/05/25 15:57:42 Received: E67BCF3EBAE60AF776D4AF9DBA81C64D
2026/05/25 15:57:42 serial 1004
2026/05/25 15:57:42 Processing protocol: 0x13 
2026/05/25 15:57:42 ✅ Heartbeat - IMEI: 867440069564322, Battery: 5, GSM: 3, TermInfo: 95D26173, Serial: 1004
2026/05/25 15:57:42 Sent response: FFE44A32AA43B0EBD3F6
2026/05/25 15:57:44 Received: 739EE20713EFE085701CA356
2026/05/25 15:57:44 serial 1005
2026/05/25 15:57:44 Processing protocol: 0x94 
2026/05/25 15:57:44 ℹ️ Information transmission packet
2026/05/25 15:57:46 Received: 1744271B479425F5D666A1246B0EE446
2026/05/25 15:57:46 serial 1006
2026/05/25 15:57:46 Processing protocol: 0x13 
2026/05/25 15:57:46 ✅ Heartbeat - IMEI: 867440069564321, Battery: 1, GSM: 4, TermInfo: 8DE331C1, Serial: 1006
2026/05/25 15:57:46 Sent response: E59D65738209116B2E92
2026/05/25 15:57:48 Server listening on :5023
2026/05/25 15:57:50 Received: 30C0B205813DCB464A357C16
2026/05/25 15:57:50 serial 1007
2026/05/25 15:57:50 Processing protocol: 0x94 
2026/05/25 15:57:50 ℹ️ Information transmission packet
2026/05/25 15:57:52 Server listening on :5023
2026/05/25 15:57:54 Server listening on :5023
2026/05/25 15:57:56 Received: FE7509DE2DF43F496C3D36AF4F189AC8C0A1996D08A850FB7B7FC0FF2198960E5A88008F973257B8
2026/05/25 15:57:56 serial 1008
2026/05/25 15:57:56 Processing protocol: 0x22 
2026/05/25 15:57:56 ✅ Location - IMEI: 867440069564329, Lat: 22.520969, Lon: 88.526680, Speed: 22, Course: 5500, Serial: 1008
2026/05/25 15:57:58 Server listening on :5023
2026/05/25 15:58:00 Client connected: 38.222.244.161:16040
2026/05/25 15:58:00 Received: 812B9E232C62F255C43415D9973CAEF0285F0D64
2026/05/25 15:58:00 serial 1009
2026/05/25 15:58:00 Processing protocol: 0x01 
2026/05/25 15:58:00 ✅ Login packet - IMEI: 867440069564327, Serial: 1009
2026/05/25 15:58:00 Sent response: 794175E51C1163F75D12
2026/05/25 15:58:02 Received: 4A90A5A7F040AF094AB486D7534DEE006A766924FE5798195073115310FDA2136731D2A17293B808
2026/05/25 15:58:02 serial 1010
2026/05/25 15:58:02 Processing protocol: 0x22 
2026/05/25 15:58:02 ✅ Location - IMEI: 867440069564330, Lat: 22.679808, Lon: 88.326869, Speed: 56, Course: 4601, Serial: 1010
2026/05/25 15:58:04 Received: EB8E71787608077FE7CD4D5C171429E42A9A377BFEA7047E0A4E9CAF1303FDD65423FF51C1C6C627
2026/05/25 15:58:04 serial 1011
2026/05/25 15:58:04 Processing protocol: 0x22 
2026/05/25 15:58:04 ✅ Location - IMEI: 867440069564323, Lat: 22.562275, Lon: 88.530796, Speed: 54, Course: 1565, Serial: 1011
2026/05/25 15:58:06 Received: C3106F309809B7CBA5F65B1C
2026/05/25 15:58:06 serial 1012
2026/05/25 15:58:06 Processing protocol: 0x94 
2026/05/25 15:58:06 ℹ️ Information transmission packet
2026/05/25 15:58:08 Received: 7A5E4FC8AAB0B23E94BB0191
2026/05/25 15:58:08 serial 1013
2026/05/25 15:58:08 Processing protocol: 0x94 
2026/05/25 15:58:08 ℹ️ Information transmission packet
2026/05/25 15:58:10 Received: 9C47640BD9BFD804B532FA4E577AB4F2
2026/05/25 15:58:10 serial 1014
2026/05/25 15:58:10 Processing protocol: 0x13 
2026/05/25 15:58:10 ✅ Heartbeat - IMEI: 867440069564324, Battery: 6, GSM: 3, TermInfo: 812848E0, Serial: 1014
2026/05/25 15:58:10 Sent response: 724F16AE4581E137D183
2026/05/25 15:58:12 Received: 1B3A15566D6AEDABB68F8A26
2026/05/25 15:58:12 serial 1015
2026/05/25 15:58:12 Processing protocol: 0x94 
2026/05/25 15:58:12 ℹ️ Information transmission packet
2026/05/25 15:58:14 Client connected: 202.15.245.125:15277
2026/05/25 15:58:14 Received: 75B0B1F57E5642E5B3E40CC245FF9AA65E650747
2026/05/25 15:58:14 serial 1016
2026/05/25 15:58:14 Processing protocol: 0x01 
2026/05/25 15:58:14 ✅ Login packet - IMEI: 867440069564321, Serial: 1016
2026/05/25 15:58:14 Sent response: 1B8266507C76DA9CFB74
2026/05/25 15:58:16 Received: B2CA5C3837B980B1E640B24E
2026/05/25 15:58:16 serial 1017
2026/05/25 15:58:16 Processing protocol: 0x94 
2026/05/25 15:58:16 ℹ️ Information transmission packet
2026/05/25 15:58:18 Client connected: 128.113.229.80:50698
2026/05/25 15:58:18 Received: F08907AE72B8FA8E1CFEA5FEFBCBDBA7DBB7D986
2026/05/25 15:58:18 serial 1018
2026/05/25 15:58:18 Processing protocol: 0x01 
2026/05/25 15:58:18 ✅ Login packet - IMEI: 867440069564324, Serial: 1018
2026/05/25 15:58:18 Sent response: D6F0902C8A878868F89E
2026/05/25 15:58:20 Received: EE5CCBFD535FDB1CE008C1F27584FF1E943650A8F23C69B21BB6DFBD9A27964790706AC6C72D10B2
2026/05/25 15:58:20 serial 1019
2026/05/25 15:58:20 Processing protocol: 0x22 
2026/05/25 15:58:20 ✅ Location - IMEI: 867440069564327, Lat: 22.546089, Lon: 88.319219, Speed: 49, Course: 1416, Serial: 1019
2026/05/25 15:58:22 Client connected: 113.137.174.129:55449
2026/05/25 15:58:22 Received: 25C433227DE4080E85C6F1BCBA35493D2E06C2F4
2026/05/25 15:58:22 serial 1020
2026/05/25 15:58:22 Processing protocol: 0x01 
2026/05/25 15:58:22 ✅ Login packet - IMEI: 867440069564330, Serial: 1020
2026/05/25 15:58:22 Sent response: 462E29C6CD077C1F2F15
2026/05/25 15:58:24 Received: 34D35E198E6657EAE9073D32
2026/05/25 15:58:24 serial 1021
2026/05/25 15:58:24 Processing protocol: 0x94 
2026/05/25 15:58:24 ℹ️ Information transmission packet
2026/05/25 15:58:26 Received: 78C6FE67EE25A7613EE39AE38B0BDBC2B34ECC1C859A3C23F0A3323993D81DBDAABD5F51B9354C90
2026/05/25 15:58:26 serial 1022
2026/05/25 15:58:26 Processing protocol: 0x22 
2026/05/25 15:58:26 ✅ Location - IMEI: 867440069564328, Lat: 22.615783, Lon: 88.595838, Speed: 6, Course: 3129, Serial: 1022
2026/05/25 15:58:28 Received: 7CCFE53DBD567D710109A9DA
2026/05/25 15:58:28 serial 1023
2026/05/25 15:58:28 Processing protocol: 0x94 
2026/05/25 15:58:28 ℹ️ Information transmission packet
2026/05/25 15:58:30 Received: 25DC695D72961F95FEDBE019BC3F06CDBE6E90584DF8AFC96C1ABDBC4FA585A3B5929B319494F91E
2026/05/25 15:58:30 serial 1024
2026/05/25 15:58:30 Processing protocol: 0x22 
2026/05/25 15:58:30 ✅ Location - IMEI: 867440069564325, Lat: 22.518049, Lon: 88.585674, Speed: 0, Course: 2309, Serial: 1024
2026/05/25 15:58:32 Received: 089D74FEEAA3499B46F6FCBF8E3A850BC41535D0EFC8290017506FE1FB2D62C1D1437C
2026/05/25 15:58:32 serial 1025
2026/05/25 15:58:32 Processing protocol: 0x26 
2026/05/25 15:58:32 ⚠️ Unknown protocol: 0x26
2026/05/25 15:58:34 Received: FEC0916F132483803222B42981D3E4E1
2026/05/25 15:58:34 serial 1026
2026/05/25 15:58:34 Processing protocol: 0x13 
2026/05/25 15:58:34 ✅ Heartbeat - IMEI: 867440069564325, Battery: 4, GSM: 3, TermInfo: 8ACA9F18, Serial: 1026
2026/05/25 15:58:34 Sent response: F4C4E98E475497E9D236
2026/05/25 15:58:36 Server listening on :5023
2026/05/25 15:58:36 Connection error: EOF
2026/05/25 15:58:38 Server listening on :5023
2026/05/25 15:58:40 Received: F7679D72EA15604A4E194DD4DE95B67ED54E35C400A2BFE66E5088A6B19D261E20B5CD7AFBD0FC6C
2026/05/25 15:58:40 serial 1027
2026/05/25 15:58:40 Processing protocol: 0x22 
2026/05/25 15:58:40 ✅ Location - IMEI: 867440069564329, Lat: 22.560175, Lon: 88.303505, Speed: 23, Course: 2644, Serial: 1027
2026/05/25 15:58:42 Received: 99DBD9B92B1B94919285513D5AB0DAB563A82BCC8611229C5FB52E6AE2313C049A4A2CB86A73C09D
2026/05/25 15:58:42 serial 1028
2026/05/25 15:58:42 Processing protocol: 0x22 
2026/05/25 15:58:42 ✅ Location - IMEI: 867440069564325, Lat: 22.640456, Lon: 88.397343, Speed: 98, Course: 3689, Serial: 1028
2026/05/25 15:58:44 Client connected: 236.242.181.156:36082
2026/05/25 15:58:44 Received: DACAF891B3BE11D81404639DE8AE96146F70BE7C
2026/05/25 15:58:44 serial 1029
2026/05/25 15:58:44 Processing protocol: 0x01 
2026/05/25 15:58:44 ✅ Login packet - IMEI: 867440069564321, Serial: 1029
2026/05/25 15:58:44 Sent response: 1E5C663AD8D495BC1EC7
2026/05/25 15:58:46 Received: 96FF1A65A70E18FFE1D5502B9D4BB802
2026/05/25 15:58:46 serial 1030
2026/05/25 15:58:46 Processing protocol: 0x13 
2026/05/25 15:58:46 ✅ Heartbeat - IMEI: 867440069564324, Battery: 2, GSM: 4, TermInfo: 4ECDD32D, Serial: 1030
2026/05/25 15:58:46 Sent response: 1147B3C671AB531498B6
2026/05/25 15:58:48 Received: 7F4D48A760FAF3ED0BB8220C5B6936B4290BD8996410E4C62F10875D6BAC49B04ADA27
2026/05/25 15:58:48 serial 1031
2026/05/25 15:58:48 Processing protocol: 0x26 
2026/05/25 15:58:48 ⚠️ Unknown protocol: 0x26
2026/05/25 15:58:50 Client connected: 49.74.217.117:59611
2026/05/25 15:58:50 Received: EF9FA340F5B3CBD1D477FAE2377143AB7763AC7C
2026/05/25 15:58:50 serial 1032
2026/05/25 15:58:50 Processing protocol: 0x01 
2026/05/25 15:58:50 ✅ Login packet - IMEI: 867440069564325, Serial: 1032
2026/05/25 15:58:50 Sent response: 3E88DB353AFD6FF64044
2026/05/25 15:58:52 Client connected: 10.217.170.104:17745
2026/05/25 15:58:52 Received: 49AC71C18B4002FDFF2BEEFBF54012FA0724B6A8
2026/05/25 15:58:52 serial 1033
2026/05/25 15:58:52 Processing protocol: 0x01 
2026/05/25 15:58:52 ✅ Login packet - IMEI: 867440069564328, Serial: 1033
2026/05/25 15:58:52 Sent response: E53848B56BA5808A0582
2026/05/25 15:58:54 Received: FEC882A3A9C02A4A624D67E3E7E601F36B98A76F4B63B1414A8F253F108542DAE32C9F67EE6CCCD4
2026/05/25 15:58:54 serial 1034
2026/05/25 15:58:54 Processing protocol: 0x22 
2026/05/25 15:58:54 ✅ Location - IMEI: 867440069564321, Lat: 22.655083, Lon: 88.315639, Speed: 73, Course: 3995, Serial: 1034
2026/05/25 15:58:56 Client connected: 42.86.17.26:33839
2026/05/25 15:58:56 Received: 3FDE71FCDA143695D6CE1F803BAEFFB56754ED4D
2026/05/25 15:58:56 serial 1035
2026/05/25 15:58:56 Processing protocol: 0x01 
2026/05/25 15:58:56 ✅ Login packet - IMEI: 867440069564329, Serial: 1035
2026/05/25 15:58:56 Sent response: F9CAD595B3A1A058117D
2026/05/25 15:58:56 Connection error: EOF
2026/05/25 15:58:58 Received: C726245E02134F43BC9AA7F9
2026/05/25 15:58:58 serial 1036
2026/05/25 15:58:58 Processing protocol: 0x94 
2026/05/25 15:58:58 ℹ️ Information transmission packet
2026/05/25 15:59:00 Client connected: 81.129.119.155:33490
2026/05/25 15:59:00 Received: 15F792BE7650E39347D47A2FCD457FB9885DD9A9
2026/05/25 15:59:00 serial 1037
2026/05/25 15:59:00 Processing protocol: 0x01 
2026/05/25 15:59:00 ✅ Login packet - IMEI: 867440069564326, Serial: 1037
2026/05/25 15:59:00 Sent response: 848D9F9680140EB3ACE3
2026/05/25 15:59:02 Received: 34BE687705398A962EF07CED9994FAEBE96489AA9DAF274815D27BECCE7E3619F6F99EB90DB8E0F4
2026/05/25 15:59:02 serial 1038
2026/05/25 15:59:02 Processing protocol: 0x22 
2026/05/25 15:59:02 ✅ Location - IMEI: 867440069564322, Lat: 22.619612, Lon: 88.418294, Speed: 70, Course: 2975, Serial: 1038
2026/05/25 15:59:04 Received: 27CACE1EB3F2716A77E92714D1B8AB41
2026/05/25 15:59:04 serial 1039
2026/05/25 15:59:04 Processing protocol: 0x13 
2026/05/25 15:59:04 ✅ Heartbeat - IMEI: 867440069564321, Battery: 2, GSM: 2, TermInfo: C26162C5, Serial: 1039
2026/05/25 15:59:04 Sent response: C93DC8F12B289A786ACF
2026/05/25 15:59:06 Received: FC8A4FCAED4B460FE23A03DD
2026/05/25 15:59:06 serial 1040
2026/05/25 15:59:06 Processing protocol: 0x94 
2026/05/25 15:59:06 ℹ️ Information transmission packet
2026/05/25 15:59:08 Received: 09CDACA1E8F42CB027758BDE28B329E965DF7076A17C9FA196CF5C450EC23D818DFB1B76164D315D
2026/05/25 15:59:08 serial 1041
2026/05/25 15:59:08 Processing protocol: 0x22 
2026/05/25 15:59:08 ✅ Location - IMEI: 867440069564328, Lat: 22.595278, Lon: 88.494334, Speed: 12, Course: 1350, Serial: 1041
2026/05/25 15:59:10 Received: 7CEBD904769D563F4C3EBCA5E9A73327
2026/05/25 15:59:10 serial 1042
2026/05/25 15:59:10 Processing protocol: 0x13 
2026/05/25 15:59:10 ✅ Heartbeat - IMEI: 867440069564326, Battery: 2, GSM: 2, TermInfo: 07A08E50, Serial: 1042
2026/05/25 15:59:10 Sent response: 7C331EC20B94B7C4B9DA
2026/05/25 15:59:12 Received: 341B1D1F33FBE2A7D482902989D95B3479D81A0F14012BC145DB525CC6E6FD134DD72E
2026/05/25 15:59:12 serial 1043
2026/05/25 15:59:12 Processing protocol: 0x26 
2026/05/25 15:59:12 ⚠️ Unknown protocol: 0x26
2026/05/25 15:59:14 Received: EE8AB9E4B67D280D8CA58D67A853033A
2026/05/25 15:59:14 serial 1044
2026/05/25 15:59:14 Processing protocol: 0x13 
2026/05/25 15:59:14 ✅ Heartbeat - IMEI: 867440069564322, Battery: 1, GSM: 1, TermInfo: 8F22C6EB, Serial: 1044
2026/05/25 15:59:14 Sent response: 3B5A85A8FF79F4CDEECB
2026/05/25 15:59:16 Server listening on :5023
2026/05/25 15:59:18 Received: A878213BCB37972BFD389988A9CA541E7A0C392DA86A59B19EC5C10E10FB0D9968E702676E3D5596
2026/05/25 15:59:18 serial 1045
2026/05/25 15:59:18 Processing protocol: 0x22 
2026/05/25 15:59:18 ✅ Location - IMEI: 867440069564322, Lat: 22.615385, Lon: 88.346219, Speed: 66, Course: 4035, Serial: 1045
2026/05/25 15:59:20 Received: 44E49CE87AEF2A67038D05AA
2026/05/25 15:59:20 serial 1046
2026/05/25 15:59:20 Processing protocol: 0x94 
2026/05/25 15:59:20 ℹ️ Information transmission packet
2026/05/25 15:59:22 Client connected: 175.241.145.206:44086
2026/05/25 15:59:22 Received: FA5B5EFB37248CCD4703636FF3703855E37C1C37
2026/05/25 15:59:22 serial 1047
2026/05/25 15:59:22 Processing protocol: 0x01 
2026/05/25 15:59:22 ✅ Login packet - IMEI: 867440069564321, Serial: 1047
2026/05/25 15:59:22 Sent response: B722B89BE8C8F36D867E
2026/05/25 15:59:24 Received: C85B6D4AB2C82FA15C111782
2026/05/25 15:59:24 serial 1048
2026/05/25 15:59:24 Processing protocol: 0x94 
2026/05/25 15:59:24 ℹ️ Information transmission packet
2026/05/25 15:59:26 Server listening on :5023
2026/05/25 15:59:28 Received: 9C6AD500BED53514AF8A7741B648563F
2026/05/25 15:59:28 serial 1049
2026/05/25 15:59:28 Processing protocol: 0x13 
2026/05/25 15:59:28 ✅ Heartbeat - IMEI: 867440069564329, Battery: 4, GSM: 2, TermInfo: 4B198D0E, Serial: 1049
2026/05/25 15:59:28 Sent response: 1D679FA78C7427407148
2026/05/25 15:59:30 Received: C77E3A228F2A828E2BE0C68C67A07E7A85293F0525A95C9456697E0DCE3FD8E274C26970B2C04C14
2026/05/25 15:59:30 serial 1050
2026/05/25 15:59:30 Processing protocol: 0x22 
2026/05/25 15:59:30 ✅ Location - IMEI: 867440069564329, Lat: 22.685973, Lon: 88.392232, Speed: 30, Course: 1206, Serial: 1050
2026/05/25 15:59:32 Client connected: 210.245.48.142:43892
2026/05/25 15:59:32 Received: 4707716975EC436CA9199ECA736F74371DB216D6
2026/05/25 15:59:32 serial 1051
2026/05/25 15:59:32 Processing protocol: 0x01 
2026/05/25 15:59:32 ✅ Login packet - IMEI: 867440069564322, Serial: 1051
2026/05/25 15:59:32 Sent response: 0BB7765B59FE7BC0CFC6
2026/05/25 15:59:34 Received: 5FF9837AEC4E6A669B042F58
2026/05/25 15:59:34 serial 1052
2026/05/25 15:59:34 Processing protocol: 0x94 
2026/05/25 15:59:34 ℹ️ Information transmission packet
2026/05/25 15:59:34 Connection error: EOF
2026/05/25 15:59:36 Received: DF58BBC087645477C0A15D4CC2C6BC9CD39B223E492EB734CA7EE4FA4B14C22BF4F7BCC1CF822A2F
2026/05/25 15:59:36 serial 1053
2026/05/25 15:59:36 Processing protocol: 0x22 
2026/05/25 15:59:36 ✅ Location - IMEI: 867440069564328, Lat: 22.551686, Lon: 88.579667, Speed: 29, Course: 5051, Serial: 1053
2026/05/25 15:59:36 Connection error: EOF
2026/05/25 15:59:38 Received: B7E5BDFB0D2BE291B15967D45D75D87F8E905F801606D3C90DFDB67854A7A0D414E4AC1B3EF5A624
2026/05/25 15:59:38 serial 1054
2026/05/25 15:59:38 Processing protocol: 0x22 
2026/05/25 15:59:38 ✅ Location - IMEI: 867440069564321, Lat: 22.665931, Lon: 88.559733, Speed: 35, Course: 1945, Serial: 1054
2026/05/25 15:59:40 Received: 41BE4A8A18F6C8404B007BFD0B5DBACAC8998948A41FD0C09B90FC6DFD0761F61E803A
2026/05/25 15:59:40 serial 1055
2026/05/25 15:59:40 Processing protocol: 0x26 
2026/05/25 15:59:40 ⚠️ Unknown protocol: 0x26
2026/05/25 15:59:42 Client connected: 124.95.181.151:28107
2026/05/25 15:59:42 Received: 6B59975078AEB988D85488A726B8C9B1441FDBD6
2026/05/25 15:59:42 serial 1056
2026/05/25 15:59:42 Processing protocol: 0x01 
2026/05/25 15:59:42 ✅ Login packet - IMEI: 867440069564326, Serial: 1056
2026/05/25 15:59:42 Sent response: 4C9376F159091C449CA3
2026/05/25 15:59:44 Received: 7A11B87AD235934057CF5CC381CE0CE4FA27198F0E26A16E7AB4D34CB067DF29A128FC291E60BCD9
2026/05/25 15:59:44 serial 1057
2026/05/25 15:59:44 Processing protocol: 0x22 
2026/05/25 15:59:44 ✅ Location - IMEI: 867440069564327, Lat: 22.546904, Lon: 88.552259, Speed: 57, Course: 3460, Serial: 1057
2026/05/25 15:59:46 Received: 4BA8C0F3FA19156B3FFCC291FD455DB4D515EA555137171054B52A1B334556CE8DA0BF
2026/05/25 15:59:46 serial 1058
2026/05/25 15:59:46 Processing protocol: 0x26 
2026/05/25 15:59:46 ⚠️ Unknown protocol: 0x26
2026/05/25 15:59:48 Received: 22D40785027675B2D042151FFC21FE6A7C4F440665364DC2E732CBA48F4BC4FEE43A10
2026/05/25 15:59:48 serial 1059
2026/05/25 15:59:48 Processing protocol: 0x26 
2026/05/25 15:59:48 ⚠️ Unknown protocol: 0x26
2026/05/25 15:59:50 Server listening on :5023
2026/05/25 15:59:50 Connection error: EOF
2026/05/25 15:59:52 Server listening on :5023
2026/05/25 15:59:54 Client connected: 140.93.243.239:43514
2026/05/25 15:59:54 Received: 10296BFF4AF77A68253E962310A2C991CEF87584
2026/05/25 15:59:54 serial 1060
2026/05/25 15:59:54 Processing protocol: 0x01 
2026/05/25 15:59:54 ✅ Login packet - IMEI: 867440069564326, Serial: 1060
2026/05/25 15:59:54 Sent response: E9EEDFC33363A1DD92B4
2026/05/25 15:59:56 Received: 1A6E092F1663676296A45EDF
2026/05/25 15:59:56 serial 1061
2026/05/25 15:59:56 Processing protocol: 0x94 
2026/05/25 15:59:56 ℹ️ Information transmission packet
2026/05/25 15:59:58 Received: 6E9D05FE8DA839298092BC1795628DCB99C3A0C015BF191D54A55E5C5C186DAB1C37523F1B7A08DC
2026/05/25 15:59:58 serial 1062
2026/05/25 15:59:58 Processing protocol: 0x22 
2026/05/25 15:59:58 ✅ Location - IMEI: 867440069564322, Lat: 22.644891, Lon: 88.501417, Speed: 96, Course: 2598, Serial: 1062
2026/05/25 16:00:00 Received: 244488FAC9BB72586E0A7E98A60CA354FD6CA852CE7397129D6843736E78BBBEC0FE13
2026/05/25 16:00:00 serial 1063
2026/05/25 16:00:00 Processing protocol: 0x26 
2026/05/25 16:00:00 ⚠️ Unknown protocol: 0x26
2026/05/25 16:00:02 Received: E4B185D108EA8774B6F47C726B15A098
2026/05/25 16:00:02 serial 1064
2026/05/25 16:00:02 Processing protocol: 0x13 
2026/05/25 16:00:02 ✅ Heartbeat - IMEI: 867440069564327, Battery: 5, GSM: 4, TermInfo: 755C7173, Serial: 1064
2026/05/25 16:00:02 Sent response: 95E6BF3111EFEB7E4ABE
2026/05/25 16:00:04 Received: 195B988F1A2ECA4551AC2173E39ABB88
2026/05/25 16:00:04 serial 1065
2026/05/25 16:00:04 Processing protocol: 0x13 
2026/05/25 16:00:04 ✅ Heartbeat - IMEI: 867440069564330, Battery: 3, GSM: 3, TermInfo: 86A86B4A, Serial: 1065
2026/05/25 16:00:04 Sent response: 43CA5B9F5D1AEE089F09
2026/05/25 16:00:06 Received: 03CAC4BF4D31A3C9FCFEF8EFFDA4267E48985ED118C73F3D81E315B66EDF2F8F0978579B4CCA4860
2026/05/25 16:00:06 serial 1066
2026/05/25 16:00:06 Processing protocol: 0x22 
2026/05/25 16:00:06 ✅ Location - IMEI: 867440069564324, Lat: 22.605690, Lon: 88.549750, Speed: 73, Course: 3882, Serial: 1066
2026/05/25 16:00:08 Received: 551948FF3400008A840BB5F6E7E4981F
2026/05/25 16:00:08 serial 1067
2026/05/25 16:00:08 Processing protocol: 0x13 
2026/05/25 16:00:08 ✅ Heartbeat - IMEI: 867440069564326, Battery: 3, GSM: 5, TermInfo: DA69348A, Serial: 1067
2026/05/25 16:00:08 Sent response: 850A60E4714195B2BA86
2026/05/25 16:00:08 Connection error: EOF
2026/05/25 16:00:10 Received: 80DF80C0E192E35E9635701B036CC54421A9024BD55A8AE43D07122E38E0A17CB5D2E5
2026/05/25 16:00:10 serial 1068
2026/05/25 16:00:10 Processing protocol: 0x26 
2026/05/25 16:00:10 ⚠️ Unknown protocol: 0x26
2026/05/25 16:00:12 Received: 367D119E43D4C8C01637CBA6
2026/05/25 16:00:12 serial 1069
2026/05/25 16:00:12 Processing protocol: 0x94 
2026/05/25 16:00:12 ℹ️ Information transmission packet
2026/05/25 16:00:14 Client connected: 47.228.231.118:57036
2026/05/25 16:00:14 Received: C6B060E3E6539EB07728CA0CEA81BEA7A7324EA7
2026/05/25 16:00:14 serial 1070
2026/05/25 16:00:14 Processing protocol: 0x01 
2026/05/25 16:00:14 ✅ Login packet - IMEI: 867440069564323, Serial: 1070
2026/05/25 16:00:14 Sent response: 1EBD6179D4511360ECDB
2026/05/25 16:00:16 Received: F75057CCF82289CE552A775E74261317C33EDC67B3EAD1EC747595CE7F30EAC1ED55F7
2026/05/25 16:00:16 serial 1071
2026/05/25 16:00:16 Processing protocol: 0x26 
2026/05/25 16:00:16 ⚠️ Unknown protocol: 0x26
2026/05/25 16:00:18 Client connected: 92.209.21.253:26345
2026/05/25 16:00:18 Received: BFDFA2545AB41EBF5DE81AD9112351CCBC7D27CD
2026/05/25 16:00:18 serial 1072
2026/05/25 16:00:18 Processing protocol: 0x01 
2026/05/25 16:00:18 ✅ Login packet - IMEI: 867440069564322, Serial: 1072
2026/05/25 16:00:18 Sent response: BC126B10F15C37F9E0CC
2026/05/25 16:00:20 Received: 06BC23BCA671CFA7B89B5E65
2026/05/25 16:00:20 serial 1073
2026/05/25 16:00:20 Processing protocol: 0x94 
2026/05/25 16:00:20 ℹ️ Information transmission packet
2026/05/25 16:00:22 Received: 322E561322E9EF52F2662162727B1D36C99E7C70F283C638BD7EC311B80B13496505AE
2026/05/25 16:00:22 serial 1074
2026/05/25 16:00:22 Processing protocol: 0x26 
2026/05/25 16:00:22 ⚠️ Unknown protocol: 0x26
2026/05/25 16:00:24 Received: E4219F1E24C3B07B1CE7D0393EF4C1F41C9B82790DD194DE72C20F88AB4DAEC520D789B115512D09
2026/05/25 16:00:24 serial 1075
2026/05/25 16:00:24 Processing protocol: 0x22 
2026/05/25 16:00:24 ✅ Location - IMEI: 867440069564325, Lat: 22.575827, Lon: 88.464755, Speed: 48, Course: 2734, Serial: 1075
2026/05/25 16:00:26 Received: 6318C1DC0320ACE2552CFAE5DD6BCF91
2026/05/25 16:00:26 serial 1076
2026/05/25 16:00:26 Processing protocol: 0x13 
2026/05/25 16:00:26 ✅ Heartbeat - IMEI: 867440069564327, Battery: 4, GSM: 2, TermInfo: 48B0A4EE, Serial: 1076
2026/05/25 16:00:26 Sent response: ADC310B17DA42255A7B8
2026/05/25 16:00:28 Client connected: 26.78.146.165:38875
2026/05/25 16:00:28 Received: 22B3E190D6AE730B38517BB0A5B2A58F4C66EBEA
2026/05/25 16:00:28 serial 1077
2026/05/25 16:00:28 Processing protocol: 0x01 
2026/05/25 16:00:28 ✅ Login packet - IMEI: 867440069564327, Serial: 1077
2026/05/25 16:00:28 Sent response: 3C3B57A7526DC97B0EE8
2026/05/25 16:00:28 Connection error: EOF
2026/05/25 16:00:30 Client connected: 95.124.58.14:18103
2026/05/25 16:00:30 Received: 3F8E8F5D91727BF399A9CB331346BA4C6682A6CB
2026/05/25 16:00:30 serial 1078
2026/05/25 16:00:30 Processing protocol: 0x01 
2026/05/25 16:00:30 ✅ Login packet - IMEI: 867440069564322, Serial: 1078
2026/05/25 16:00:30 Sent response: 463E7A18AF67D7AD0912
2026/05/25 16:00:32 Received: E921AEB94900D7C730E96E11
2026/05/25 16:00:32 serial 1079
2026/05/25 16:00:32 Processing protocol: 0x94 
2026/05/25 16:00:32 ℹ️ Information transmission packet
2026/05/25 16:00:34 Received: 3534C2A847BE573071D5946F6199CD15
2026/05/25 16:00:34 serial 1080
2026/05/25 16:00:34 Processing protocol: 0x13 
2026/05/25 16:00:34 ✅ Heartbeat - IMEI: 867440069564330, Battery: 5, GSM: 5, TermInfo: 707DDAC2, Serial: 1080
2026/05/25 16:00:34 Sent response: 750F908585D968AFB8B6
2026/05/25 16:00:36 Server listening on :5023
2026/05/25 16:00:38 Received: B25757F87B56C906B619C59AFC842252
2026/05/25 16:00:38 serial 1081
2026/05/25 16:00:38 Processing protocol: 0x13 
2026/05/25 16:00:38 ✅ Heartbeat - IMEI: 867440069564328, Battery: 4, GSM: 1, TermInfo: 74F54C34, Serial: 1081
2026/05/25 16:00:38 Sent response: 5486D808B0E8335E52B5
2026/05/25 16:00:40 Received: 14AD667BB0B780B59AA06BD5E383E0093B333C29595B60F0C07E3FDF4D69540C2D31F8
2026/05/25 16:00:40 serial 1082
2026/05/25 16:00:40 Processing protocol: 0x26 
2026/05/25 16:00:40 ⚠️ Unknown protocol: 0x26
2026/05/25 16:00:42 Client connected: 145.79.207.13:59550
2026/05/25 16:00:42 Received: 09A8FC39D2D58E29A3C5462576982AFD416BD676
2026/05/25 16:00:42 serial 1083
2026/05/25 16:00:42 Processing protocol: 0x01 
2026/05/25 16:00:42 ✅ Login packet - IMEI: 867440069564321, Serial: 1083
2026/05/25 16:00:42 Sent response: 69E5058F2070F79B6E68
2026/05/25 16:00:44 Received: 8A2F083B6C53E6E4EABBF6984CCE44414A6C1341691832F8ECA993445CA33627964320BAF69963E9
2026/05/25 16:00:44 serial 1084
2026/05/25 16:00:44 Processing protocol: 0x22 
2026/05/25 16:00:44 ✅ Location - IMEI: 867440069564323, Lat: 22.600414, Lon: 88.437435, Speed: 86, Course: 4798, Serial: 1084
2026/05/25 16:00:46 Received: E1D078D8627AB6F8BF10DA35319B8A15031CDFD5BD4E363A05D30CF50D734C04EC9A80
2026/05/25 16:00:46 serial 1085
2026/05/25 16:00:46 Processing protocol: 0x26 
2026/05/25 16:00:46 ⚠️ Unknown protocol: 0x26
2026/05/25 16:00:48 Received: C1B370ED952EA0B6BEF14B3247542522
2026/05/25 16:00:48 serial 1086
2026/05/25 16:00:48 Processing protocol: 0x13 
2026/05/25 16:00:48 ✅ Heartbeat - IMEI: 867440069564327, Battery: 5, GSM: 5, TermInfo: 07C21585, Serial: 1086
2026/05/25 16:00:48 Sent response: 8C2D919743E9A2A3E0BC
2026/05/25 16:00:48 Connection error: EOF
2026/05/25 16:00:50 Received: D83B6291F36FAA28005AE7E4DC700A7FB9F2EBDF066E291CD8BEFA5E72E165FD7AAABA46E21E7FD1
2026/05/25 16:00:50 serial 1087
2026/05/25 16:00:50 Processing protocol: 0x22 
2026/05/25 16:00:50 ✅ Location - IMEI: 867440069564330, Lat: 22.554987, Lon: 88.558876, Speed: 1, Course: 2502, Serial: 1087
2026/05/25 16:00:52 Server listening on :5023
2026/05/25 16:00:54 Server listening on :5023
2026/05/25 16:00:56 Client connected: 23.210.27.140:23315
2026/05/25 16:00:56 Received: 071EFD6DB4331DD26F37C2ED94B40C7482629CAE
2026/05/25 16:00:56 serial 1088
2026/05/25 16:00:56 Processing protocol: 0x01 
2026/05/25 16:00:56 ✅ Login packet - IMEI: 867440069564330, Serial: 1088
2026/05/25 16:00:56 Sent response: D141D6FA0AE0E8BC5DDA
2026/05/25 16:00:58 Received: 333295FD6FB29EF363F1B806
2026/05/25 16:00:58 serial 1089
2026/05/25 16:00:58 Processing protocol: 0x94 
2026/05/25 16:00:58 ℹ️ Information transmission packet
2026/05/25 16:01:00 Client connected: 89.1.35.184:31808
2026/05/25 16:01:00 Received: EBCF22EF9B26C5D6A1F0DAFEEF5C41BCA6A6D77A
2026/05/25 16:01:00 serial 1090
2026/05/25 16:01:00 Processing protocol: 0x01 
2026/05/25 16:01:00 ✅ Login packet - IMEI: 867440069564329, Serial: 1090
2026/05/25 16:01:00 Sent response: D79623EAF8133AD9AEDA
2026/05/25 16:01:02 Client connected: 227.56.145.156:36080
2026/05/25 16:01:02 Received: 0CE3DFAF520279C4724678DBA9C437F30B353A0E
2026/05/25 16:01:02 serial 1091
2026/05/25 16:01:02 Processing protocol: 0x01 
2026/05/25 16:01:02 ✅ Login packet - IMEI: 867440069564326, Serial: 1091
2026/05/25 16:01:02 Sent response: 91F5D956A02EA7BA393D
2026/05/25 16:01:04 Received: 9C074ED324D967D694D33F81
2026/05/25 16:01:04 serial 1092
2026/05/25 16:01:04 Processing protocol: 0x94 
2026/05/25 16:01:04 ℹ️ Information transmission packet
2026/05/25 16:01:06 Client connected: 237.57.7.31:55436
2026/05/25 16:01:06 Received: CF95086E6210B366A2C11C05B6BA181813A15136
2026/05/25 16:01:06 serial 1093
2026/05/25 16:01:06 Processing protocol: 0x01 
2026/05/25 16:01:06 ✅ Login packet - IMEI: 867440069564325, Serial: 1093
2026/05/25 16:01:06 Sent response: DD1024BC161B67730B87
2026/05/25 16:01:08 Server listening on :5023
2026/05/25 16:01:10 Received: FE6323306A9DF69689EF3ECF922257A93987448755F3A98E53A0CA6AC9D955AD99E76D
2026/05/25 16:01:10 serial 1094
2026/05/25 16:01:10 Processing protocol: 0x26 
2026/05/25 16:01:10 ⚠️ Unknown protocol: 0x26
2026/05/25 16:01:12 Received: 8E8A3DEA44CD8EBE2B28EECF
2026/05/25 16:01:12 serial 1095
2026/05/25 16:01:12 Processing protocol: 0x94 
2026/05/25 16:01:12 ℹ️ Information transmission packet
2026/05/25 16:01:14 Received: 51D2285CC6A657B85698338833D81C00DF8FDCAB9932D28E381F956CCC05FBB14BEBCF83EEB463DA
2026/05/25 16:01:14 serial 1096
2026/05/25 16:01:14 Processing protocol: 0x22 
2026/05/25 16:01:14 ✅ Location - IMEI: 867440069564327, Lat: 22.624526, Lon: 88.368835, Speed: 82, Course: 5387, Serial: 1096
2026/05/25 16:01:16 Received: F335A5153C298D1BD4F6FB35CB954A2B03BC7345CDE3518902803CCE729BB32555C304
2026/05/25 16:01:16 serial 1097
2026/05/25 16:01:16 Processing protocol: 0x26 
2026/05/25 16:01:16 ⚠️ Unknown protocol: 0x26
2026/05/25 16:01:18 Received: 22A2B50FA78E2A7BC06722CE
2026/05/25 16:01:18 serial 1098
2026/05/25 16:01:18 Processing protocol: 0x94 
2026/05/25 16:01:18 ℹ️ Information transmission packet
2026/05/25 16:01:20 Client connected: 111.230.254.154:59498
2026/05/25 16:01:20 Received: C3A02755590E8462C4BFB2D650057F52DCB5F674
2026/05/25 16:01:20 serial 1099
2026/05/25 16:01:20 Processing protocol: 0x01 
2026/05/25 16:01:20 ✅ Login packet - IMEI: 867440069564323, Serial: 1099
2026/05/25 16:01:20 Sent response: AD442577C23AA42421CB
2026/05/25 16:01:22 Client connected: 147.150.32.186:58359
2026/05/25 16:01:22 Received: AD752559DBF2B034DC9F76E3985367AAD36AD483
2026/05/25 16:01:22 serial 1100
2026/05/25 16:01:22 Processing protocol: 0x01 
2026/05/25 16:01:22 ✅ Login packet - IMEI: 867440069564327, Serial: 1100
2026/05/25 16:01:22 Sent response: EFFFE2E97048362C8D73
2026/05/25 16:01:24 Server listening on :5023
2026/05/25 16:01:26 Client connected: 119.30.214.105:39401
2026/05/25 16:01:26 Received: 450511C0F734EDC848F7724A03DDC97662EC698E
2026/05/25 16:01:26 serial 1101
2026/05/25 16:01:26 Processing protocol: 0x01 
2026/05/25 16:01:26 ✅ Login packet - IMEI: 867440069564323, Serial: 1101
2026/05/25 16:01:26 Sent response: 39D33E4A680F44187330
2026/05/25 16:01:28 Client connected: 143.13.114.101:56621
2026/05/25 16:01:28 Received: B593F2045CD027F1C4588E0DF5F80DF3F2A52992
2026/05/25 16:01:28 serial 1102
2026/05/25 16:01:28 Processing protocol: 0x01 
2026/05/25 16:01:28 ✅ Login packet - IMEI: 867440069564321, Serial: 1102
2026/05/25 16:01:28 Sent response: BCA73F2F656F649DC7B9
2026/05/25 16:01:30 Received: C03439D253FF4E2571F1C1E5523F46659750DF529792376964593504983FFB9D8F9805E6B471B332
2026/05/25 16:01:30 serial 1103
2026/05/25 16:01:30 Processing protocol: 0x22 
2026/05/25 16:01:30 ✅ Location - IMEI: 867440069564330, Lat: 22.656070, Lon: 88.457899, Speed: 42, Course: 5283, Serial: 1103
2026/05/25 16:01:32 Received: E53BA9A06F8CD45236ECB8E96FC535D9
2026/05/25 16:01:32 serial 1104
2026/05/25 16:01:32 Processing protocol: 0x13 
2026/05/25 16:01:32 ✅ Heartbeat - IMEI: 867440069564322, Battery: 2, GSM: 5, TermInfo: ADA3D83B, Serial: 1104
2026/05/25 16:01:32 Sent response: E03B37528BCD0DEED42A
2026/05/25 16:01:34 Received: 43C2B6AE7722EF5B651E8076E4A4E504
2026/05/25 16:01:34 serial 1105
2026/05/25 16:01:34 Processing protocol: 0x13 
2026/05/25 16:01:34 ✅ Heartbeat - IMEI: 867440069564323, Battery: 6, GSM: 4, TermInfo: 032CDEC5, Serial: 1105
2026/05/25 16:01:34 Sent response: 00A59003B6D61C4DB366
2026/05/25 16:01:36 Server listening on :5023
2026/05/25 16:01:38 Server listening on :5023
2026/05/25 16:01:40 Server listening on :5023
2026/05/25 16:01:42 Received: 25B2581FAED958F0FB5DE98F
2026/05/25 16:01:42 serial 1106
2026/05/25 16:01:42 Processing protocol: 0x94 
2026/05/25 16:01:42 ℹ️ Information transmission packet
2026/05/25 16:01:44 Received: A6A85A72D50D399399223607
2026/05/25 16:01:44 serial 1107
2026/05/25 16:01:44 Processing protocol: 0x94 
2026/05/25 16:01:44 ℹ️ Information transmission packet
2026/05/25 16:01:44 Connection error: EOF
2026/05/25 16:01:46 Received: 48D4B8698355745C698292A1A0D8465C555D0DF32830553C72D432D6AAAE3492F12009
2026/05/25 16:01:46 serial 1108
2026/05/25 16:01:46 Processing protocol: 0x26 
2026/05/25 16:01:46 ⚠️ Unknown protocol: 0x26
2026/05/25 16:01:48 Received: A3313E067BFE5DF9807352E51C336A758DED05020568A3E030586E1501275C0241FDC251DB8A3859
2026/05/25 16:01:48 serial 1109
2026/05/25 16:01:48 Processing protocol: 0x22 
2026/05/25 16:01:48 ✅ Location - IMEI: 867440069564324, Lat: 22.669533, Lon: 88.490789, Speed: 72, Course: 3951, Serial: 1109
2026/05/25 16:01:50 Received: E4B8E3D86FC3D030B79B6A8E77C368576D21A24D2010F0A17B194364135048A61F0A48
2026/05/25 16:01:50 serial 1110
2026/05/25 16:01:50 Processing protocol: 0x26 
2026/05/25 16:01:50 ⚠️ Unknown protocol: 0x26
2026/05/25 16:01:50 Connection error: EOF
2026/05/25 16:01:52 Server listening on :5023
2026/05/25 16:01:54 Received: BDFC39324CD3885B272C3222D3D025AA3F14BAD12D9DF181BAFE1B675FB684E78FD5AA87658D0EDF
2026/05/25 16:01:54 serial 1111
2026/05/25 16:01:54 Processing protocol: 0x22 
2026/05/25 16:01:54 ✅ Location - IMEI: 867440069564321, Lat: 22.696028, Lon: 88.371287, Speed: 66, Course: 2916, Serial: 1111
2026/05/25 16:01:56 Received: BB4ED6494E2D5E6D6A78C8E5DFF55A9BBA1CAAC5641AF5698E32153166941880EED917
2026/05/25 16:01:56 serial 1112
2026/05/25 16:01:56 Processing protocol: 0x26 
2026/05/25 16:01:56 ⚠️ Unknown protocol: 0x26
2026/05/25 16:01:58 Received: 45B483FE0572D955C812C93514CB74045AEE0A73987C859A18B5E924661ECEE20C7823
2026/05/25 16:01:58 serial 1113
2026/05/25 16:01:58 Processing protocol: 0x26 
2026/05/25 16:01:58 ⚠️ Unknown protocol: 0x26
2026/05/25 16:02:00 Server listening on :5023
2026/05/25 16:02:02 Received: 917F1B808D3C2C9A42C30AAB23AC6418
2026/05/25 16:02:02 serial 1114
2026/05/25 16:02:02 Processing protocol: 0x13 
2026/05/25 16:02:02 ✅ Heartbeat - IMEI: 867440069564327, Battery: 5, GSM: 2, TermInfo: CF375DEA, Serial: 1114
2026/05/25 16:02:02 Sent response: 9BD7C372C63D379DB9E1
2026/05/25 16:02:04 Received: 2DC25CDBAC582963876237D7
2026/05/25 16:02:04 serial 1115
2026/05/25 16:02:04 Processing protocol: 0x94 
2026/05/25 16:02:04 ℹ️ Information transmission packet
2026/05/25 16:02:06 Received: 59224159446C7B71CEF0B6C1
2026/05/25 16:02:06 serial 1116
2026/05/25 16:02:06 Processing protocol: 0x94 
2026/05/25 16:02:06 ℹ️ Information transmission packet
2026/05/25 16:02:06 Connection error: EOF
2026/05/25 16:02:08 Received: 50DB30E1E43290CCFDDFD20EC20417B4
2026/05/25 16:02:08 serial 1117
2026/05/25 16:02:08 Processing protocol: 0x13 
2026/05/25 16:02:08 ✅ Heartbeat - IMEI: 867440069564330, Battery: 4, GSM: 5, TermInfo: F6DC3A2F, Serial: 1117
2026/05/25 16:02:08 Sent response: CCC8DD81B280DC3BF75A
2026/05/25 16:02:08 Connection error: EOF
2026/05/25 16:02:10 Received: 451E1B2B4F28E6CE9066249249DBC6C0525356413A3EB7FDBFDF6375C0492736361797
2026/05/25 16:02:10 serial 1118
2026/05/25 16:02:10 Processing protocol: 0x26 
2026/05/25 16:02:10 ⚠️ Unknown protocol: 0x26
2026/05/25 16:02:10 Connection error: EOF
2026/05/25 16:02:12 Received: 1545116981E9E644BBF7A41C
2026/05/25 16:02:12 serial 1119
2026/05/25 16:02:12 Processing protocol: 0x94 
2026/05/25 16:02:12 ℹ️ Information transmission packet
2026/05/25 16:02:12 Connection error: EOF
2026/05/25 16:02:14 Received: 60CFDE5C535E83C731E57512A1A94424FAB6E7217105F347DC5D9F2002FF545B674114E577D63A06
2026/05/25 16:02:14 serial 1120
2026/05/25 16:02:14 Processing protocol: 0x22 
2026/05/25 16:02:14 ✅ Location - IMEI: 867440069564330, Lat: 22.620190, Lon: 88.366222, Speed: 55, Course: 4033, Serial: 1120
2026/05/25 16:02:16 Received: 83814054296F9892294233A2111656DBCB33CA2DE245E419C2E9CF6F2E7313CD9B4A3CABD54DFADB
2026/05/25 16:02:16 serial 1121
2026/05/25 16:02:16 Processing protocol: 0x22 
2026/05/25 16:02:16 ✅ Location - IMEI: 867440069564327, Lat: 22.513094, Lon: 88.452502, Speed: 84, Course: 5587, Serial: 1121
2026/05/25 16:02:18 Server listening on :5023
2026/05/25 16:02:20 Received: 5D03DC47257A08F2FCD30E6879594130A93DAB0E8F83E4D31B6D4BDAA2568F0CF43EFA2732FA6799
2026/05/25 16:02:20 serial 1122
2026/05/25 16:02:20 Processing protocol: 0x22 
2026/05/25 16:02:20 ✅ Location - IMEI: 867440069564324, Lat: 22.573526, Lon: 88.361053, Speed: 14, Course: 5380, Serial: 1122
2026/05/25 16:02:22 Client connected: 133.147.48.62:18046
2026/05/25 16:02:22 Received: FA547F4E2A4EDA73CB2D5BDFBB183D4A70C3B905
2026/05/25 16:02:22 serial 1123
2026/05/25 16:02:22 Processing protocol: 0x01 
2026/05/25 16:02:22 ✅ Login packet - IMEI: 867440069564324, Serial: 1123
2026/05/25 16:02:22 Sent response: B1BB4D4BF3A783F192D3
2026/05/25 16:02:24 Received: 1E5046BA63C86B567A246FA3
2026/05/25 16:02:24 serial 1124
2026/05/25 16:02:24 Processing protocol: 0x94 
2026/05/25 16:02:24 ℹ️ Information transmission packet
2026/05/25 16:02:26 Received: 450C3CE52018D1C77E7C08650DC18A68
2026/05/25 16:02:26 serial 1125
2026/05/25 16:02:26 Processing protocol: 0x13 
2026/05/25 16:02:26 ✅ Heartbeat - IMEI: 867440069564325, Battery: 5, GSM: 2, TermInfo: BA34A36E, Serial: 1125
2026/05/25 16:02:26 Sent response: 2A619E5D52817E438372
2026/05/25 16:02:28 Server listening on :5023
2026/05/25 16:02:30 Received: 62F2CA62ACE73EE57137182E
2026/05/25 16:02:30 serial 1126
2026/05/25 16:02:30 Processing protocol: 0x94 
2026/05/25 16:02:30 ℹ️ Information transmission packet
2026/05/25 16:02:32 Received: 6A0C2F51FAEF72508FC6EBC4E195205BAD6F9A5742642CF7CA8F252703A1F36A80256505EE1CA2D3
2026/05/25 16:02:32 serial 1127
2026/05/25 16:02:32 Processing protocol: 0x22 
2026/05/25 16:02:32 ✅ Location - IMEI: 867440069564323, Lat: 22.510729, Lon: 88.554742, Speed: 109, Course: 5906, Serial: 1127
2026/05/25 16:02:34 Received: 0146196DB6805CEC2318D56033E2CE43619B282474068F91C53A771D5577186F914336
2026/05/25 16:02:34 serial 1128
2026/05/25 16:02:34 Processing protocol: 0x26 
2026/05/25 16:02:34 ⚠️ Unknown protocol: 0x26
2026/05/25 16:02:36 Received: 66D7FD627141FD4EF845391D60AD75146EF960A7771F64BA259C5C26EB36D864AF4A84918CA1E48F
2026/05/25 16:02:36 serial 1129
2026/05/25 16:02:36 Processing protocol: 0x22 
2026/05/25 16:02:36 ✅ Location - IMEI: 867440069564329, Lat: 22.637323, Lon: 88.366704, Speed: 72, Course: 3850, Serial: 1129
2026/05/25 16:02:38 Received: 52A0A0184B903F1E9821C725CEC3F8F62D61B57B5590CB6A3455256977112AFEC871E5
2026/05/25 16:02:38 serial 1130
2026/05/25 16:02:38 Processing protocol: 0x26 
2026/05/25 16:02:38 ⚠️ Unknown protocol: 0x26
2026/05/25 16:02:38 Connection error: EOF
2026/05/25 16:02:40 Client connected: 41.91.213.51:31215
2026/05/25 16:02:40 Received: 0742CE14A849931A5739CEDD46332B31708ADE0F
2026/05/25 16:02:40 serial 1131
2026/05/25 16:02:40 Processing protocol: 0x01 
2026/05/25 16:02:40 ✅ Login packet - IMEI: 867440069564324, Serial: 1131
2026/05/25 16:02:40 Sent response: 46E151479C2D0DCE196F
2026/05/25 16:02:42 Server listening on :5023
2026/05/25 16:02:44 Server listening on :5023
2026/05/25 16:02:46 Received: 81CE7FE14DC576A9D2704B182C055F1A
2026/05/25 16:02:46 serial 1132
2026/05/25 16:02:46 Processing protocol: 0x13 
2026/05/25 16:02:46 ✅ Heartbeat - IMEI: 867440069564322, Battery: 3, GSM: 3, TermInfo: 48FA8126, Serial: 1132
2026/05/25 16:02:46 Sent response: FCDE0CB08B108FFAF7AA
2026/05/25 16:02:48 Received: ECBAC50F0372BF9C8C81C236
2026/05/25 16:02:48 serial 1133
2026/05/25 16:02:48 Processing protocol: 0x94 
2026/05/25 16:02:48 ℹ️ Information transmission packet
2026/05/25 16:02:48 Connection error: EOF
2026/05/25 16:02:50 Received: 84E927C55F85A5BF57D791BC
2026/05/25 16:02:50 serial 1134
2026/05/25 16:02:50 Processing protocol: 0x94 
2026/05/25 16:02:50 ℹ️ Information transmission packet
2026/05/25 16:02:52 Received: 562ECA9F6ACC736ECAE19A7DB22B084F4DE41A804CEF26EC2E06CCC7C14DB7E7C58DBFF4CC9E184B
2026/05/25 16:02:52 serial 1135
2026/05/25 16:02:52 Processing protocol: 0x22 
2026/05/25 16:02:52 ✅ Location - IMEI: 867440069564321, Lat: 22.650198, Lon: 88.533146, Speed: 19, Course: 2272, Serial: 1135
2026/05/25 16:02:54 Received: A054363F319119F0725375EC6DAEBB91B33FF1758A33F9912B58C49B43C575BCDC78D5
2026/05/25 16:02:54 serial 1136
2026/05/25 16:02:54 Processing protocol: 0x26 
2026/05/25 16:02:54 ⚠️ Unknown protocol: 0x26
2026/05/25 16:02:56 Client connected: 6.13.111.74:22915
2026/05/25 16:02:56 Received: A9BB714A5E01E8F3321A5359B0EA871838251BE5
2026/05/25 16:02:56 serial 1137
2026/05/25 16:02:56 Processing protocol: 0x01 
2026/05/25 16:02:56 ✅ Login packet - IMEI: 867440069564329, Serial: 1137
2026/05/25 16:02:56 Sent response: CBC32EBA9B2CAF746DC5
2026/05/25 16:02:58 Server listening on :5023
2026/05/25 16:02:58 Connection error: EOF
2026/05/25 16:03:00 Received: 5196E8229FE3B67542BD592C104879E1A5FE0699B6C91B90DCD85D1499203475560F21170B2FCC7E
2026/05/25 16:03:00 serial 1138
2026/05/25 16:03:00 Processing protocol: 0x22 
2026/05/25 16:03:00 ✅ Location - IMEI: 867440069564322, Lat: 22.535402, Lon: 88.452435, Speed: 81, Course: 4312, Serial: 1138
2026/05/25 16:03:00 Connection error: EOF
2026/05/25 16:03:02 Server listening on :5023
2026/05/25 16:03:04 Received: E18670F710C067B7A18B7026
2026/05/25 16:03:04 serial 1139
2026/05/25 16:03:04 Processing protocol: 0x94 
2026/05/25 16:03:04 ℹ️ Information transmission packet
2026/05/25 16:03:06 Client connected: 253.18.222.93:15032
2026/05/25 16:03:06 Received: DB2588AD34C6485D022C20E7938768D23706EB36
2026/05/25 16:03:06 serial 1140
2026/05/25 16:03:06 Processing protocol: 0x01 
2026/05/25 16:03:06 ✅ Login packet - IMEI: 867440069564322, Serial: 1140
2026/05/25 16:03:06 Sent response: E5B599549E381E3EB10F
2026/05/25 16:03:08 Client connected: 118.21.143.193:19293
2026/05/25 16:03:08 Received: 4415FEB9849CB0381F3603EC2DC59CFB2171804F
2026/05/25 16:03:08 serial 1141
2026/05/25 16:03:08 Processing protocol: 0x01 
2026/05/25 16:03:08 ✅ Login packet - IMEI: 867440069564328, Serial: 1141
2026/05/25 16:03:08 Sent response: B3027623E12F1E11B1FD
2026/05/25 16:03:10 Received: D655A99E1801F87ABBF1D331
2026/05/25 16:03:10 serial 1142
2026/05/25 16:03:10 Processing protocol: 0x94 
2026/05/25 16:03:10 ℹ️ Information transmission packet
2026/05/25 16:03:12 Received: 73BE5C2EAECD6A0D5E66EA74
2026/05/25 16:03:12 serial 1143
2026/05/25 16:03:12 Processing protocol: 0x94 
2026/05/25 16:03:12 ℹ️ Information transmission packet
2026/05/25 16:03:14 Received: 05F6665A2AAF45AFAB29D3593661EEE5
2026/05/25 16:03:14 serial 1144
2026/05/25 16:03:14 Processing protocol: 0x13 
2026/05/25 16:03:14 ✅ Heartbeat - IMEI: 867440069564330, Battery: 4, GSM: 2, TermInfo: 9E56FE38, Serial: 1144
2026/05/25 16:03:14 Sent response: 03E71FFB53BC9B2CEA25
2026/05/25 16:03:16 Client connected: 219.124.110.42:53097
2026/05/25 16:03:16 Received: BE1F8AE8966C70A0130C5B10C6CE3EE1CF65DEA8
2026/05/25 16:03:16 serial 1145
2026/05/25 16:03:16 Processing protocol: 0x01 
2026/05/25 16:03:16 ✅ Login packet - IMEI: 867440069564325, Serial: 1145
2026/05/25 16:03:16 Sent response: CE0CD09DF0CD6223B67B
2026/05/25 16:03:18 Received: 98978BAC7884D27D6DEBCCA7A4055AE9
2026/05/25 16:03:18 serial 1146
2026/05/25 16:03:18 Processing protocol: 0x13 
2026/05/25 16:03:18 ✅ Heartbeat - IMEI: 867440069564322, Battery: 4, GSM: 2, TermInfo: FBF4B38F, Serial: 1146
2026/05/25 16:03:18 Sent response: A13EB5D6DB8E10BD8361
2026/05/25 16:03:20 Received: 862402252E8E66088CA9C7FA40E0B592
2026/05/25 16:03:20 serial 1147
2026/05/25 16:03:20 Processing protocol: 0x13 
2026/05/25 16:03:20 ✅ Heartbeat - IMEI: 867440069564325, Battery: 4, GSM: 2, TermInfo: B9C661F7, Serial: 1147
2026/05/25 16:03:20 Sent response: EA8CEB52D8D0509BF886
2026/05/25 16:03:22 Client connected: 116.71.124.162:17220
2026/05/25 16:03:22 Received: C4D1D1A4FED6F0E7A63955A0313449D36EF57DDF
2026/05/25 16:03:22 serial 1148
2026/05/25 16:03:22 Processing protocol: 0x01 
2026/05/25 16:03:22 ✅ Login packet - IMEI: 867440069564321, Serial: 1148
2026/05/25 16:03:22 Sent response: C1E2FF7C000873D21CBC
2026/05/25 16:03:22 Connection error: EOF
2026/05/25 16:03:24 Received: 5DE0BD3DC7DD5826F7F6E609
2026/05/25 16:03:24 serial 1149
2026/05/25 16:03:24 Processing protocol: 0x94 
2026/05/25 16:03:24 ℹ️ Information transmission packet
2026/05/25 16:03:26 Received: EB94EC1277413EA3C8E6505E49964EBC
2026/05/25 16:03:26 serial 1150
2026/05/25 16:03:26 Processing protocol: 0x13 
2026/05/25 16:03:26 ✅ Heartbeat - IMEI: 867440069564324, Battery: 4, GSM: 2, TermInfo: 680D8B39, Serial: 1150
2026/05/25 16:03:26 Sent response: D163B9FFECC4EB1BD8E0
2026/05/25 16:03:28 Client connected: 193.191.216.10:31531
2026/05/25 16:03:28 Received: B8F0AF517EF0FF5794EFDA373D2314E922E355EB
2026/05/25 16:03:28 serial 1151
2026/05/25 16:03:28 Processing protocol: 0x01 
2026/05/25 16:03:28 ✅ Login packet - IMEI: 867440069564321, Serial: 1151
2026/05/25 16:03:28 Sent response: DC52D5D16A9054DA3AE2
2026/05/25 16:03:30 Server listening on :5023
2026/05/25 16:03:32 Received: 7065D6F5509AF1DB90B0139F8FEFA738227228CCA6167BC435D21AB004C3D1837B60AA
2026/05/25 16:03:32 serial 1152
2026/05/25 16:03:32 Processing protocol: 0x26 
2026/05/25 16:03:32 ⚠️ Unknown protocol: 0x26
2026/05/25 16:03:34 Received: DDA7B3254A0E66183D7AC2A248C776392BAEDFFC570A453D0AB91C467987F4283E3E8F
2026/05/25 16:03:34 serial 1153
2026/05/25 16:03:34 Processing protocol: 0x26 
2026/05/25 16:03:34 ⚠️ Unknown protocol: 0x26
2026/05/25 16:03:34 Connection error: EOF
2026/05/25 16:03:36 Received: 0E02B5D869902A86A2F1C3A7
2026/05/25 16:03:36 serial 1154
2026/05/25 16:03:36 Processing protocol: 0x94 
2026/05/25 16:03:36 ℹ️ Information transmission packet
2026/05/25 16:03:38 Received: 7CD830838C856F20BD78F015
2026/05/25 16:03:38 serial 1155
2026/05/25 16:03:38 Processing protocol: 0x94 
2026/05/25 16:03:38 ℹ️ Information transmission packet
2026/05/25 16:03:40 Received: 49542EFD33119759CD8C68F6
2026/05/25 16:03:40 serial 1156
2026/05/25 16:03:40 Processing protocol: 0x94 
2026/05/25 16:03:40 ℹ️ Information transmission packet
2026/05/25 16:03:42 Client connected: 63.219.36.214:32956
2026/05/25 16:03:42 Received: A62B97D754939B577EE5B01D0F15F0046BA9CA00
2026/05/25 16:03:42 serial 1157
2026/05/25 16:03:42 Processing protocol: 0x01 
2026/05/25 16:03:42 ✅ Login packet - IMEI: 867440069564324, Serial: 1157
2026/05/25 16:03:42 Sent response: 2BB8F47BBA35D5B3581C
2026/05/25 16:03:42 Connection error: EOF
2026/05/25 16:03:44 Client connected: 212.239.65.41:43285
2026/05/25 16:03:44 Received: 79C96F424E283CA32FC29E06FADF64A02C6A4952
2026/05/25 16:03:44 serial 1158
2026/05/25 16:03:44 Processing protocol: 0x01 
2026/05/25 16:03:44 ✅ Login packet - IMEI: 867440069564328, Serial: 1158
2026/05/25 16:03:44 Sent response: 47C27C39FA23505B9827
2026/05/25 16:03:46 Client connected: 97.186.56.70:42018
2026/05/25 16:03:46 Received: 22C237C6D661A1FA353F5CFFDC59600380A9091D
2026/05/25 16:03:46 serial 1159
2026/05/25 16:03:46 Processing protocol: 0x01 
2026/05/25 16:03:46 ✅ Login packet - IMEI: 867440069564324, Serial: 1159
2026/05/25 16:03:46 Sent response: A47829F3C18829F1087E
2026/05/25 16:03:48 Received: 9C231EA6F3283D0AA2C9C007F8EFAE7A8395F3CA4FA68787974FF4D3A9EC348741318C3182F45A20
2026/05/25 16:03:48 serial 1160
2026/05/25 16:03:48 Processing protocol: 0x22 
2026/05/25 16:03:48 ✅ Location - IMEI: 867440069564322, Lat: 22.616474, Lon: 88.571320, Speed: 19, Course: 3234, Serial: 1160
2026/05/25 16:03:50 Received: DE65147FB991AF35B88B47DBCFB073AB
2026/05/25 16:03:50 serial 1161
2026/05/25 16:03:50 Processing protocol: 0x13 
2026/05/25 16:03:50 ✅ Heartbeat - IMEI: 867440069564323, Battery: 2, GSM: 2, TermInfo: 13981FA0, Serial: 1161
2026/05/25 16:03:50 Sent response: B07D8E3584CB5ED5B9CF
2026/05/25 16:03:52 Received: 3B2722D859BA0488CDE3D4B4
2026/05/25 16:03:52 serial 1162
2026/05/25 16:03:52 Processing protocol: 0x94 
2026/05/25 16:03:52 ℹ️ Information transmission packet
2026/05/25 16:03:54 Received: FD5684E400692F2A3F72D29DFE0C70A50E24E4CA8108FC2877AF3CC73C412EFDE9572C3739DF8BCF
2026/05/25 16:03:54 serial 1163
2026/05/25 16:03:54 Processing protocol: 0x22 
2026/05/25 16:03:54 ✅ Location - IMEI: 867440069564329, Lat: 22.694830, Lon: 88.389749, Speed: 81, Course: 5264, Serial: 1163
2026/05/25 16:03:56 Received: D115E27E02056D60030EC84AEA544A18E07D04D4261FBF2AE53DE110F24D8012D1FB54EC83F0C99C
2026/05/25 16:03:56 serial 1164
2026/05/25 16:03:56 Processing protocol: 0x22 
2026/05/25 16:03:56 ✅ Location - IMEI: 867440069564326, Lat: 22.679854, Lon: 88.481399, Speed: 82, Course: 4194, Serial: 1164
2026/05/25 16:03:58 Server listening on :5023
2026/05/25 16:04:00 Received: 34D73B6FACF88397A58ABA233D10649F883856F5AA01257A4260D18A318DDA1883FA8A78A519FA6E
2026/05/25 16:04:00 serial 1165
2026/05/25 16:04:00 Processing protocol: 0x22 
2026/05/25 16:04:00 ✅ Location - IMEI: 867440069564328, Lat: 22.591860, Lon: 88.380462, Speed: 36, Course: 4103, Serial: 1165
2026/05/25 16:04:00 Connection error: EOF
2026/05/25 16:04:02 Received: 04D39E67E76BDE84C8ACAF47
2026/05/25 16:04:02 serial 1166
2026/05/25 16:04:02 Processing protocol: 0x94 
2026/05/25 16:04:02 ℹ️ Information transmission packet
2026/05/25 16:04:04 Client connected: 226.145.171.23:23911
2026/05/25 16:04:04 Received: 60F9B1E3B1609CB09E99B071869AFEAE33177BB1
2026/05/25 16:04:04 serial 1167
2026/05/25 16:04:04 Processing protocol: 0x01 
2026/05/25 16:04:04 ✅ Login packet - IMEI: 867440069564325, Serial: 1167
2026/05/25 16:04:04 Sent response: E66DBE9E72402FA2846C
2026/05/25 16:04:06 Received: D1FEDD18C034FA8127E899F6
2026/05/25 16:04:06 serial 1168
2026/05/25 16:04:06 Processing protocol: 0x94 
2026/05/25 16:04:06 ℹ️ Information transmission packet
2026/05/25 16:04:08 Client connected: 136.41.33.26:22234
2026/05/25 16:04:08 Received: 957DF5BC7ADD5641B4816256E1F55F2AA07590D7
2026/05/25 16:04:08 serial 1169
2026/05/25 16:04:08 Processing protocol: 0x01 
2026/05/25 16:04:08 ✅ Login packet - IMEI: 867440069564324, Serial: 1169
2026/05/25 16:04:08 Sent response: E7F20ECFB74AE91AC0D1
2026/05/25 16:04:10 Received: 9D030E323C0389A783D98F50EFFEB64C73C7385551AC92ED7F05704685AC24EB42110A
2026/05/25 16:04:10 serial 1170
2026/05/25 16:04:10 Processing protocol: 0x26 
2026/05/25 16:04:10 ⚠️ Unknown protocol: 0x26
2026/05/25 16:04:12 Received: F2C9C20C2E54668ECFA911F1255AABF8
2026/05/25 16:04:12 serial 1171
2026/05/25 16:04:12 Processing protocol: 0x13 
2026/05/25 16:04:12 ✅ Heartbeat - IMEI: 867440069564322, Battery: 5, GSM: 3, TermInfo: A9C21083, Serial: 1171
2026/05/25 16:04:12 Sent response: AF32BE0BC5F5C0C0F349
2026/05/25 16:04:14 Server listening on :5023
2026/05/25 16:04:16 Received: 4FFB081062C4247AB5F32ED2E6B7B943CD70BD5973C9945E758FB63441B2B13E883C731DBE3A2AD2
2026/05/25 16:04:16 serial 1172
2026/05/25 16:04:16 Processing protocol: 0x22 
2026/05/25 16:04:16 ✅ Location - IMEI: 867440069564328, Lat: 22.637516, Lon: 88.500604, Speed: 33, Course: 1714, Serial: 1172
2026/05/25 16:04:18 Received: 5588FC4E6AC0BD3288CF95F7A658C1A03A61FF25B2D00886302C3BA53F7215074ED60A
2026/05/25 16:04:18 serial 1173
2026/05/25 16:04:18 Processing protocol: 0x26 
2026/05/25 16:04:18 ⚠️ Unknown protocol: 0x26
2026/05/25 16:04:20 Client connected: 97.254.158.71:46509
2026/05/25 16:04:20 Received: 2137D7176CF4E531FB9AAEE9F85146E6CC313ADD
2026/05/25 16:04:20 serial 1174
2026/05/25 16:04:20 Processing protocol: 0x01 
2026/05/25 16:04:20 ✅ Login packet - IMEI: 867440069564328, Serial: 1174
2026/05/25 16:04:20 Sent response: A6D2DEED000F3F325BF1
2026/05/25 16:04:22 Client connected: 19.56.87.127:15433
2026/05/25 16:04:22 Received: 4E895199C22A9E9102021D74821AF4D7D8B85671
2026/05/25 16:04:22 serial 1175
2026/05/25 16:04:22 Processing protocol: 0x01 
2026/05/25 16:04:22 ✅ Login packet - IMEI: 867440069564324, Serial: 1175
2026/05/25 16:04:22 Sent response: FDA6A8AB24BABF8202C4
2026/05/25 16:04:22 Connection error: EOF
2026/05/25 16:04:24 Received: 87014AC76F918910171A2879DE036B3B71C5B40BE86D5EF6E57D7F1D3EDC55E737FABC35994A1D59
2026/05/25 16:04:24 serial 1176
2026/05/25 16:04:24 Processing protocol: 0x22 
2026/05/25 16:04:24 ✅ Location - IMEI: 867440069564324, Lat: 22.650132, Lon: 88.533744, Speed: 12, Course: 3317, Serial: 1176
2026/05/25 16:04:26 Server listening on :5023
2026/05/25 16:04:28 Received: 984A808171A5908AA4D79DD84F94E161
2026/05/25 16:04:28 serial 1177
2026/05/25 16:04:28 Processing protocol: 0x13 
2026/05/25 16:04:28 ✅ Heartbeat - IMEI: 867440069564325, Battery: 5, GSM: 4, TermInfo: EA9CCE9C, Serial: 1177
2026/05/25 16:04:28 Sent response: D131365E9AD44DD416A4
2026/05/25 16:04:30 Server listening on :5023
2026/05/25 16:04:32 Received: 996928E5F85AC6BFF2E543FF19ED3683
2026/05/25 16:04:32 serial 1178
2026/05/25 16:04:32 Processing protocol: 0x13 
2026/05/25 16:04:32 ✅ Heartbeat - IMEI: 867440069564322, Battery: 6, GSM: 5, TermInfo: 89F8E441, Serial: 1178
2026/05/25 16:04:32 Sent response: E2081FC6C9AD08F6EC56
2026/05/25 16:04:34 Received: 784A0E925C49650AABAC4A67B913DC657C332F5D560B45774A905F2D0B3D7EC510FE75
2026/05/25 16:04:34 serial 1179
2026/05/25 16:04:34 Processing protocol: 0x26 
2026/05/25 16:04:34 ⚠️ Unknown protocol: 0x26
2026/05/25 16:04:36 Received: 25012E616F80F99485FFE150
2026/05/25 16:04:36 serial 1180
2026/05/25 16:04:36 Processing protocol: 0x94 
2026/05/25 16:04:36 ℹ️ Information transmission packet
2026/05/25 16:04:38 Received: 79E8177CEB8C4D8FD78271AD
2026/05/25 16:04:38 serial 1181
2026/05/25 16:04:38 Processing protocol: 0x94 
2026/05/25 16:04:38 ℹ️ Information transmission packet
2026/05/25 16:04:40 Received: 8109256E47F2761F054AEE3B62D941CDFEFCA084FCC1FBA8A99BF58813EACA359E889785206CB545
2026/05/25 16:04:40 serial 1182
2026/05/25 16:04:40 Processing protocol: 0x22 
2026/05/25 16:04:40 ✅ Location - IMEI: 867440069564325, Lat: 22.596314, Lon: 88.572196, Speed: 38, Course: 4034, Serial: 1182
2026/05/25 16:04:40 Connection error: EOF
2026/05/25 16:04:42 Received: B91BCBF1759FA55B20C8C2F9F6EC41BE
2026/05/25 16:04:42 serial 1183
2026/05/25 16:04:42 Processing protocol: 0x13 
2026/05/25 16:04:42 ✅ Heartbeat - IMEI: 867440069564330, Battery: 2, GSM: 5, TermInfo: CAD56A60, Serial: 1183
2026/05/25 16:04:42 Sent response: B4370771C171E45A5C53
2026/05/25 16:04:44 Received: 67857148E671F5A335EA19FE959420586034505A7C1E6B29359ADBC584446CBFE037639D5C3E7B8D
2026/05/25 16:04:44 serial 1184
2026/05/25 16:04:44 Processing protocol: 0x22 
2026/05/25 16:04:44 ✅ Location - IMEI: 867440069564330, Lat: 22.580059, Lon: 88.581152, Speed: 43, Course: 4523, Serial: 1184
2026/05/25 16:04:44 Connection error: EOF
2026/05/25 16:04:46 Received: 555E06A7D3BB08A5AB1BF035E29E5B899536666D2DD293E0C2B9D25B3835D2A33B679E
2026/05/25 16:04:46 serial 1185
2026/05/25 16:04:46 Processing protocol: 0x26 
2026/05/25 16:04:46 ⚠️ Unknown protocol: 0x26
2026/05/25 16:04:46 Connection error: EOF
2026/05/25 16:04:48 Client connected: 125.247.90.175:29028
2026/05/25 16:04:48 Received: 91E42C53E5DFF3CF92FF16A42B6A28477795B5E7
2026/05/25 16:04:48 serial 1186
2026/05/25 16:04:48 Processing protocol: 0x01 
2026/05/25 16:04:48 ✅ Login packet - IMEI: 867440069564321, Serial: 1186
2026/05/25 16:04:48 Sent response: E5AAA780A81176563D6C
2026/05/25 16:04:50 Received: 86D994AE43E04F899A654EC4
2026/05/25 16:04:50 serial 1187
2026/05/25 16:04:50 Processing protocol: 0x94 
2026/05/25 16:04:50 ℹ️ Information transmission packet
2026/05/25 16:04:52 Server listening on :5023
2026/05/25 16:04:52 Connection error: EOF
2026/05/25 16:04:54 Received: 92D05FC002941D271D3062386AF05684AF4C7BA9373CA06D1A0F9E155D06BCE9443796D319C82E25
2026/05/25 16:04:54 serial 1188
2026/05/25 16:04:54 Processing protocol: 0x22 
2026/05/25 16:04:54 ✅ Location - IMEI: 867440069564323, Lat: 22.531242, Lon: 88.407091, Speed: 62, Course: 3147, Serial: 1188
2026/05/25 16:04:56 Received: ECF8BEB6E59776BBD51686F2
2026/05/25 16:04:56 serial 1189
2026/05/25 16:04:56 Processing protocol: 0x94 
2026/05/25 16:04:56 ℹ️ Information transmission packet
2026/05/25 16:04:58 Server listening on :5023
2026/05/25 16:05:00 Server listening on :5023
2026/05/25 16:05:02 Received: ECB22748D6DE28A69F232ACC657A248B
2026/05/25 16:05:02 serial 1190
2026/05/25 16:05:02 Processing protocol: 0x13 
2026/05/25 16:05:02 ✅ Heartbeat - IMEI: 867440069564322, Battery: 1, GSM: 5, TermInfo: D237DA77, Serial: 1190
2026/05/25 16:05:02 Sent response: 45F22B8CF0281C68F493
2026/05/25 16:05:04 Received: A3FF87FE7152F7FA0A2D658A5B430A8879BD01A93F43D24F9C78A82B2203C0E23E282AC27095F1D9
2026/05/25 16:05:04 serial 1191
2026/05/25 16:05:04 Processing protocol: 0x22 
2026/05/25 16:05:04 ✅ Location - IMEI: 867440069564330, Lat: 22.632901, Lon: 88.343464, Speed: 88, Course: 1351, Serial: 1191
2026/05/25 16:05:06 Received: 06D50D505B63F777328A4970D3A7EAAB425B6DEBB5A0C90EFBD0F1E62A48DA99EDAE77B7C4CAA652
2026/05/25 16:05:06 serial 1192
2026/05/25 16:05:06 Processing protocol: 0x22 
2026/05/25 16:05:06 ✅ Location - IMEI: 867440069564330, Lat: 22.519290, Lon: 88.331486, Speed: 62, Course: 5496, Serial: 1192
2026/05/25 16:05:08 Server listening on :5023
2026/05/25 16:05:10 Received: 928EBE992CB1DCFCE8488F946B5C5642DFEFEAD5376DC385DE661011DFDA380C34C78D4F46295ADE
2026/05/25 16:05:10 serial 1193
2026/05/25 16:05:10 Processing protocol: 0x22 
2026/05/25 16:05:10 ✅ Location - IMEI: 867440069564330, Lat: 22.500488, Lon: 88.318981, Speed: 104, Course: 5456, Serial: 1193
2026/05/25 16:05:12 Received: 6BE1663FC1F7E6727AFBAD14
2026/05/25 16:05:12 serial 1194
2026/05/25 16:05:12 Processing protocol: 0x94 
2026/05/25 16:05:12 ℹ️ Information transmission packet
2026/05/25 16:05:14 Server listening on :5023
2026/05/25 16:05:16 Received: 419951459834DBC1B4CE9DDD
2026/05/25 16:05:16 serial 1195
2026/05/25 16:05:16 Processing protocol: 0x94 
2026/05/25 16:05:16 ℹ️ Information transmission packet
2026/05/25 16:05:18 Received: A71AC582CD6E96AA61367A2FE08C8E129D04B12450CCF91E14C5F45F42AD1D269A1DAB
2026/05/25 16:05:18 serial 1196
2026/05/25 16:05:18 Processing protocol: 0x26 
2026/05/25 16:05:18 ⚠️ Unknown protocol: 0x26
2026/05/25 16:05:20 Received: 24A233DBCF854F29E793177A523AFCE1283BC5830FB9938CBB22139414E011747CA84F63AF2822CC
2026/05/25 16:05:20 serial 1197
2026/05/25 16:05:20 Processing protocol: 0x22 
2026/05/25 16:05:20 ✅ Location - IMEI: 867440069564329, Lat: 22.634951, Lon: 88.415031, Speed: 96, Course: 4720, Serial: 1197
2026/05/25 16:05:22 Received: 3AB4CCBCB18CC6C7EF0A201A
2026/05/25 16:05:22 serial 1198
2026/05/25 16:05:22 Processing protocol: 0x94 
2026/05/25 16:05:22 ℹ️ Information transmission packet
2026/05/25 16:05:24 Received: 3B02368154293BB0C232B7C7
2026/05/25 16:05:24 serial 1199
2026/05/25 16:05:24 Processing protocol: 0x94 
2026/05/25 16:05:24 ℹ️ Information transmission packet
2026/05/25 16:05:26 Received: 3F801548F26498328836D512B0C5D61C
2026/05/25 16:05:26 serial 1200
2026/05/25 16:05:26 Processing protocol: 0x13 
2026/05/25 16:05:26 ✅ Heartbeat - IMEI: 867440069564326, Battery: 2, GSM: 2, TermInfo: C5DA85D3, Serial: 1200
2026/05/25 16:05:26 Sent response: F3DEAEE16A068F1DCC89
2026/05/25 16:05:28 Received: 95C2F9CF3811AAF43437474A47FCB0507D9BEB14F285D85D53A8971219383766D5461795B1253A09
2026/05/25 16:05:28 serial 1201
2026/05/25 16:05:28 Processing protocol: 0x22 
2026/05/25 16:05:28 ✅ Location - IMEI: 867440069564325, Lat: 22.679917, Lon: 88.410169, Speed: 73, Course: 5581, Serial: 1201
2026/05/25 16:05:30 Received: B5877A619A4330787086B0171D8BB6CE
2026/05/25 16:05:30 serial 1202
2026/05/25 16:05:30 Processing protocol: 0x13 
2026/05/25 16:05:30 ✅ Heartbeat - IMEI: 867440069564328, Battery: 1, GSM: 2, TermInfo: C36E534F, Serial: 1202
2026/05/25 16:05:30 Sent response: B26219DDA7C87E6C746A
2026/05/25 16:05:32 Server listening on :5023
2026/05/25 16:05:32 Connection error: EOF
2026/05/25 16:05:34 Received: 5ABCE3782D40093522551539393177C4400F9B2D3EA0A37705BA45D01CDE3255E0759A
2026/05/25 16:05:34 serial 1203
2026/05/25 16:05:34 Processing protocol: 0x26 
2026/05/25 16:05:34 ⚠️ Unknown protocol: 0x26
2026/05/25 16:05:36 Received: AD8617B915AA76E2039FF23C779F1E7C0534D2B3F998C3F27002578ACAF38F9457F96A38867D787F
2026/05/25 16:05:36 serial 1204
2026/05/25 16:05:36 Processing protocol: 0x22 
2026/05/25 16:05:36 ✅ Location - IMEI: 867440069564326, Lat: 22.589181, Lon: 88.335928, Speed: 3, Course: 5675, Serial: 1204
2026/05/25 16:05:38 Received: 394E76D2061D007811127935
2026/05/25 16:05:38 serial 1205
2026/05/25 16:05:38 Processing protocol: 0x94 
2026/05/25 16:05:38 ℹ️ Information transmission packet
2026/05/25 16:05:40 Received: CCAA0E488EA7567F9B0741C3
2026/05/25 16:05:40 serial 1206
2026/05/25 16:05:40 Processing protocol: 0x94 
2026/05/25 16:05:40 ℹ️ Information transmission packet
2026/05/25 16:05:42 Received: 48CB54698F54ABE58414730DEC8015A67ED841A24546ED3DED1474A358E1CF6444B519
2026/05/25 16:05:42 serial 1207
2026/05/25 16:05:42 Processing protocol: 0x26 
2026/05/25 16:05:42 ⚠️ Unknown protocol: 0x26
2026/05/25 16:05:44 Received: ED74CA3D545729285C6A1A59204E8CC0
2026/05/25 16:05:44 serial 1208
2026/05/25 16:05:44 Processing protocol: 0x13 
2026/05/25 16:05:44 ✅ Heartbeat - IMEI: 867440069564322, Battery: 5, GSM: 1, TermInfo: C44C10A9, Serial: 1208
2026/05/25 16:05:44 Sent response: 6451EA97C817981AB9F8
2026/05/25 16:05:46 Client connected: 14.104.148.124:14194
2026/05/25 16:05:46 Received: 569AA8AB834A7F51B756043D1CE72846D263206C
2026/05/25 16:05:46 serial 1209
2026/05/25 16:05:46 Processing protocol: 0x01 
2026/05/25 16:05:46 ✅ Login packet - IMEI: 867440069564323, Serial: 1209
2026/05/25 16:05:46 Sent response: 3727CF4BFE0941E4980E
2026/05/25 16:05:48 Server listening on :5023
2026/05/25 16:05:50 Client connected: 212.150.101.198:22721
2026/05/25 16:05:50 Received: 9C11A5CE318094775C383F9C6AB17EFE76423D8A
2026/05/25 16:05:50 serial 1210
2026/05/25 16:05:50 Processing protocol: 0x01 
2026/05/25 16:05:50 ✅ Login packet - IMEI: 867440069564324, Serial: 1210
2026/05/25 16:05:50 Sent response: F513DFF648332C42089F
2026/05/25 16:05:52 Received: 8AC645F49B0ADF0D52DEBA6340E4504C
2026/05/25 16:05:52 serial 1211
2026/05/25 16:05:52 Processing protocol: 0x13 
2026/05/25 16:05:52 ✅ Heartbeat - IMEI: 867440069564325, Battery: 6, GSM: 2, TermInfo: DF468278, Serial: 1211
2026/05/25 16:05:52 Sent response: 210CAF0BC7B5D6D1CE21
2026/05/25 16:05:54 Received: C1E66386A4E7D4955832C07BF7E29A86F028886AAB8C73CE3920A7DBA5DFDE5ED20CB8
2026/05/25 16:05:54 serial 1212
2026/05/25 16:05:54 Processing protocol: 0x26 
2026/05/25 16:05:54 ⚠️ Unknown protocol: 0x26
2026/05/25 16:05:54 Connection error: EOF
2026/05/25 16:05:56 Received: C8E1A230D13FE972B5FC08E4C54B8EB9072840DBDD7A5A83952D826F0D9C7633A9D0EA7E86C9ECF2
2026/05/25 16:05:56 serial 1213
2026/05/25 16:05:56 Processing protocol: 0x22 
2026/05/25 16:05:56 ✅ Location - IMEI: 867440069564324, Lat: 22.545135, Lon: 88.430521, Speed: 96, Course: 4821, Serial: 1213
2026/05/25 16:05:58 Received: 08531191D7D79B43EAAC92EACEAEC1CF
2026/05/25 16:05:58 serial 1214
2026/05/25 16:05:58 Processing protocol: 0x13 
2026/05/25 16:05:58 ✅ Heartbeat - IMEI: 867440069564328, Battery: 4, GSM: 3, TermInfo: 3399D0F0, Serial: 1214
2026/05/25 16:05:58 Sent response: 12E824A9B107FAFA38D8
2026/05/25 16:06:00 Server listening on :5023
2026/05/25 16:06:00 Connection error: EOF
2026/05/25 16:06:02 Received: F2FB5F0DA70D97EB83DE9BF2A757DBDD
2026/05/25 16:06:02 serial 1215
2026/05/25 16:06:02 Processing protocol: 0x13 
2026/05/25 16:06:02 ✅ Heartbeat - IMEI: 867440069564323, Battery: 5, GSM: 1, TermInfo: 39174A35, Serial: 1215
2026/05/25 16:06:02 Sent response: B55A47188969E06E6AEF
2026/05/25 16:06:04 Received: 30F32DDDFB2B50F26D8CA44B1A5B97E5
2026/05/25 16:06:04 serial 1216
2026/05/25 16:06:04 Processing protocol: 0x13 
2026/05/25 16:06:04 ✅ Heartbeat - IMEI: 867440069564329, Battery: 1, GSM: 3, TermInfo: B1F4ECE2, Serial: 1216
2026/05/25 16:06:04 Sent response: BE95FB2E33F40EB7A57E
2026/05/25 16:06:06 Received: 927D41EC8B4F54B44288762712BC9643CBBF59435AF7BE5BF91DE4B8A0262CBE867DB65F940C0C83
2026/05/25 16:06:06 serial 1217
2026/05/25 16:06:06 Processing protocol: 0x22 
2026/05/25 16:06:06 ✅ Location - IMEI: 867440069564329, Lat: 22.655045, Lon: 88.411098, Speed: 87, Course: 2061, Serial: 1217
2026/05/25 16:06:08 Received: 62DF8E1E9FC3B4F57457F9F0
2026/05/25 16:06:08 serial 1218
2026/05/25 16:06:08 Processing protocol: 0x94 
2026/05/25 16:06:08 ℹ️ Information transmission packet
2026/05/25 16:06:08 Connection error: EOF
2026/05/25 16:06:10 Received: B04CF3C457030361C46F7355
2026/05/25 16:06:10 serial 1219
2026/05/25 16:06:10 Processing protocol: 0x94 
2026/05/25 16:06:10 ℹ️ Information transmission packet
2026/05/25 16:06:12 Received: DC97B4CD0F7F7488042070272BEA77DC94575C3D264DB401244120FBD6EFEE54923059
2026/05/25 16:06:12 serial 1220
2026/05/25 16:06:12 Processing protocol: 0x26 
2026/05/25 16:06:12 ⚠️ Unknown protocol: 0x26
2026/05/25 16:06:14 Client connected: 149.194.236.61:23467
2026/05/25 16:06:14 Received: 0D6952A1F3BA3FBAF546DCE14C8E7BC14968B881
2026/05/25 16:06:14 serial 1221
2026/05/25 16:06:14 Processing protocol: 0x01 
2026/05/25 16:06:14 ✅ Login packet - IMEI: 867440069564324, Serial: 1221
2026/05/25 16:06:14 Sent response: 8A37B9EB479FF441F81F
2026/05/25 16:06:16 Server listening on :5023
2026/05/25 16:06:18 Received: B4CF0626DED2871CCFA2A63A651921320C74EA3B7A78655E348E02A7273212A683338B320B365671
2026/05/25 16:06:18 serial 1222
2026/05/25 16:06:18 Processing protocol: 0x22 
2026/05/25 16:06:18 ✅ Location - IMEI: 867440069564328, Lat: 22.539392, Lon: 88.365773, Speed: 29, Course: 4484, Serial: 1222
2026/05/25 16:06:20 Client connected: 71.158.32.102:30350
2026/05/25 16:06:20 Received: 030EF5647A4AC74025179C4196B0033AFCD094BE
2026/05/25 16:06:20 serial 1223
2026/05/25 16:06:20 Processing protocol: 0x01 
2026/05/25 16:06:20 ✅ Login packet - IMEI: 867440069564321, Serial: 1223
2026/05/25 16:06:20 Sent response: BA3BBB7892793E68436A
2026/05/25 16:06:22 Received: 83B2406B87C56B052562B5EC26203EF77EA1568380DFAB246F10DFC3C2DB4CADE80770
2026/05/25 16:06:22 serial 1224
2026/05/25 16:06:22 Processing protocol: 0x26 
2026/05/25 16:06:22 ⚠️ Unknown protocol: 0x26
2026/05/25 16:06:24 Received: A42BB6B3577EC18226DB7B3BF662B6D02E902898F3D160DD584478C53F3D27C547303A841F27285B
2026/05/25 16:06:24 serial 1225
2026/05/25 16:06:24 Processing protocol: 0x22 
2026/05/25 16:06:24 ✅ Location - IMEI: 867440069564330, Lat: 22.665203, Lon: 88.493796, Speed: 102, Course: 2576, Serial: 1225
2026/05/25 16:06:26 Server listening on :5023
2026/05/25 16:06:28 Received: 560F6CBEE0AB4BBB444EE6CD
2026/05/25 16:06:28 serial 1226
2026/05/25 16:06:28 Processing protocol: 0x94 
2026/05/25 16:06:28 ℹ️ Information transmission packet
2026/05/25 16:06:30 Server listening on :5023
2026/05/25 16:06:32 Received: 053B4350ABFD7810F8520F5131D2F9599CFC279D8190FA8F46926F8308331F689E592D6DE3D50A2F
2026/05/25 16:06:32 serial 1227
2026/05/25 16:06:32 Processing protocol: 0x22 
2026/05/25 16:06:32 ✅ Location - IMEI: 867440069564324, Lat: 22.642395, Lon: 88.303958, Speed: 22, Course: 5102, Serial: 1227
2026/05/25 16:06:34 Received: 51D7A5A91C8B32365B2A8BF281DDB1E80ACFB9BA2BF694BCAE0AD58AE20889AC41E105
2026/05/25 16:06:34 serial 1228
2026/05/25 16:06:34 Processing protocol: 0x26 
2026/05/25 16:06:34 ⚠️ Unknown protocol: 0x26
2026/05/25 16:06:36 Received: FD7C84CA895B125AFDBEEB2D
2026/05/25 16:06:36 serial 1229
2026/05/25 16:06:36 Processing protocol: 0x94 
2026/05/25 16:06:36 ℹ️ Information transmission packet
2026/05/25 16:06:36 Connection error: EOF
2026/05/25 16:06:38 Server listening on :5023
2026/05/25 16:06:40 Received: 6CDF7074E961BC063D6C12053D25C933E9BC5355CD28201E85EF7C51783A110E6375705939EAD675
2026/05/25 16:06:40 serial 1230
2026/05/25 16:06:40 Processing protocol: 0x22 
2026/05/25 16:06:40 ✅ Location - IMEI: 867440069564321, Lat: 22.599035, Lon: 88.461556, Speed: 84, Course: 4374, Serial: 1230
2026/05/25 16:06:42 Received: 794248143C236A36F96ACF20C7362711089C33B5723EA389B012E77CC82AEEC4E393B3
2026/05/25 16:06:42 serial 1231
2026/05/25 16:06:42 Processing protocol: 0x26 
2026/05/25 16:06:42 ⚠️ Unknown protocol: 0x26
2026/05/25 16:06:44 Received: 0E059D0610C46BF0B84E9F91949F342F
2026/05/25 16:06:44 serial 1232
2026/05/25 16:06:44 Processing protocol: 0x13 
2026/05/25 16:06:44 ✅ Heartbeat - IMEI: 867440069564322, Battery: 5, GSM: 3, TermInfo: A2553423, Serial: 1232
2026/05/25 16:06:44 Sent response: 0D6217E60BA5B61E9C18
2026/05/25 16:06:46 Client connected: 255.254.26.79:40868
2026/05/25 16:06:46 Received: A93548D4B46754BF2DE1CC8787B5A227141D053B
2026/05/25 16:06:46 serial 1233
2026/05/25 16:06:46 Processing protocol: 0x01 
2026/05/25 16:06:46 ✅ Login packet - IMEI: 867440069564327, Serial: 1233
2026/05/25 16:06:46 Sent response: 19D29A3F7DC8484B805A
2026/05/25 16:06:48 Received: 70D08CF979A9AAB33BAF5A7B6A7FFDF4FAB5E40A6D00187C82059C6489CD500BCD17773EB24598BB
2026/05/25 16:06:48 serial 1234
2026/05/25 16:06:48 Processing protocol: 0x22 
2026/05/25 16:06:48 ✅ Location - IMEI: 867440069564322, Lat: 22.528267, Lon: 88.455479, Speed: 17, Course: 3058, Serial: 1234
2026/05/25 16:06:50 Received: 261877FFDC8F601C2540EFE6BC3339709A046D784166847F3A4C936E305C9ADBB48B2D
2026/05/25 16:06:50 serial 1235
2026/05/25 16:06:50 Processing protocol: 0x26 
2026/05/25 16:06:50 ⚠️ Unknown protocol: 0x26
2026/05/25 16:06:52 Server listening on :5023
2026/05/25 16:06:54 Client connected: 33.161.86.221:16769
2026/05/25 16:06:54 Received: F3377FC820FB9078F5B3CDB36D9B149CF881124B
2026/05/25 16:06:54 serial 1236
2026/05/25 16:06:54 Processing protocol: 0x01 
2026/05/25 16:06:54 ✅ Login packet - IMEI: 867440069564324, Serial: 1236
2026/05/25 16:06:54 Sent response: F529B9F34AD21B474D4B
2026/05/25 16:06:56 Received: 183C5BFADF8A25FC30C129AAEAE201C0
2026/05/25 16:06:56 serial 1237
2026/05/25 16:06:56 Processing protocol: 0x13 
2026/05/25 16:06:56 ✅ Heartbeat - IMEI: 867440069564322, Battery: 1, GSM: 3, TermInfo: 1E903446, Serial: 1237
2026/05/25 16:06:56 Sent response: E54E93DB8F5AB2CEBD2A
2026/05/25 16:06:58 Received: BA8DF0AD14AD3F8464B429B9E8D2133419CEBFA435FA0C682178AF9F2288259AC4416E
2026/05/25 16:06:58 serial 1238
2026/05/25 16:06:58 Processing protocol: 0x26 
2026/05/25 16:06:58 ⚠️ Unknown protocol: 0x26
2026/05/25 16:06:58 Connection error: EOF
2026/05/25 16:07:00 Received: 22CAD6AF209B1D1824830454BA4B91DD63F214599A52D0D486390F12058B44D625931A7CF5EA7A5E
2026/05/25 16:07:00 serial 1239
2026/05/25 16:07:00 Processing protocol: 0x22 
2026/05/25 16:07:00 ✅ Location - IMEI: 867440069564329, Lat: 22.662591, Lon: 88.438751, Speed: 15, Course: 5780, Serial: 1239
2026/05/25 16:07:02 Received: 4AFCC8AAA31B852F7D7E76D73FDFA687
2026/05/25 16:07:02 serial 1240
2026/05/25 16:07:02 Processing protocol: 0x13 
2026/05/25 16:07:02 ✅ Heartbeat - IMEI: 867440069564321, Battery: 4, GSM: 1, TermInfo: 35D87F5F, Serial: 1240
2026/05/25 16:07:02 Sent response: 53F1C3550B0933B22972
2026/05/25 16:07:02 Connection error: EOF
2026/05/25 16:07:04 Received: ED67A87700D8A4BE773C74663A6786E6
2026/05/25 16:07:04 serial 1241
2026/05/25 16:07:04 Processing protocol: 0x13 
2026/05/25 16:07:04 ✅ Heartbeat - IMEI: 867440069564321, Battery: 6, GSM: 2, TermInfo: 81F1F530, Serial: 1241
2026/05/25 16:07:04 Sent response: E528D1486977A1192FB6
2026/05/25 16:07:06 Received: DE903231069223ED9A2BF50A0D7AEB04
2026/05/25 16:07:06 serial 1242
2026/05/25 16:07:06 Processing protocol: 0x13 
2026/05/25 16:07:06 ✅ Heartbeat - IMEI: 867440069564326, Battery: 4, GSM: 2, TermInfo: D9C42572, Serial: 1242
2026/05/25 16:07:06 Sent response: A5F74A3F05D5EC03ECCE
2026/05/25 16:07:08 Received: 68C02709E2834D178B0995A782BB1D1DC4B4BDF2545067AFB710DEB9023A6D2FE8AD0F
2026/05/25 16:07:08 serial 1243
2026/05/25 16:07:08 Processing protocol: 0x26 
2026/05/25 16:07:08 ⚠️ Unknown protocol: 0x26
2026/05/25 16:07:10 Client connected: 30.186.158.80:40311
2026/05/25 16:07:10 Received: 2C0F939ABD901AD48152E4EF0AA113DBA2868D50
2026/05/25 16:07:10 serial 1244
2026/05/25 16:07:10 Processing protocol: 0x01 
2026/05/25 16:07:10 ✅ Login packet - IMEI: 867440069564322, Serial: 1244
2026/05/25 16:07:10 Sent response: 8EBB7B6A7728A0A011CD
2026/05/25 16:07:12 Client connected: 99.20.232.236:53871
2026/05/25 16:07:12 Received: 9A8CB137B022D540FC3BF92686520DECEFF1A260
2026/05/25 16:07:12 serial 1245
2026/05/25 16:07:12 Processing protocol: 0x01 
2026/05/25 16:07:12 ✅ Login packet - IMEI: 867440069564321, Serial: 1245
2026/05/25 16:07:12 Sent response: C97CC3CB2B8FBE37D27F
2026/05/25 16:07:14 Client connected: 223.216.237.142:25033
2026/05/25 16:07:14 Received: FC4DD09D2D59D357C07AA56C3E1991B639E5A4DD
2026/05/25 16:07:14 serial 1246
2026/05/25 16:07:14 Processing protocol: 0x01 
2026/05/25 16:07:14 ✅ Login packet - IMEI: 867440069564329, Serial: 1246
2026/05/25 16:07:14 Sent response: 8C7D417B51FF4C122C1B
2026/05/25 16:07:16 Received: 1AF7E5AED0A7DABE3B08B79DCDAE7764
2026/05/25 16:07:16 serial 1247
2026/05/25 16:07:16 Processing protocol: 0x13 
2026/05/25 16:07:16 ✅ Heartbeat - IMEI: 867440069564322, Battery: 2, GSM: 2, TermInfo: B12094AF, Serial: 1247
2026/05/25 16:07:16 Sent response: 7F44509B41F1350C5E92
2026/05/25 16:07:18 Received: DAC377940A7EC85BD7C2D6F8DE74432F40F4EDAEEAA523C088B33E314EE9F4C4A68631CADB4AFB76
2026/05/25 16:07:18 serial 1248
2026/05/25 16:07:18 Processing protocol: 0x22 
2026/05/25 16:07:18 ✅ Location - IMEI: 867440069564325, Lat: 22.560792, Lon: 88.376100, Speed: 65, Course: 5377, Serial: 1248
2026/05/25 16:07:20 Received: 8F8E21BDE23146DAABF26691
2026/05/25 16:07:20 serial 1249
2026/05/25 16:07:20 Processing protocol: 0x94 
2026/05/25 16:07:20 ℹ️ Information transmission packet
2026/05/25 16:07:22 Received: 6E9C5F4039E8E3B8CF195839902D25BDAF26F7198F30C45020A30D9ED70902F4989B416A29445BC4
2026/05/25 16:07:22 serial 1250
2026/05/25 16:07:22 Processing protocol: 0x22 
2026/05/25 16:07:22 ✅ Location - IMEI: 867440069564323, Lat: 22.669562, Lon: 88.489657, Speed: 54, Course: 4891, Serial: 1250
2026/05/25 16:07:24 Server listening on :5023
2026/05/25 16:07:26 Received: 3890C50F262E3382CDC743C7FA8B187BC81A385954F753C6E3C60BD940CAF8736FF457DB3EFFACFE
2026/05/25 16:07:26 serial 1251
2026/05/25 16:07:26 Processing protocol: 0x22 
2026/05/25 16:07:26 ✅ Location - IMEI: 867440069564329, Lat: 22.583906, Lon: 88.553205, Speed: 51, Course: 3898, Serial: 1251
2026/05/25 16:07:28 Client connected: 229.231.35.236:18871
2026/05/25 16:07:28 Received: 04523AF8115EA7D3A290D582A11119B3F80D798A
2026/05/25 16:07:28 serial 1252
2026/05/25 16:07:28 Processing protocol: 0x01 
2026/05/25 16:07:28 ✅ Login packet - IMEI: 867440069564321, Serial: 1252
2026/05/25 16:07:28 Sent response: C361666AD99F08691B77
2026/05/25 16:07:30 Received: 8433C8772EC363517E0C2D7763937931CF1D72CF9CD2615C846D8566A0228262150034DD36548868
2026/05/25 16:07:30 serial 1253
2026/05/25 16:07:30 Processing protocol: 0x22 
2026/05/25 16:07:30 ✅ Location - IMEI: 867440069564328, Lat: 22.509580, Lon: 88.346586, Speed: 76, Course: 4269, Serial: 1253
2026/05/25 16:07:32 Received: 18E1A4CD96BA2F902B3B73BA70DB044CCFFF865441E9B7DE40CCDF99513B9F85475876
2026/05/25 16:07:32 serial 1254
2026/05/25 16:07:32 Processing protocol: 0x26 
2026/05/25 16:07:32 ⚠️ Unknown protocol: 0x26
2026/05/25 16:07:34 Received: 079E6E095D1E8CB29B826AEA6FCE5506F65B8EC31966CC41983BC772197F95D19B120B
2026/05/25 16:07:34 serial 1255
2026/05/25 16:07:34 Processing protocol: 0x26 
2026/05/25 16:07:34 ⚠️ Unknown protocol: 0x26
2026/05/25 16:07:36 Received: 4E695E2BA0C71E6D254DD28E92FDE560
2026/05/25 16:07:36 serial 1256
2026/05/25 16:07:36 Processing protocol: 0x13 
2026/05/25 16:07:36 ✅ Heartbeat - IMEI: 867440069564330, Battery: 5, GSM: 1, TermInfo: 475F324A, Serial: 1256
2026/05/25 16:07:36 Sent response: 5B743D28EE430117E25A
2026/05/25 16:07:38 Received: EA0A3C075401A870BBD79FF57D221357BD82CD833A822ED132A4065D3B2E31E0BEF120
2026/05/25 16:07:38 serial 1257
2026/05/25 16:07:38 Processing protocol: 0x26 
2026/05/25 16:07:38 ⚠️ Unknown protocol: 0x26
2026/05/25 16:07:38 Connection error: EOF
2026/05/25 16:07:40 Received: 6ECE84AE8054ACF497B2684B3CC5C280
2026/05/25 16:07:40 serial 1258
2026/05/25 16:07:40 Processing protocol: 0x13 
2026/05/25 16:07:40 ✅ Heartbeat - IMEI: 867440069564321, Battery: 2, GSM: 2, TermInfo: 527E89FE, Serial: 1258
2026/05/25 16:07:40 Sent response: BB1798A01E98CF67A504
2026/05/25 16:07:42 Received: FF97D1053DA6CED7FEDD784390F47DE7AC5523F245E3638B8C37BE963926F68E5BAE67
2026/05/25 16:07:42 serial 1259
2026/05/25 16:07:42 Processing protocol: 0x26 
2026/05/25 16:07:42 ⚠️ Unknown protocol: 0x26
2026/05/25 16:07:44 Client connected: 91.45.80.85:55205
2026/05/25 16:07:44 Received: 5DFDBD5D88977502A62E7506C4AF1235D45ED70A
2026/05/25 16:07:44 serial 1260
2026/05/25 16:07:44 Processing protocol: 0x01 
2026/05/25 16:07:44 ✅ Login packet - IMEI: 867440069564324, Serial: 1260
2026/05/25 16:07:44 Sent response: 7C16836E3F7F3FF039BE
2026/05/25 16:07:46 Received: A29D18A21E7F5D8187DB38107F02F934BF247B67EAB14ADAEA01D5FDFE2A2834B6A06CFE00EBE601
2026/05/25 16:07:46 serial 1261
2026/05/25 16:07:46 Processing protocol: 0x22 
2026/05/25 16:07:46 ✅ Location - IMEI: 867440069564325, Lat: 22.608379, Lon: 88.333145, Speed: 14, Course: 4265, Serial: 1261
2026/05/25 16:07:48 Received: 1CF9BCF1E7419970429BF73908069EB66ED62F0E6A49D3848270F49737249BBE6C47D0
2026/05/25 16:07:48 serial 1262
2026/05/25 16:07:48 Processing protocol: 0x26 
2026/05/25 16:07:48 ⚠️ Unknown protocol: 0x26
2026/05/25 16:07:50 Server listening on :5023
2026/05/25 16:07:52 Received: FF72180889FB1FF51D5C3BA5429DE709C0FEB5DA6485AE7F523964BFABF8E09498E7C0
2026/05/25 16:07:52 serial 1263
2026/05/25 16:07:52 Processing protocol: 0x26 
2026/05/25 16:07:52 ⚠️ Unknown protocol: 0x26
2026/05/25 16:07:54 Server listening on :5023
2026/05/25 16:07:56 Received: A483D27E84CF1323BDF3DA026942B340
2026/05/25 16:07:56 serial 1264
2026/05/25 16:07:56 Processing protocol: 0x13 
2026/05/25 16:07:56 ✅ Heartbeat - IMEI: 867440069564327, Battery: 2, GSM: 4, TermInfo: 6C65C971, Serial: 1264
2026/05/25 16:07:56 Sent response: 4C38AE7C7D5090975D88
2026/05/25 16:07:58 Received: 70A3F6D2290C082E5DA4E4CD
2026/05/25 16:07:58 serial 1265
2026/05/25 16:07:58 Processing protocol: 0x94 
2026/05/25 16:07:58 ℹ️ Information transmission packet
2026/05/25 16:08:00 Received: 5380F2BF2A229222F84FB054F5A3C360
2026/05/25 16:08:00 serial 1266
2026/05/25 16:08:00 Processing protocol: 0x13 
2026/05/25 16:08:00 ✅ Heartbeat - IMEI: 867440069564325, Battery: 3, GSM: 4, TermInfo: 9AA6D721, Serial: 1266
2026/05/25 16:08:00 Sent response: 90864ED7B40ABBD6D358
2026/05/25 16:08:02 Received: 41AD8B76B61E4452F598783C0A65C17EA5B981ECA612C22F42C9D5738C1E005E31A45A9EB64F90A5
2026/05/25 16:08:02 serial 1267
2026/05/25 16:08:02 Processing protocol: 0x22 
2026/05/25 16:08:02 ✅ Location - IMEI: 867440069564330, Lat: 22.521162, Lon: 88.370709, Speed: 119, Course: 2015, Serial: 1267
2026/05/25 16:08:02 Connection error: EOF
2026/05/25 16:08:04 Server listening on :5023
2026/05/25 16:08:06 Received: ECC3331B231665A298C81EFAB6449216
2026/05/25 16:08:06 serial 1268
2026/05/25 16:08:06 Processing protocol: 0x13 
2026/05/25 16:08:06 ✅ Heartbeat - IMEI: 867440069564329, Battery: 6, GSM: 2, TermInfo: 45F54D18, Serial: 1268
2026/05/25 16:08:06 Sent response: 8332F1336CEF9FF25521
2026/05/25 16:08:08 Client connected: 62.26.198.253:38198
2026/05/25 16:08:08 Received: E3F5B967A2E9C85A779550331E4BF8EECFE9E609
2026/05/25 16:08:08 serial 1269
2026/05/25 16:08:08 Processing protocol: 0x01 
2026/05/25 16:08:08 ✅ Login packet - IMEI: 867440069564321, Serial: 1269
2026/05/25 16:08:08 Sent response: 4A907B8A7B51989D2C4B
2026/05/25 16:08:10 Received: EA2AB9C235A9D273555CD30B
2026/05/25 16:08:10 serial 1270
2026/05/25 16:08:10 Processing protocol: 0x94 
2026/05/25 16:08:10 ℹ️ Information transmission packet
2026/05/25 16:08:12 Received: E2141E5CC879B7EEED2BD1F1831CA5A8702222E4997E1FF46804214B90C9BC8C4E58A7
2026/05/25 16:08:12 serial 1271
2026/05/25 16:08:12 Processing protocol: 0x26 
2026/05/25 16:08:12 ⚠️ Unknown protocol: 0x26
2026/05/25 16:08:14 Client connected: 74.2.197.13:43158
2026/05/25 16:08:14 Received: CFC00A2B88BD1251D605D5E2F7981BC11E50857F
2026/05/25 16:08:14 serial 1272
2026/05/25 16:08:14 Processing protocol: 0x01 
2026/05/25 16:08:14 ✅ Login packet - IMEI: 867440069564326, Serial: 1272
2026/05/25 16:08:14 Sent response: 0B7CD15DA903CD98A593
2026/05/25 16:08:16 Received: 9EDB43AB9CAC4D257CD766A8593E2806
2026/05/25 16:08:16 serial 1273
2026/05/25 16:08:16 Processing protocol: 0x13 
2026/05/25 16:08:16 ✅ Heartbeat - IMEI: 867440069564326, Battery: 4, GSM: 4, TermInfo: EF80E0A2, Serial: 1273
2026/05/25 16:08:16 Sent response: F52A1435D4306A6F2415
2026/05/25 16:08:18 Received: 4EC5E036961BA0549AA1205A596D60E3
2026/05/25 16:08:18 serial 1274
2026/05/25 16:08:18 Processing protocol: 0x13 
2026/05/25 16:08:18 ✅ Heartbeat - IMEI: 867440069564326, Battery: 4, GSM: 4, TermInfo: 0C388A0F, Serial: 1274
2026/05/25 16:08:18 Sent response: C5E71D78D8F9BD362403
2026/05/25 16:08:20 Received: 95FB01D37DE3472300246A45BE9A41A9
2026/05/25 16:08:20 serial 1275
2026/05/25 16:08:20 Processing protocol: 0x13 
2026/05/25 16:08:20 ✅ Heartbeat - IMEI: 867440069564325, Battery: 6, GSM: 3, TermInfo: B8217847, Serial: 1275
2026/05/25 16:08:20 Sent response: 44D8910A71680F70DB3F
2026/05/25 16:08:22 Server listening on :5023
2026/05/25 16:08:24 Client connected: 155.13.248.50:16380
2026/05/25 16:08:24 Received: 310D915FDEB70A17EE683A6F45504D240773DCD1
2026/05/25 16:08:24 serial 1276
2026/05/25 16:08:24 Processing protocol: 0x01 
2026/05/25 16:08:24 ✅ Login packet - IMEI: 867440069564327, Serial: 1276
2026/05/25 16:08:24 Sent response: C5E7B39E3A3AEC4F6870
2026/05/25 16:08:26 Received: CB66785C3B27119B195F05563B5533DA
2026/05/25 16:08:26 serial 1277
2026/05/25 16:08:26 Processing protocol: 0x13 
2026/05/25 16:08:26 ✅ Heartbeat - IMEI: 867440069564329, Battery: 1, GSM: 3, TermInfo: C480507B, Serial: 1277
2026/05/25 16:08:26 Sent response: 0A6E5D380B2C6C066E7D
2026/05/25 16:08:28 Client connected: 201.210.242.159:24682
2026/05/25 16:08:28 Received: 32A217F5A8EE8AA2CEDF0F1E836EB325D47A94FC
2026/05/25 16:08:28 serial 1278
2026/05/25 16:08:28 Processing protocol: 0x01 
2026/05/25 16:08:28 ✅ Login packet - IMEI: 867440069564328, Serial: 1278
2026/05/25 16:08:28 Sent response: 73B6A16CC24E778ADC09
2026/05/25 16:08:30 Received: 07C1B8889F99C27A1670ED0D
2026/05/25 16:08:30 serial 1279
2026/05/25 16:08:30 Processing protocol: 0x94 
2026/05/25 16:08:30 ℹ️ Information transmission packet
2026/05/25 16:08:32 Received: 7E9230F79A4DF98DCCB43912A532456F66644E26909689389BAFDBE3F8CBE249D2EBCF
2026/05/25 16:08:32 serial 1280
2026/05/25 16:08:32 Processing protocol: 0x26 
2026/05/25 16:08:32 ⚠️ Unknown protocol: 0x26
2026/05/25 16:08:34 Server listening on :5023
2026/05/25 16:08:36 Server listening on :5023
2026/05/25 16:08:38 Server listening on :5023
2026/05/25 16:08:40 Server listening on :5023
2026/05/25 16:08:42 Received: 8F63CF0A50A8930FFC683AD42D8E32D0
2026/05/25 16:08:42 serial 1281
2026/05/25 16:08:42 Processing protocol: 0x13 
2026/05/25 16:08:42 ✅ Heartbeat - IMEI: 867440069564322, Battery: 1, GSM: 5, TermInfo: E4482B5F, Serial: 1281
2026/05/25 16:08:42 Sent response: C8BE1888AA3B623E4A57
2026/05/25 16:08:44 Received: B572FE70EE36D78E4F07E1A3
2026/05/25 16:08:44 serial 1282
2026/05/25 16:08:44 Processing protocol: 0x94 
2026/05/25 16:08:44 ℹ️ Information transmission packet
2026/05/25 16:08:46 Received: 29E2498234CF11FF569E00D3AE6656D9
2026/05/25 16:08:46 serial 1283
2026/05/25 16:08:46 Processing protocol: 0x13 
2026/05/25 16:08:46 ✅ Heartbeat - IMEI: 867440069564323, Battery: 6, GSM: 5, TermInfo: 84E77CF2, Serial: 1283
2026/05/25 16:08:46 Sent response: 7159306A5EABE6BBC5EE
2026/05/25 16:08:48 Received: 61D17DE9A07B729C989A45DD1C35D93B50DA3A69F7050B968D743500A59DA1DA0B1E3F
2026/05/25 16:08:48 serial 1284
2026/05/25 16:08:48 Processing protocol: 0x26 
2026/05/25 16:08:48 ⚠️ Unknown protocol: 0x26
2026/05/25 16:08:50 Received: 0F6E773009EFCF4A6BF4EB552338F0B6544538F6E6A9CCDD6CA9EAA033E9D75C750599050D137E2F
2026/05/25 16:08:50 serial 1285
2026/05/25 16:08:50 Processing protocol: 0x22 
2026/05/25 16:08:50 ✅ Location - IMEI: 867440069564325, Lat: 22.562939, Lon: 88.328041, Speed: 32, Course: 3913, Serial: 1285
2026/05/25 16:08:52 Server listening on :5023
2026/05/25 16:08:54 Received: 3C84185436E5D4D84518B342166930FA0DD5E6D529700FB8A139BBFFDFB933FCB85872
2026/05/25 16:08:54 serial 1286
2026/05/25 16:08:54 Processing protocol: 0x26 
2026/05/25 16:08:54 ⚠️ Unknown protocol: 0x26
2026/05/25 16:08:56 Client connected: 191.101.230.157:47536
2026/05/25 16:08:56 Received: 3F50254CEFD3C9ABCBA4ED8798FECB369430AA4F
2026/05/25 16:08:56 serial 1287
2026/05/25 16:08:56 Processing protocol: 0x01 
2026/05/25 16:08:56 ✅ Login packet - IMEI: 867440069564324, Serial: 1287
2026/05/25 16:08:56 Sent response: E6B56E2285A397EDA4BC
2026/05/25 16:08:58 Received: 42BDA8BC2B3A02A11612AF3E
2026/05/25 16:08:58 serial 1288
2026/05/25 16:08:58 Processing protocol: 0x94 
2026/05/25 16:08:58 ℹ️ Information transmission packet
2026/05/25 16:09:00 Server listening on :5023
2026/05/25 16:09:02 Received: EF48D5B01EB2D1DC0520B546F1ADBD6BCEF044140AFDF0260BDE3B726120C8F5333C0EFADC5A6152
2026/05/25 16:09:02 serial 1289
2026/05/25 16:09:02 Processing protocol: 0x22 
2026/05/25 16:09:02 ✅ Location - IMEI: 867440069564330, Lat: 22.572843, Lon: 88.595830, Speed: 93, Course: 2000, Serial: 1289
2026/05/25 16:09:02 Connection error: EOF
2026/05/25 16:09:04 Server listening on :5023
2026/05/25 16:09:06 Server listening on :5023
2026/05/25 16:09:08 Received: 8DFACF846E8D923522278DDA0BAAAFC6DCCC73C91C66293CB3840CD37D29871CAA213B
2026/05/25 16:09:08 serial 1290
2026/05/25 16:09:08 Processing protocol: 0x26 
2026/05/25 16:09:08 ⚠️ Unknown protocol: 0x26
2026/05/25 16:09:10 Client connected: 195.162.106.171:15957
2026/05/25 16:09:10 Received: 994EB3C2C434EFE57E160272CBE4F81B2C5384EF
2026/05/25 16:09:10 serial 1291
2026/05/25 16:09:10 Processing protocol: 0x01 
2026/05/25 16:09:10 ✅ Login packet - IMEI: 867440069564321, Serial: 1291
2026/05/25 16:09:10 Sent response: 92786C50994E0B28818D
2026/05/25 16:09:12 Received: 0F0BBFFC85D25F86453B9885
2026/05/25 16:09:12 serial 1292
2026/05/25 16:09:12 Processing protocol: 0x94 
2026/05/25 16:09:12 ℹ️ Information transmission packet
2026/05/25 16:09:14 Client connected: 41.216.97.18:54400
2026/05/25 16:09:14 Received: 7997E13D4909CD53732E8B3F729D935B682FBC62
2026/05/25 16:09:14 serial 1293
2026/05/25 16:09:14 Processing protocol: 0x01 
2026/05/25 16:09:14 ✅ Login packet - IMEI: 867440069564326, Serial: 1293
2026/05/25 16:09:14 Sent response: 4056BFEBE6CE2308D3F5
2026/05/25 16:09:16 Client connected: 249.254.241.97:40131
2026/05/25 16:09:16 Received: 3E2DD9FE9B797B6A804BBBA40A22AC9D33E460DE
2026/05/25 16:09:16 serial 1294
2026/05/25 16:09:16 Processing protocol: 0x01 
2026/05/25 16:09:16 ✅ Login packet - IMEI: 867440069564324, Serial: 1294
2026/05/25 16:09:16 Sent response: 92A6BA73AB61B491B007
2026/05/25 16:09:18 Received: 399B519CDE49045025BD64228D8E4F2D
2026/05/25 16:09:18 serial 1295
2026/05/25 16:09:18 Processing protocol: 0x13 
2026/05/25 16:09:18 ✅ Heartbeat - IMEI: 867440069564324, Battery: 6, GSM: 3, TermInfo: 8CA65ABE, Serial: 1295
2026/05/25 16:09:18 Sent response: D1A47E4D5E6A6A75D624
2026/05/25 16:09:20 Client connected: 139.192.154.8:46744
2026/05/25 16:09:20 Received: 4160D3AB4F90AA97DF8E80D023B03145E7B57F45
2026/05/25 16:09:20 serial 1296
2026/05/25 16:09:20 Processing protocol: 0x01 
2026/05/25 16:09:20 ✅ Login packet - IMEI: 867440069564323, Serial: 1296
2026/05/25 16:09:20 Sent response: 863B2561059DF0AC4E8D
2026/05/25 16:09:22 Client connected: 99.113.199.187:34365
2026/05/25 16:09:22 Received: 5722217217EC930F7EF88D07D56E9CDED6744A41
2026/05/25 16:09:22 serial 1297
2026/05/25 16:09:22 Processing protocol: 0x01 
2026/05/25 16:09:22 ✅ Login packet - IMEI: 867440069564322, Serial: 1297
2026/05/25 16:09:22 Sent response: 5B2D858746BB437CC43F
2026/05/25 16:09:24 Received: 0AE4A94082C0800258DEEF388496DE56
2026/05/25 16:09:24 serial 1298
2026/05/25 16:09:24 Processing protocol: 0x13 
2026/05/25 16:09:24 ✅ Heartbeat - IMEI: 867440069564323, Battery: 5, GSM: 2, TermInfo: 4851253E, Serial: 1298
2026/05/25 16:09:24 Sent response: F8F702E936AFA56B4CAC
2026/05/25 16:09:26 Client connected: 166.221.144.105:34492
2026/05/25 16:09:26 Received: D2A84E5A192B051DE09701EBDAADAD1C5D17EB12
2026/05/25 16:09:26 serial 1299
2026/05/25 16:09:26 Processing protocol: 0x01 
2026/05/25 16:09:26 ✅ Login packet - IMEI: 867440069564321, Serial: 1299
2026/05/25 16:09:26 Sent response: DB14BFDDF3FA19FFB703
2026/05/25 16:09:28 Server listening on :5023
2026/05/25 16:09:30 Received: C116334024A00939FE391894749499393DA332B9075D86E4074E7C36A686AC5B6A05C9
2026/05/25 16:09:30 serial 1300
2026/05/25 16:09:30 Processing protocol: 0x26 
2026/05/25 16:09:30 ⚠️ Unknown protocol: 0x26
2026/05/25 16:09:32 Server listening on :5023
2026/05/25 16:09:32 Connection error: EOF
2026/05/25 16:09:34 Client connected: 189.173.177.27:13344
2026/05/25 16:09:34 Received: C4017845FF9B9765B4EF0A16965722CF83562F12
2026/05/25 16:09:34 serial 1301
2026/05/25 16:09:34 Processing protocol: 0x01 
2026/05/25 16:09:34 ✅ Login packet - IMEI: 867440069564325, Serial: 1301
2026/05/25 16:09:34 Sent response: 52BAFF7CED4961ED0A22
2026/05/25 16:09:36 Received: D9A00493871C33F8DC7A8596F09A3D43
2026/05/25 16:09:36 serial 1302
2026/05/25 16:09:36 Processing protocol: 0x13 
2026/05/25 16:09:36 ✅ Heartbeat - IMEI: 867440069564326, Battery: 1, GSM: 3, TermInfo: 97BA6742, Serial: 1302
2026/05/25 16:09:36 Sent response: 30B806CED711FC0B3ECF
2026/05/25 16:09:38 Received: B4704764D062E4FEE111AB8C154889F6
2026/05/25 16:09:38 serial 1303
2026/05/25 16:09:38 Processing protocol: 0x13 
2026/05/25 16:09:38 ✅ Heartbeat - IMEI: 867440069564326, Battery: 3, GSM: 2, TermInfo: C2F8A4EF, Serial: 1303
2026/05/25 16:09:38 Sent response: BD6F8A9786F04FCD8D90
2026/05/25 16:09:40 Received: 4AB027E48D115C0DF86E9FC1
2026/05/25 16:09:40 serial 1304
2026/05/25 16:09:40 Processing protocol: 0x94 
2026/05/25 16:09:40 ℹ️ Information transmission packet
2026/05/25 16:09:42 Server listening on :5023
2026/05/25 16:09:44 Client connected: 210.15.14.205:13426
2026/05/25 16:09:44 Received: AA9C54DAE1F5150F4C2A6CE467A6F262010774BA
2026/05/25 16:09:44 serial 1305
2026/05/25 16:09:44 Processing protocol: 0x01 
2026/05/25 16:09:44 ✅ Login packet - IMEI: 867440069564323, Serial: 1305
2026/05/25 16:09:44 Sent response: C5BCE0C9C25B8312451C
2026/05/25 16:09:46 Received: 4ABABF4BD74DEF91E968E8FE6EE0E0CA1A4025D6E3959ABD3AD60B5E2AAADE922EEBFF
2026/05/25 16:09:46 serial 1306
2026/05/25 16:09:46 Processing protocol: 0x26 
2026/05/25 16:09:46 ⚠️ Unknown protocol: 0x26
2026/05/25 16:09:48 Server listening on :5023
2026/05/25 16:09:50 Client connected: 67.97.49.16:49255
2026/05/25 16:09:50 Received: BDC4B6969D297B808AAEDC00B6BE5787F22EEB0D
2026/05/25 16:09:50 serial 1307
2026/05/25 16:09:50 Processing protocol: 0x01 
2026/05/25 16:09:50 ✅ Login packet - IMEI: 867440069564323, Serial: 1307
2026/05/25 16:09:50 Sent response: 7064A92C3B6BC4416DB4
2026/05/25 16:09:52 Client connected: 84.29.100.39:44451
2026/05/25 16:09:52 Received: 8AF1055538A1770A916DED7F2807077C096ECCE8
2026/05/25 16:09:52 serial 1308
2026/05/25 16:09:52 Processing protocol: 0x01 
2026/05/25 16:09:52 ✅ Login packet - IMEI: 867440069564324, Serial: 1308
2026/05/25 16:09:52 Sent response: 250937419D6A17061601
2026/05/25 16:09:52 Connection error: EOF
2026/05/25 16:09:54 Received: 50ECA3A7A56190620CDD4E8E
2026/05/25 16:09:54 serial 1309
2026/05/25 16:09:54 Processing protocol: 0x94 
2026/05/25 16:09:54 ℹ️ Information transmission packet
2026/05/25 16:09:56 Received: 74E45329B4B8616A1CFE72B907F619B596B7789170234FD7D24FCB5A3A5A00A421CE91D8D96E94CE
2026/05/25 16:09:56 serial 1310
2026/05/25 16:09:56 Processing protocol: 0x22 
2026/05/25 16:09:56 ✅ Location - IMEI: 867440069564324, Lat: 22.656557, Lon: 88.401158, Speed: 59, Course: 3517, Serial: 1310
2026/05/25 16:09:58 Received: D278C863C62946959026EFDB87CDDF9F
2026/05/25 16:09:58 serial 1311
2026/05/25 16:09:58 Processing protocol: 0x13 
2026/05/25 16:09:58 ✅ Heartbeat - IMEI: 867440069564323, Battery: 1, GSM: 4, TermInfo: C7AF1252, Serial: 1311
2026/05/25 16:09:58 Sent response: E58CE11FF19FE3943948
2026/05/25 16:10:00 Received: 26090FB18DDA3CD5179B6BAB230A60D4065BF31E65345B0B95725A8354307C57A937D3B54E4E5A85
2026/05/25 16:10:00 serial 1312
2026/05/25 16:10:00 Processing protocol: 0x22 
2026/05/25 16:10:00 ✅ Location - IMEI: 867440069564330, Lat: 22.516741, Lon: 88.341248, Speed: 111, Course: 2681, Serial: 1312
2026/05/25 16:10:02 Server listening on :5023
2026/05/25 16:10:04 Client connected: 187.197.24.119:24838
2026/05/25 16:10:04 Received: 2B9A3FF6B45EE671EF6F6C3BBF588FAE703DF5F3
2026/05/25 16:10:04 serial 1313
2026/05/25 16:10:04 Processing protocol: 0x01 
2026/05/25 16:10:04 ✅ Login packet - IMEI: 867440069564323, Serial: 1313
2026/05/25 16:10:04 Sent response: 7B6D0A88BCA92DE0DCAF
2026/05/25 16:10:06 Client connected: 137.162.43.37:58000
2026/05/25 16:10:06 Received: B88FD3D4C152C427671B38914634FDA7263676FE
2026/05/25 16:10:06 serial 1314
2026/05/25 16:10:06 Processing protocol: 0x01 
2026/05/25 16:10:06 ✅ Login packet - IMEI: 867440069564328, Serial: 1314
2026/05/25 16:10:06 Sent response: 230740B1F014538B3C78
2026/05/25 16:10:08 Server listening on :5023
2026/05/25 16:10:08 Connection error: EOF
2026/05/25 16:10:10 Received: 8F79D93A13F74531F042D2F99F41E3A598E0199286F70DF442719F6922597D47890193
2026/05/25 16:10:10 serial 1315
2026/05/25 16:10:10 Processing protocol: 0x26 
2026/05/25 16:10:10 ⚠️ Unknown protocol: 0x26
2026/05/25 16:10:12 Received: 59BA14B00B47D56B04183C43
2026/05/25 16:10:12 serial 1316
2026/05/25 16:10:12 Processing protocol: 0x94 
2026/05/25 16:10:12 ℹ️ Information transmission packet
2026/05/25 16:10:14 Received: 198560CE07A0CD1DFDDC42CD
2026/05/25 16:10:14 serial 1317
2026/05/25 16:10:14 Processing protocol: 0x94 
2026/05/25 16:10:14 ℹ️ Information transmission packet
2026/05/25 16:10:16 Received: 42F17795B228771A753A1DCA
2026/05/25 16:10:16 serial 1318
2026/05/25 16:10:16 Processing protocol: 0x94 
2026/05/25 16:10:16 ℹ️ Information transmission packet
2026/05/25 16:10:18 Received: 9AF3E3B1616A0B5B0E6CB27B000C044E
2026/05/25 16:10:18 serial 1319
2026/05/25 16:10:18 Processing protocol: 0x13 
2026/05/25 16:10:18 ✅ Heartbeat - IMEI: 867440069564322, Battery: 3, GSM: 4, TermInfo: A8B8261D, Serial: 1319
2026/05/25 16:10:18 Sent response: 01BECD3B312F4C6EA30D
2026/05/25 16:10:20 Client connected: 245.27.184.184:12588
2026/05/25 16:10:20 Received: 6C43E92F8A74D0756023D0E049261D127BCB7D0C
2026/05/25 16:10:20 serial 1320
2026/05/25 16:10:20 Processing protocol: 0x01 
2026/05/25 16:10:20 ✅ Login packet - IMEI: 867440069564326, Serial: 1320
2026/05/25 16:10:20 Sent response: BF2A4C5F731421C1DCCA
2026/05/25 16:10:22 Received: 6C5AA57861FD8A4288CF3D29B55016A433D2E1DDAA281AAD001D9B995BA28C8D6905AD
2026/05/25 16:10:22 serial 1321
2026/05/25 16:10:22 Processing protocol: 0x26 
2026/05/25 16:10:22 ⚠️ Unknown protocol: 0x26
2026/05/25 16:10:24 Received: 308EBFB7F1646CDDC5ED440E
2026/05/25 16:10:24 serial 1322
2026/05/25 16:10:24 Processing protocol: 0x94 
2026/05/25 16:10:24 ℹ️ Information transmission packet
2026/05/25 16:10:24 Connection error: EOF
2026/05/25 16:10:26 Server listening on :5023
2026/05/25 16:10:28 Received: 0A4D66461095FF260915D5861E4CD069
2026/05/25 16:10:28 serial 1323
2026/05/25 16:10:28 Processing protocol: 0x13 
2026/05/25 16:10:28 ✅ Heartbeat - IMEI: 867440069564328, Battery: 2, GSM: 1, TermInfo: 4769EAD3, Serial: 1323
2026/05/25 16:10:28 Sent response: 6B18414F1505B72F1E52
2026/05/25 16:10:30 Received: 5C746C2E1ADDD878733E36471280594D51B3D086613DBE98440B62CDD649B7C67FA452
2026/05/25 16:10:30 serial 1324
2026/05/25 16:10:30 Processing protocol: 0x26 
2026/05/25 16:10:30 ⚠️ Unknown protocol: 0x26
2026/05/25 16:10:32 Received: DCDD6E989E75D3769B0375AC
2026/05/25 16:10:32 serial 1325
2026/05/25 16:10:32 Processing protocol: 0x94 
2026/05/25 16:10:32 ℹ️ Information transmission packet
2026/05/25 16:10:34 Received: A26C74D9EFD0295175CDF0FA
2026/05/25 16:10:34 serial 1326
2026/05/25 16:10:34 Processing protocol: 0x94 
2026/05/25 16:10:34 ℹ️ Information transmission packet
2026/05/25 16:10:34 Connection error: EOF
2026/05/25 16:10:36 Client connected: 229.21.186.218:32969
2026/05/25 16:10:36 Received: 11BE48EF197CE2FEAA65C3BB6331388893F4EE2D
2026/05/25 16:10:36 serial 1327
2026/05/25 16:10:36 Processing protocol: 0x01 
2026/05/25 16:10:36 ✅ Login packet - IMEI: 867440069564329, Serial: 1327
2026/05/25 16:10:36 Sent response: 147D2F2DF72B641163E6
2026/05/25 16:10:38 Received: A283EBCABA3FD4F8123F7B699D8F3085043C76C4778E695791AFBE8B15F7BB9E023C53D85DDD32F3
2026/05/25 16:10:38 serial 1328
2026/05/25 16:10:38 Processing protocol: 0x22 
2026/05/25 16:10:38 ✅ Location - IMEI: 867440069564323, Lat: 22.554799, Lon: 88.477658, Speed: 61, Course: 3555, Serial: 1328
2026/05/25 16:10:40 Received: 36C1EAA21779F3B499D5A0C960392E53
2026/05/25 16:10:40 serial 1329
2026/05/25 16:10:40 Processing protocol: 0x13 
2026/05/25 16:10:40 ✅ Heartbeat - IMEI: 867440069564324, Battery: 6, GSM: 2, TermInfo: 482B5E3C, Serial: 1329
2026/05/25 16:10:40 Sent response: 41FC4DEEADA048DE4B91
2026/05/25 16:10:42 Received: 6F366E6825EBDB38D029916EC07B6C7C777964E5DEB06BD4576D2E35E64286F1B9A0A4D0130555B4
2026/05/25 16:10:42 serial 1330
2026/05/25 16:10:42 Processing protocol: 0x22 
2026/05/25 16:10:42 ✅ Location - IMEI: 867440069564325, Lat: 22.629996, Lon: 88.579294, Speed: 48, Course: 1202, Serial: 1330
2026/05/25 16:10:44 Server listening on :5023
2026/05/25 16:10:46 Server listening on :5023
2026/05/25 16:10:48 Received: CAFE3EB6BC2270B5152226F2
2026/05/25 16:10:48 serial 1331
2026/05/25 16:10:48 Processing protocol: 0x94 
2026/05/25 16:10:48 ℹ️ Information transmission packet
2026/05/25 16:10:50 Received: D93889930C99E7C8277BCFA26992A126
2026/05/25 16:10:50 serial 1332
2026/05/25 16:10:50 Processing protocol: 0x13 
2026/05/25 16:10:50 ✅ Heartbeat - IMEI: 867440069564322, Battery: 5, GSM: 1, TermInfo: 3D155FC5, Serial: 1332
2026/05/25 16:10:50 Sent response: C9291CA0CFEE891E299F
2026/05/25 16:10:50 Connection error: EOF
2026/05/25 16:10:52 Client connected: 254.31.169.35:19145
2026/05/25 16:10:52 Received: B04932DA2B8307793D008AA48F7DFE045BF20F46
2026/05/25 16:10:52 serial 1333
2026/05/25 16:10:52 Processing protocol: 0x01 
2026/05/25 16:10:52 ✅ Login packet - IMEI: 867440069564330, Serial: 1333
2026/05/25 16:10:52 Sent response: 4D9D670B2D8F9FC3FD4E
2026/05/25 16:10:54 Received: DD484A3CC424CAB672DD99EB0358B201
2026/05/25 16:10:54 serial 1334
2026/05/25 16:10:54 Processing protocol: 0x13 
2026/05/25 16:10:54 ✅ Heartbeat - IMEI: 867440069564326, Battery: 4, GSM: 4, TermInfo: 72B99D6E, Serial: 1334
2026/05/25 16:10:54 Sent response: 8760BAD5854FAD2C499A
2026/05/25 16:10:54 Connection error: EOF
2026/05/25 16:10:56 Received: 43F6A5B05A211FD99535FEC560D6F000A91381FACF471B4E74854EEB2DE149258E1500
2026/05/25 16:10:56 serial 1335
2026/05/25 16:10:56 Processing protocol: 0x26 
2026/05/25 16:10:56 ⚠️ Unknown protocol: 0x26
2026/05/25 16:10:58 Received: 25B2B409E3F9F972060BAE09D1F39046D313D88860A4F587EE7C54AE7FE221AA3B79FB
2026/05/25 16:10:58 serial 1336
2026/05/25 16:10:58 Processing protocol: 0x26 
2026/05/25 16:10:58 ⚠️ Unknown protocol: 0x26
2026/05/25 16:11:00 Client connected: 119.84.27.88:11079
2026/05/25 16:11:00 Received: E1A4E6A8FDAECF315D3962168E9B19C268ED5C22
2026/05/25 16:11:00 serial 1337
2026/05/25 16:11:00 Processing protocol: 0x01 
2026/05/25 16:11:00 ✅ Login packet - IMEI: 867440069564326, Serial: 1337
2026/05/25 16:11:00 Sent response: CCDCA3766F43275193AE
2026/05/25 16:11:02 Received: C96B740EB7EC9F04B09426D580925719
2026/05/25 16:11:02 serial 1338
2026/05/25 16:11:02 Processing protocol: 0x13 
2026/05/25 16:11:02 ✅ Heartbeat - IMEI: 867440069564329, Battery: 5, GSM: 1, TermInfo: 152AD47A, Serial: 1338
2026/05/25 16:11:02 Sent response: 3CB113E5D4E1A03527E2
2026/05/25 16:11:02 Connection error: EOF
2026/05/25 16:11:04 Received: 3E0528E93C9409D9A63DF357DBB3B28BD6ABA5A399E8700CD8E62F14A8936DD265286002F9A1C733
2026/05/25 16:11:04 serial 1339
2026/05/25 16:11:04 Processing protocol: 0x22 
2026/05/25 16:11:04 ✅ Location - IMEI: 867440069564321, Lat: 22.514762, Lon: 88.512423, Speed: 48, Course: 4973, Serial: 1339
2026/05/25 16:11:06 Client connected: 53.255.26.145:18300
2026/05/25 16:11:06 Received: D7384723AD69AC38054E0B6E4970E281C267FCA8
2026/05/25 16:11:06 serial 1340
2026/05/25 16:11:06 Processing protocol: 0x01 
2026/05/25 16:11:06 ✅ Login packet - IMEI: 867440069564327, Serial: 1340
2026/05/25 16:11:06 Sent response: 6E9D8808008C84926539
2026/05/25 16:11:08 Server listening on :5023
2026/05/25 16:11:10 Received: DBBD5B54AADDC9B4158C714D
2026/05/25 16:11:10 serial 1341
2026/05/25 16:11:10 Processing protocol: 0x94 
2026/05/25 16:11:10 ℹ️ Information transmission packet
2026/05/25 16:11:10 Connection error: EOF
2026/05/25 16:11:12 Client connected: 122.254.238.160:14996
2026/05/25 16:11:12 Received: 00E72D82FF826007B28F55B53AEEC6D3BAEAD1BE
2026/05/25 16:11:12 serial 1342
2026/05/25 16:11:12 Processing protocol: 0x01 
2026/05/25 16:11:12 ✅ Login packet - IMEI: 867440069564323, Serial: 1342
2026/05/25 16:11:12 Sent response: BCCF7608395C4A732F85
2026/05/25 16:11:12 Connection error: EOF
2026/05/25 16:11:14 Received: FC2367907D5F1650B09ACB795AFB551D8F59AB13A7A3F18053381DB2F8DE3E1E7A172CD41638F1C9
2026/05/25 16:11:14 serial 1343
2026/05/25 16:11:14 Processing protocol: 0x22 
2026/05/25 16:11:14 ✅ Location - IMEI: 867440069564325, Lat: 22.612774, Lon: 88.557232, Speed: 24, Course: 1122, Serial: 1343
2026/05/25 16:11:16 Received: 26ED1070DE2E50B095B4A23960FB7C50
2026/05/25 16:11:16 serial 1344
2026/05/25 16:11:16 Processing protocol: 0x13 
2026/05/25 16:11:16 ✅ Heartbeat - IMEI: 867440069564322, Battery: 4, GSM: 1, TermInfo: 7BF3E346, Serial: 1344
2026/05/25 16:11:16 Sent response: 52A641E46CD0DF0BFD60
2026/05/25 16:11:18 Received: F324EC40634B122B92A6BB038B78D1596F4812FC3E793CA2F0936B640E6CBC157EE268
2026/05/25 16:11:18 serial 1345
2026/05/25 16:11:18 Processing protocol: 0x26 
2026/05/25 16:11:18 ⚠️ Unknown protocol: 0x26
2026/05/25 16:11:20 Received: 8F5E62C35872674DE40FDE22E38BAC204E33E42E112D8B84C8E82678B26FDA7C39A1B8841AFAFA0D
2026/05/25 16:11:20 serial 1346
2026/05/25 16:11:20 Processing protocol: 0x22 
2026/05/25 16:11:20 ✅ Location - IMEI: 867440069564329, Lat: 22.673375, Lon: 88.450718, Speed: 28, Course: 3155, Serial: 1346
2026/05/25 16:11:22 Received: 4F959D2E7CB4641519DC3FB221722A1862033FC0919662028AD34F6E0489A08E315851
2026/05/25 16:11:22 serial 1347
2026/05/25 16:11:22 Processing protocol: 0x26 
2026/05/25 16:11:22 ⚠️ Unknown protocol: 0x26
2026/05/25 16:11:24 Received: 7313E3B3FC84D3EF514A539D
2026/05/25 16:11:24 serial 1348
2026/05/25 16:11:24 Processing protocol: 0x94 
2026/05/25 16:11:24 ℹ️ Information transmission packet
2026/05/25 16:11:26 Received: F6B8D9AA9B1AE0FF052BBA4C0C7B2560C6877BC41D7F14E60200DDDD98711042B7F6A6
2026/05/25 16:11:26 serial 1349
2026/05/25 16:11:26 Processing protocol: 0x26 
2026/05/25 16:11:26 ⚠️ Unknown protocol: 0x26
2026/05/25 16:11:28 Received: 303193CEA61476E10AC82686FCD2F834571137108DAF31D246EE40E647E593C82D3476
2026/05/25 16:11:28 serial 1350
2026/05/25 16:11:28 Processing protocol: 0x26 
2026/05/25 16:11:28 ⚠️ Unknown protocol: 0x26
2026/05/25 16:11:30 Received: DBB60B5E2B34A8C65A786AC42C619B78
2026/05/25 16:11:30 serial 1351
2026/05/25 16:11:30 Processing protocol: 0x13 
2026/05/25 16:11:30 ✅ Heartbeat - IMEI: 867440069564325, Battery: 5, GSM: 5, TermInfo: 8CD1B94D, Serial: 1351
2026/05/25 16:11:30 Sent response: 00494A804C4D0558E434
2026/05/25 16:11:30 Connection error: EOF
2026/05/25 16:11:32 Received: 7DAA325F494F703A6BD73F5191405C90
2026/05/25 16:11:32 serial 1352
2026/05/25 16:11:32 Processing protocol: 0x13 
2026/05/25 16:11:32 ✅ Heartbeat - IMEI: 867440069564328, Battery: 4, GSM: 1, TermInfo: BA85BD4A, Serial: 1352
2026/05/25 16:11:32 Sent response: 231C28DCC2AF3D395890
2026/05/25 16:11:34 Received: 7BE9E92815B0B2F3017BD34287BED57375F644BEDE1D2EC93AF6BA5B87506E541380065A11AB34C8
2026/05/25 16:11:34 serial 1353
2026/05/25 16:11:34 Processing protocol: 0x22 
2026/05/25 16:11:34 ✅ Location - IMEI: 867440069564323, Lat: 22.562362, Lon: 88.393480, Speed: 25, Course: 2753, Serial: 1353
2026/05/25 16:11:36 Client connected: 34.252.173.151:50536
2026/05/25 16:11:36 Received: 3E15DB3C3D247BA8969809F542200A4E866D1D26
2026/05/25 16:11:36 serial 1354
2026/05/25 16:11:36 Processing protocol: 0x01 
2026/05/25 16:11:36 ✅ Login packet - IMEI: 867440069564330, Serial: 1354
2026/05/25 16:11:36 Sent response: 8A1DB1D69DC404025248
2026/05/25 16:11:36 Connection error: EOF
2026/05/25 16:11:38 Client connected: 70.73.246.183:34915
2026/05/25 16:11:38 Received: F6DC7D7372E597C23DAC3C34E7782E3E657A6C9F
2026/05/25 16:11:38 serial 1355
2026/05/25 16:11:38 Processing protocol: 0x01 
2026/05/25 16:11:38 ✅ Login packet - IMEI: 867440069564325, Serial: 1355
2026/05/25 16:11:38 Sent response: 77C0D7347BB2C3CF4D32
2026/05/25 16:11:38 Connection error: EOF
2026/05/25 16:11:40 Server listening on :5023
2026/05/25 16:11:42 Received: 7B834E30ECC77785FF4EE11C16214887EB0C494D24851B1B10B913BA61578F149F16DC51FCD0BC3F
2026/05/25 16:11:42 serial 1356
2026/05/25 16:11:42 Processing protocol: 0x22 
2026/05/25 16:11:42 ✅ Location - IMEI: 867440069564324, Lat: 22.648471, Lon: 88.442907, Speed: 113, Course: 5004, Serial: 1356
2026/05/25 16:11:42 Connection error: EOF
2026/05/25 16:11:44 Client connected: 110.224.80.168:56581
2026/05/25 16:11:44 Received: 8A85BA72E436916C95A8082B099806C843D5B703
2026/05/25 16:11:44 serial 1357
2026/05/25 16:11:44 Processing protocol: 0x01 
2026/05/25 16:11:44 ✅ Login packet - IMEI: 867440069564321, Serial: 1357
2026/05/25 16:11:44 Sent response: 13034F1594D6F4CB2F17
2026/05/25 16:11:46 Client connected: 63.18.223.38:56759
2026/05/25 16:11:46 Received: 59057A5773CA62E3005E83A9541A6CE74B128389
2026/05/25 16:11:46 serial 1358
2026/05/25 16:11:46 Processing protocol: 0x01 
2026/05/25 16:11:46 ✅ Login packet - IMEI: 867440069564329, Serial: 1358
2026/05/25 16:11:46 Sent response: A12D5FB12011790BF0DE
2026/05/25 16:11:48 Received: A0DCA3D1D566070CE2CE92F2813DCD9813B952A755A6531B7133220FA70CB686B73751A96E7DECE3
2026/05/25 16:11:48 serial 1359
2026/05/25 16:11:48 Processing protocol: 0x22 
2026/05/25 16:11:48 ✅ Location - IMEI: 867440069564327, Lat: 22.686931, Lon: 88.404314, Speed: 108, Course: 3487, Serial: 1359
2026/05/25 16:11:50 Received: BBC9C1F5FE7A4D5AE5D8D0E8266D07393881C0799821C47D4D0519EDBF74899B1098E49621861C19
2026/05/25 16:11:50 serial 1360
2026/05/25 16:11:50 Processing protocol: 0x22 
2026/05/25 16:11:50 ✅ Location - IMEI: 867440069564328, Lat: 22.547261, Lon: 88.365793, Speed: 113, Course: 3417, Serial: 1360
2026/05/25 16:11:52 Received: CFDFFE6552DD28527C73E90A5D2DC46BFE00A86AC2E7A7648045211AB0D0640F28C26CDA55D5E17D
2026/05/25 16:11:52 serial 1361
2026/05/25 16:11:52 Processing protocol: 0x22 
2026/05/25 16:11:52 ✅ Location - IMEI: 867440069564327, Lat: 22.542986, Lon: 88.501149, Speed: 105, Course: 1380, Serial: 1361
2026/05/25 16:11:52 Connection error: EOF
2026/05/25 16:11:54 Received: 96AD260FB273769E21965D169B1D2A7E387939A05439432AF0B805DAB6CA5387172F1743399CF47E
2026/05/25 16:11:54 serial 1362
2026/05/25 16:11:54 Processing protocol: 0x22 
2026/05/25 16:11:54 ✅ Location - IMEI: 867440069564324, Lat: 22.623291, Lon: 88.532411, Speed: 31, Course: 1955, Serial: 1362
2026/05/25 16:11:56 Client connected: 81.201.198.148:33554
2026/05/25 16:11:56 Received: 9C8CFD3AA00700C5BA9AEBFA9DCFB099530235E5
2026/05/25 16:11:56 serial 1363
2026/05/25 16:11:56 Processing protocol: 0x01 
2026/05/25 16:11:56 ✅ Login packet - IMEI: 867440069564325, Serial: 1363
2026/05/25 16:11:56 Sent response: FA162D4301932E81FBE1
2026/05/25 16:11:58 Server listening on :5023
2026/05/25 16:11:58 Connection error: EOF
2026/05/25 16:12:00 Server listening on :5023
2026/05/25 16:12:02 Received: 3F293C4F3007EED68EC0252918BC05772AC6D06C51806DCA1F2278E575EE6DB15D81A7
2026/05/25 16:12:02 serial 1364
2026/05/25 16:12:02 Processing protocol: 0x26 
2026/05/25 16:12:02 ⚠️ Unknown protocol: 0x26
2026/05/25 16:12:04 Received: 38B50D6F3542AA73CD0BB61AD5C689CBD48DF4C86CB20DDC61C5274C749E3FB7868DF6
2026/05/25 16:12:04 serial 1365
2026/05/25 16:12:04 Processing protocol: 0x26 
2026/05/25 16:12:04 ⚠️ Unknown protocol: 0x26
2026/05/25 16:12:06 Received: 6C8B977564CA421A27E7D8C79B9AFB59
2026/05/25 16:12:06 serial 1366
2026/05/25 16:12:06 Processing protocol: 0x13 
2026/05/25 16:12:06 ✅ Heartbeat - IMEI: 867440069564322, Battery: 2, GSM: 4, TermInfo: AA5C54BB, Serial: 1366
2026/05/25 16:12:06 Sent response: 04DA054625E8A9E9093B
2026/05/25 16:12:08 Received: 3F3B8EF9098716C7D7190384FD80DCBE254EFB8459BCD698A9AAB52FA611A0C71921B7008F28DB48
2026/05/25 16:12:08 serial 1367
2026/05/25 16:12:08 Processing protocol: 0x22 
2026/05/25 16:12:08 ✅ Location - IMEI: 867440069564325, Lat: 22.669480, Lon: 88.476350, Speed: 57, Course: 4670, Serial: 1367
2026/05/25 16:12:10 Received: 09543ABD6AFBE642E5F9A68126FA71DF1FD8CF56A4C0EFF7FC82AF7DCBF7BE741FBB4D87763859C0
2026/05/25 16:12:10 serial 1368
2026/05/25 16:12:10 Processing protocol: 0x22 
2026/05/25 16:12:10 ✅ Location - IMEI: 867440069564321, Lat: 22.517387, Lon: 88.337622, Speed: 41, Course: 5199, Serial: 1368
2026/05/25 16:12:12 Received: 162884CCEDA5FF05426516B214941705D2798DD33DDF273867B1690EE21A886349BAD57B3BF57421
2026/05/25 16:12:12 serial 1369
2026/05/25 16:12:12 Processing protocol: 0x22 
2026/05/25 16:12:12 ✅ Location - IMEI: 867440069564321, Lat: 22.538591, Lon: 88.581692, Speed: 113, Course: 5315, Serial: 1369
2026/05/25 16:12:14 Client connected: 196.110.43.193:52849
2026/05/25 16:12:14 Received: D949D62110B60915262EA3C3E35F1E262DB1B8F9
2026/05/25 16:12:14 serial 1370
2026/05/25 16:12:14 Processing protocol: 0x01 
2026/05/25 16:12:14 ✅ Login packet - IMEI: 867440069564330, Serial: 1370
2026/05/25 16:12:14 Sent response: C1A5AE3E58BD1FB5CE27
2026/05/25 16:12:14 Connection error: EOF
2026/05/25 16:12:16 Received: 26D73EA35BCEC2180C42EC87185ECCEF7EB256198807E0C69E7958C27F892A948FBC8062CDD63744
2026/05/25 16:12:16 serial 1371
2026/05/25 16:12:16 Processing protocol: 0x22 
2026/05/25 16:12:16 ✅ Location - IMEI: 867440069564324, Lat: 22.656848, Lon: 88.453936, Speed: 23, Course: 1491, Serial: 1371
2026/05/25 16:12:16 Connection error: EOF
2026/05/25 16:12:18 Received: 1E995396AE44B6D5191A29C2
2026/05/25 16:12:18 serial 1372
2026/05/25 16:12:18 Processing protocol: 0x94 
2026/05/25 16:12:18 ℹ️ Information transmission packet
2026/05/25 16:12:20 Client connected: 156.113.15.3:39152
2026/05/25 16:12:20 Received: AC23A797D920A60942F2203C705D8B5954B47354
2026/05/25 16:12:20 serial 1373
2026/05/25 16:12:20 Processing protocol: 0x01 
2026/05/25 16:12:20 ✅ Login packet - IMEI: 867440069564326, Serial: 1373
2026/05/25 16:12:20 Sent response: 9A9A17925D660128B440
2026/05/25 16:12:22 Received: 1C9CBA958241E6179991690C2E0EF9B74A8770F1AF07A5459662BA20D13F48C6378DE81DAE244B23
2026/05/25 16:12:22 serial 1374
2026/05/25 16:12:22 Processing protocol: 0x22 
2026/05/25 16:12:22 ✅ Location - IMEI: 867440069564322, Lat: 22.599887, Lon: 88.577679, Speed: 9, Course: 1438, Serial: 1374
2026/05/25 16:12:24 Server listening on :5023
2026/05/25 16:12:26 Received: C70B479E685C0ECD09EEED496E1567D6DFBE98956ABC406404D48B898EAE539CF02E67
2026/05/25 16:12:26 serial 1375
2026/05/25 16:12:26 Processing protocol: 0x26 
2026/05/25 16:12:26 ⚠️ Unknown protocol: 0x26
2026/05/25 16:12:28 Client connected: 167.58.83.208:41385
2026/05/25 16:12:28 Received: 473B1399E53F3A1A9ACB8425D4D18D343CD12717
2026/05/25 16:12:28 serial 1376
2026/05/25 16:12:28 Processing protocol: 0x01 
2026/05/25 16:12:28 ✅ Login packet - IMEI: 867440069564330, Serial: 1376
2026/05/25 16:12:28 Sent response: 6E88BCE2AA387BA9E2B3
2026/05/25 16:12:30 Received: 16E4C0C171F8C9677EABB9D677FFC269
2026/05/25 16:12:30 serial 1377
2026/05/25 16:12:30 Processing protocol: 0x13 
2026/05/25 16:12:30 ✅ Heartbeat - IMEI: 867440069564323, Battery: 2, GSM: 3, TermInfo: 75A58687, Serial: 1377
2026/05/25 16:12:30 Sent response: D2490D18EC051324BE2B
2026/05/25 16:12:32 Received: AEDCA133CA480E35B4C287073D070F0E6893F9462DEB85E76F147AD1C721C6D1653182
2026/05/25 16:12:32 serial 1378
2026/05/25 16:12:32 Processing protocol: 0x26 
2026/05/25 16:12:32 ⚠️ Unknown protocol: 0x26
2026/05/25 16:12:34 Server listening on :5023
2026/05/25 16:12:36 Received: F2F263DBAB97538A83A0B33E
2026/05/25 16:12:36 serial 1379
2026/05/25 16:12:36 Processing protocol: 0x94 
2026/05/25 16:12:36 ℹ️ Information transmission packet
2026/05/25 16:12:38 Received: F20F3B89F559451522D4EE5D
2026/05/25 16:12:38 serial 1380
2026/05/25 16:12:38 Processing protocol: 0x94 
2026/05/25 16:12:38 ℹ️ Information transmission packet
2026/05/25 16:12:40 Received: 663173461F22F35C7450C4C26AA48B5B
2026/05/25 16:12:40 serial 1381
2026/05/25 16:12:40 Processing protocol: 0x13 
2026/05/25 16:12:40 ✅ Heartbeat - IMEI: 867440069564327, Battery: 1, GSM: 1, TermInfo: 8D2F678A, Serial: 1381
2026/05/25 16:12:40 Sent response: E4521CAA077DAC9EE924
2026/05/25 16:12:42 Received: 4FA055DAAE230032BD354191EFEEA3BA9CEDFAFF7BE17760B8774991352EA46C2BDC9A63458BF6DC
2026/05/25 16:12:42 serial 1382
2026/05/25 16:12:42 Processing protocol: 0x22 
2026/05/25 16:12:42 ✅ Location - IMEI: 867440069564330, Lat: 22.699205, Lon: 88.309277, Speed: 120, Course: 3750, Serial: 1382
2026/05/25 16:12:42 Connection error: EOF
2026/05/25 16:12:44 Received: CA82581F38E1FD450613B399FD2BE06C253D4BB72082541D2EE050F55C1A9A542C82E40769FCF96E
2026/05/25 16:12:44 serial 1383
2026/05/25 16:12:44 Processing protocol: 0x22 
2026/05/25 16:12:44 ✅ Location - IMEI: 867440069564330, Lat: 22.543532, Lon: 88.413162, Speed: 47, Course: 1091, Serial: 1383
2026/05/25 16:12:46 Received: 5C12C8255CA3750D72A22054C1F0FE1473F5B980444CA38B3C09CE97FB58AA0860F8ED092BE0ABB1
2026/05/25 16:12:46 serial 1384
2026/05/25 16:12:46 Processing protocol: 0x22 
2026/05/25 16:12:46 ✅ Location - IMEI: 867440069564324, Lat: 22.656079, Lon: 88.419433, Speed: 81, Course: 4133, Serial: 1384
2026/05/25 16:12:48 Server listening on :5023
2026/05/25 16:12:50 Received: D78689F291EEB3E79FF59EFB84D6B60CE9A87BFD3C5FF27BB9EAC5D7BC3A099662A48490A8C281AF
2026/05/25 16:12:50 serial 1385
2026/05/25 16:12:50 Processing protocol: 0x22 
2026/05/25 16:12:50 ✅ Location - IMEI: 867440069564329, Lat: 22.570506, Lon: 88.523712, Speed: 44, Course: 5754, Serial: 1385
2026/05/25 16:12:50 Connection error: EOF
2026/05/25 16:12:52 Received: 28D859CBEE7A555480AD5861
2026/05/25 16:12:52 serial 1386
2026/05/25 16:12:52 Processing protocol: 0x94 
2026/05/25 16:12:52 ℹ️ Information transmission packet
2026/05/25 16:12:54 Received: EDD388B7113898F68CB4287E
2026/05/25 16:12:54 serial 1387
2026/05/25 16:12:54 Processing protocol: 0x94 
2026/05/25 16:12:54 ℹ️ Information transmission packet
2026/05/25 16:12:56 Received: 4F758C632D3DE1F8CCE4F5FD2D33901BEBE401BA2651F95EFFDD9CEFCCE653F40A7FBE
2026/05/25 16:12:56 serial 1388
2026/05/25 16:12:56 Processing protocol: 0x26 
2026/05/25 16:12:56 ⚠️ Unknown protocol: 0x26
2026/05/25 16:12:58 Received: FDF7290A65F7542E5C701A3DA3ACF727
2026/05/25 16:12:58 serial 1389
2026/05/25 16:12:58 Processing protocol: 0x13 
2026/05/25 16:12:58 ✅ Heartbeat - IMEI: 867440069564323, Battery: 3, GSM: 3, TermInfo: 543F7D2D, Serial: 1389
2026/05/25 16:12:58 Sent response: 978E899F1A455B09150F
2026/05/25 16:13:00 Received: DCBEDE099EBC2DF9CA90D3AEDE1AFC55
2026/05/25 16:13:00 serial 1390
2026/05/25 16:13:00 Processing protocol: 0x13 
2026/05/25 16:13:00 ✅ Heartbeat - IMEI: 867440069564324, Battery: 6, GSM: 5, TermInfo: 06443840, Serial: 1390
2026/05/25 16:13:00 Sent response: F9836473D03C831B667E
2026/05/25 16:13:02 Received: 17DD4DDA10CA3B4CDCB7D5A74C2CE215C5FFF8D2CBFEFBDAD285A316917677B4F77712E0E5B7BE9F
2026/05/25 16:13:02 serial 1391
2026/05/25 16:13:02 Processing protocol: 0x22 
2026/05/25 16:13:02 ✅ Location - IMEI: 867440069564325, Lat: 22.512146, Lon: 88.405581, Speed: 110, Course: 4352, Serial: 1391
2026/05/25 16:13:02 Connection error: EOF
2026/05/25 16:13:04 Received: 3555100D29DD3A047A00693E
2026/05/25 16:13:04 serial 1392
2026/05/25 16:13:04 Processing protocol: 0x94 
2026/05/25 16:13:04 ℹ️ Information transmission packet
2026/05/25 16:13:06 Received: 4DC03F7AC05E92C0FE553EF3D0E0D3C1
2026/05/25 16:13:06 serial 1393
2026/05/25 16:13:06 Processing protocol: 0x13 
2026/05/25 16:13:06 ✅ Heartbeat - IMEI: 867440069564324, Battery: 1, GSM: 3, TermInfo: 5679A5E4, Serial: 1393
2026/05/25 16:13:06 Sent response: 2A743BB71242F336ED37
2026/05/25 16:13:08 Received: F8DE305EE0DD436431CC903C8772852741402C09420F389084BA3E49E87B2A39F04EF3A57BBAB882
2026/05/25 16:13:08 serial 1394
2026/05/25 16:13:08 Processing protocol: 0x22 
2026/05/25 16:13:08 ✅ Location - IMEI: 867440069564321, Lat: 22.560170, Lon: 88.486320, Speed: 113, Course: 5491, Serial: 1394
2026/05/25 16:13:10 Client connected: 33.173.214.123:40121
2026/05/25 16:13:10 Received: CCBD0558B1828234B7D710EB6B42E22FC23324F4
2026/05/25 16:13:10 serial 1395
2026/05/25 16:13:10 Processing protocol: 0x01 
2026/05/25 16:13:10 ✅ Login packet - IMEI: 867440069564321, Serial: 1395
2026/05/25 16:13:10 Sent response: 0BF3CB846656CDF71C6F
2026/05/25 16:13:12 Received: AED8F7568618832BD29C89B2059EAEDCD52A8276D4BA841084559661400E80ED646D3ADA9B20093F
2026/05/25 16:13:12 serial 1396
2026/05/25 16:13:12 Processing protocol: 0x22 
2026/05/25 16:13:12 ✅ Location - IMEI: 867440069564327, Lat: 22.616974, Lon: 88.324400, Speed: 60, Course: 1244, Serial: 1396
2026/05/25 16:13:14 Server listening on :5023
2026/05/25 16:13:16 Server listening on :5023
2026/05/25 16:13:16 Connection error: EOF
2026/05/25 16:13:18 Received: CA4D7368A6B59378C1C3BA3337ECFDDEFA70D8A6EAD3A83D0A4738A3C2724BAAFA2B09DF588CABA3
2026/05/25 16:13:18 serial 1397
2026/05/25 16:13:18 Processing protocol: 0x22 
2026/05/25 16:13:18 ✅ Location - IMEI: 867440069564323, Lat: 22.553641, Lon: 88.484538, Speed: 51, Course: 2295, Serial: 1397
2026/05/25 16:13:20 Received: 9CF29F433E0B87F9AA6C57ED4FDCF03A5BB967FC8765EFDE6E3F86EBE1AE9EE38B4264
2026/05/25 16:13:20 serial 1398
2026/05/25 16:13:20 Processing protocol: 0x26 
2026/05/25 16:13:20 ⚠️ Unknown protocol: 0x26
2026/05/25 16:13:22 Server listening on :5023
2026/05/25 16:13:24 Received: 6ABB19E9E6FD081C326FD9A5A72923B1870421D3E69E378C8A413527FD1156BF1607F9
2026/05/25 16:13:24 serial 1399
2026/05/25 16:13:24 Processing protocol: 0x26 
2026/05/25 16:13:24 ⚠️ Unknown protocol: 0x26
2026/05/25 16:13:26 Server listening on :5023
2026/05/25 16:13:28 Received: A7E410B71D574A8BCF97435E8AC8F607F461D7B1ADDC586CB867BFEB6057A36994CD03
2026/05/25 16:13:28 serial 1400
2026/05/25 16:13:28 Processing protocol: 0x26 
2026/05/25 16:13:28 ⚠️ Unknown protocol: 0x26
2026/05/25 16:13:30 Received: 766AF5851C7213C930ED7031
2026/05/25 16:13:30 serial 1401
2026/05/25 16:13:30 Processing protocol: 0x94 
2026/05/25 16:13:30 ℹ️ Information transmission packet
2026/05/25 16:13:32 Received: 31D6299641EB9FA6E04F7D09E2C075B1CFAF94306D9F9385C882FAD3691FAEE438C016
2026/05/25 16:13:32 serial 1402
2026/05/25 16:13:32 Processing protocol: 0x26 
2026/05/25 16:13:32 ⚠️ Unknown protocol: 0x26
2026/05/25 16:13:34 Server listening on :5023
2026/05/25 16:13:36 Received: E3D97A7E91CC8C0D761673B1
2026/05/25 16:13:36 serial 1403
2026/05/25 16:13:36 Processing protocol: 0x94 
2026/05/25 16:13:36 ℹ️ Information transmission packet
2026/05/25 16:13:38 Received: 73D7294B4C394FA02A8F41CABAE7180B6BBA0B3A0FCAE238A28C50C119E773604239B0FB102782F6
2026/05/25 16:13:38 serial 1404
2026/05/25 16:13:38 Processing protocol: 0x22 
2026/05/25 16:13:38 ✅ Location - IMEI: 867440069564321, Lat: 22.687652, Lon: 88.390646, Speed: 76, Course: 5281, Serial: 1404
2026/05/25 16:13:40 Received: AABACDADD73CDC799B1EF56B
2026/05/25 16:13:40 serial 1405
2026/05/25 16:13:40 Processing protocol: 0x94 
2026/05/25 16:13:40 ℹ️ Information transmission packet
2026/05/25 16:13:42 Received: C848DC4AAF8DD96B4444AF8058354EE8
2026/05/25 16:13:42 serial 1406
2026/05/25 16:13:42 Processing protocol: 0x13 
2026/05/25 16:13:42 ✅ Heartbeat - IMEI: 867440069564328, Battery: 1, GSM: 1, TermInfo: B40EC283, Serial: 1406
2026/05/25 16:13:42 Sent response: D4926C7172D0827C3BBC
2026/05/25 16:13:44 Received: 8BF37DC77C585E2E99B09B16D3376679
2026/05/25 16:13:44 serial 1407
2026/05/25 16:13:44 Processing protocol: 0x13 
2026/05/25 16:13:44 ✅ Heartbeat - IMEI: 867440069564321, Battery: 5, GSM: 5, TermInfo: 2367783D, Serial: 1407
2026/05/25 16:13:44 Sent response: 159257D35683A3664125
2026/05/25 16:13:46 Server listening on :5023
2026/05/25 16:13:46 Connection error: EOF
2026/05/25 16:13:48 Received: 6B96B086269636D11D50A04155A72B9561951BA428A2BBEA1B12179272A75CE328F716
2026/05/25 16:13:48 serial 1408
2026/05/25 16:13:48 Processing protocol: 0x26 
2026/05/25 16:13:48 ⚠️ Unknown protocol: 0x26
2026/05/25 16:13:50 Client connected: 126.241.148.120:13573
2026/05/25 16:13:50 Received: 018B84BDC38EF1CA681951054168E8F8DA050418
2026/05/25 16:13:50 serial 1409
2026/05/25 16:13:50 Processing protocol: 0x01 
2026/05/25 16:13:50 ✅ Login packet - IMEI: 867440069564325, Serial: 1409
2026/05/25 16:13:50 Sent response: 06501F70326E1D4BC0AB
2026/05/25 16:13:52 Received: 393DF97073D2E0168DCF79D98E74A692
2026/05/25 16:13:52 serial 1410
2026/05/25 16:13:52 Processing protocol: 0x13 
2026/05/25 16:13:52 ✅ Heartbeat - IMEI: 867440069564323, Battery: 3, GSM: 3, TermInfo: 53A6C1A9, Serial: 1410
2026/05/25 16:13:52 Sent response: 8651D2081A0A2EA1FE06
2026/05/25 16:13:52 Connection error: EOF
2026/05/25 16:13:54 Server listening on :5023
2026/05/25 16:13:56 Received: D5FA4E4EB157CC971982DFFFC57419D1EA465E2E881C4BA5D73640D4DBF8E494562EE9FC94F5FAC5
2026/05/25 16:13:56 serial 1411
2026/05/25 16:13:56 Processing protocol: 0x22 
2026/05/25 16:13:56 ✅ Location - IMEI: 867440069564329, Lat: 22.670881, Lon: 88.429471, Speed: 32, Course: 2874, Serial: 1411
2026/05/25 16:13:58 Received: AE287467D0969D6CD4D23E6F
2026/05/25 16:13:58 serial 1412
2026/05/25 16:13:58 Processing protocol: 0x94 
2026/05/25 16:13:58 ℹ️ Information transmission packet
2026/05/25 16:14:00 Received: 79F168AD9607831D886EFE9088DFB54844511A9FB20D0CC374C81F7CBB66BD75E8AAA2F17F0F415D
2026/05/25 16:14:00 serial 1413
2026/05/25 16:14:00 Processing protocol: 0x22 
2026/05/25 16:14:00 ✅ Location - IMEI: 867440069564327, Lat: 22.659162, Lon: 88.578776, Speed: 102, Course: 4033, Serial: 1413
2026/05/25 16:14:02 Received: 4ABBA12A54EF965A66AC2F08A05E0A7D
2026/05/25 16:14:02 serial 1414
2026/05/25 16:14:02 Processing protocol: 0x13 
2026/05/25 16:14:02 ✅ Heartbeat - IMEI: 867440069564326, Battery: 6, GSM: 3, TermInfo: 4AEB9B8C, Serial: 1414
2026/05/25 16:14:02 Sent response: 13A5C011778800E7459C
2026/05/25 16:14:04 Received: E94892CF8BFC516AE0E239C2
2026/05/25 16:14:04 serial 1415
2026/05/25 16:14:04 Processing protocol: 0x94 
2026/05/25 16:14:04 ℹ️ Information transmission packet
2026/05/25 16:14:06 Client connected: 250.201.24.101:37967
2026/05/25 16:14:06 Received: 77D882CDA9976665369A28FD3C71987F2429904A
2026/05/25 16:14:06 serial 1416
2026/05/25 16:14:06 Processing protocol: 0x01 
2026/05/25 16:14:06 ✅ Login packet - IMEI: 867440069564328, Serial: 1416
2026/05/25 16:14:06 Sent response: BC3E1AFEBC40CED35EAD
2026/05/25 16:14:08 Client connected: 40.237.115.113:39899
2026/05/25 16:14:08 Received: 218407D29B820C1C4710E84E6F20F977254F23A3
2026/05/25 16:14:08 serial 1417
2026/05/25 16:14:08 Processing protocol: 0x01 
2026/05/25 16:14:08 ✅ Login packet - IMEI: 867440069564324, Serial: 1417
2026/05/25 16:14:08 Sent response: 003919C4F68B4F2E2ABD
2026/05/25 16:14:10 Client connected: 118.153.137.186:44093
2026/05/25 16:14:10 Received: D50370E95914F3C1FB8FA47405C541F61D3AD280
2026/05/25 16:14:10 serial 1418
2026/05/25 16:14:10 Processing protocol: 0x01 
2026/05/25 16:14:10 ✅ Login packet - IMEI: 867440069564329, Serial: 1418
2026/05/25 16:14:10 Sent response: 0E36751EFB84F255B107
2026/05/25 16:14:12 Client connected: 203.171.94.61:10495
2026/05/25 16:14:12 Received: F0059C964431E75B3C363BE5F4A142F8740E866B
2026/05/25 16:14:12 serial 1419
2026/05/25 16:14:12 Processing protocol: 0x01 
2026/05/25 16:14:12 ✅ Login packet - IMEI: 867440069564325, Serial: 1419
2026/05/25 16:14:12 Sent response: B5379D046E49595822AA
2026/05/25 16:14:14 Received: 806E67AA9EACA648CE39571890D6FAC7
2026/05/25 16:14:14 serial 1420
2026/05/25 16:14:14 Processing protocol: 0x13 
2026/05/25 16:14:14 ✅ Heartbeat - IMEI: 867440069564322, Battery: 1, GSM: 5, TermInfo: 46B227B6, Serial: 1420
2026/05/25 16:14:14 Sent response: 3DEBBEA0729925A49131
2026/05/25 16:14:16 Server listening on :5023
2026/05/25 16:14:18 Server listening on :5023
2026/05/25 16:14:20 Server listening on :5023
2026/05/25 16:14:22 Received: 8D9B65ADB006B695E4EB19F3B50A02B1B4362790CB7E570C1301B43DB421138FF000EC
2026/05/25 16:14:22 serial 1421
2026/05/25 16:14:22 Processing protocol: 0x26 
2026/05/25 16:14:22 ⚠️ Unknown protocol: 0x26
2026/05/25 16:14:24 Client connected: 137.145.131.106:57134
2026/05/25 16:14:24 Received: 802AE2AF41C73BFC2AB6511D51211B6239F63043
2026/05/25 16:14:24 serial 1422
2026/05/25 16:14:24 Processing protocol: 0x01 
2026/05/25 16:14:24 ✅ Login packet - IMEI: 867440069564328, Serial: 1422
2026/05/25 16:14:24 Sent response: FC1E463B0DFB5BFB0015
2026/05/25 16:14:26 Received: 482ED14FC4FA62C1B88363604D1928176B50ADFB9227EFE64DB20B6231730ED17C1561E6406A933A
2026/05/25 16:14:26 serial 1423
2026/05/25 16:14:26 Processing protocol: 0x22 
2026/05/25 16:14:26 ✅ Location - IMEI: 867440069564329, Lat: 22.667029, Lon: 88.584416, Speed: 27, Course: 4009, Serial: 1423
2026/05/25 16:14:28 Server listening on :5023
2026/05/25 16:14:30 Received: CA6C05C3DB0E3547439D1475C53A7421
2026/05/25 16:14:30 serial 1424
2026/05/25 16:14:30 Processing protocol: 0x13 
2026/05/25 16:14:30 ✅ Heartbeat - IMEI: 867440069564330, Battery: 2, GSM: 3, TermInfo: 6AE6590E, Serial: 1424
2026/05/25 16:14:30 Sent response: A238D974F9007E574B24
2026/05/25 16:14:32 Received: 87FA41CF4E74C543F6CDF979B12E3D19
2026/05/25 16:14:32 serial 1425
2026/05/25 16:14:32 Processing protocol: 0x13 
2026/05/25 16:14:32 ✅ Heartbeat - IMEI: 867440069564321, Battery: 4, GSM: 5, TermInfo: 40507EB2, Serial: 1425
2026/05/25 16:14:32 Sent response: A4BCAF1DAF1EDE6B37DE
2026/05/25 16:14:32 Connection error: EOF
2026/05/25 16:14:34 Server listening on :5023
2026/05/25 16:14:36 Client connected: 49.197.254.155:40164
2026/05/25 16:14:36 Received: 6B547976A2899F1F0E39E4A959E9CB5B5980B4FF
2026/05/25 16:14:36 serial 1426
2026/05/25 16:14:36 Processing protocol: 0x01 
2026/05/25 16:14:36 ✅ Login packet - IMEI: 867440069564326, Serial: 1426
2026/05/25 16:14:36 Sent response: 3AACC811036F1ADE90F6
2026/05/25 16:14:38 Received: EAF198A0F132C0FF53E7B7BD98EC4FCE019F4CFA1408E3A069C48F71A99DFD6D0F1A58
2026/05/25 16:14:38 serial 1427
2026/05/25 16:14:38 Processing protocol: 0x26 
2026/05/25 16:14:38 ⚠️ Unknown protocol: 0x26
2026/05/25 16:14:40 Received: 462350055F171B78AFE95E8D2AA37CDD39F8D67AE911D6CAE146937B0565A6DF15C317
2026/05/25 16:14:40 serial 1428
2026/05/25 16:14:40 Processing protocol: 0x26 
2026/05/25 16:14:40 ⚠️ Unknown protocol: 0x26
2026/05/25 16:14:42 Received: CE631B39C3D4C98113F251D70AC7FFE3D99A9BDEC081B870F336AE3F08953FD1DDAC0D
2026/05/25 16:14:42 serial 1429
2026/05/25 16:14:42 Processing protocol: 0x26 
2026/05/25 16:14:42 ⚠️ Unknown protocol: 0x26
2026/05/25 16:14:44 Received: 9B1B372DC477975D19BEB41472D8D254B15C461759C2C74A31D8F08E4031880CB85B8D
2026/05/25 16:14:44 serial 1430
2026/05/25 16:14:44 Processing protocol: 0x26 
2026/05/25 16:14:44 ⚠️ Unknown protocol: 0x26
2026/05/25 16:14:46 Server listening on :5023
2026/05/25 16:14:48 Received: C770FBDDD0D4B8FC1E1EFE7DD6A8A995
2026/05/25 16:14:48 serial 1431
2026/05/25 16:14:48 Processing protocol: 0x13 
2026/05/25 16:14:48 ✅ Heartbeat - IMEI: 867440069564323, Battery: 4, GSM: 4, TermInfo: 80BA71FB, Serial: 1431
2026/05/25 16:14:48 Sent response: C3AEDBAAF5693DF6B532
2026/05/25 16:14:50 Received: C7296921D66233225F0EC64723A79B80BD8244AEFE18167A37336039441126391A7171
2026/05/25 16:14:50 serial 1432
2026/05/25 16:14:50 Processing protocol: 0x26 
2026/05/25 16:14:50 ⚠️ Unknown protocol: 0x26
2026/05/25 16:14:52 Received: 5A83A2F67D05F2D6DD0E6C36B774B498
2026/05/25 16:14:52 serial 1433
2026/05/25 16:14:52 Processing protocol: 0x13 
2026/05/25 16:14:52 ✅ Heartbeat - IMEI: 867440069564323, Battery: 4, GSM: 5, TermInfo: 4A6C6E9B, Serial: 1433
2026/05/25 16:14:52 Sent response: 6A82235FC707EFB30B90
2026/05/25 16:14:54 Received: 8A6CD7C2912EFCFBF0D641E76F380F43
2026/05/25 16:14:54 serial 1434
2026/05/25 16:14:54 Processing protocol: 0x13 
2026/05/25 16:14:54 ✅ Heartbeat - IMEI: 867440069564324, Battery: 4, GSM: 3, TermInfo: 65BAF189, Serial: 1434
2026/05/25 16:14:54 Sent response: F854CA9F92AE228CB7B6
2026/05/25 16:14:56 Received: DCC0283C12E588632B16CC1F1C9BC4551DBE8753FEF69C6EF05905770F6BAFE4821066CA050F7BE8
2026/05/25 16:14:56 serial 1435
2026/05/25 16:14:56 Processing protocol: 0x22 
2026/05/25 16:14:56 ✅ Location - IMEI: 867440069564325, Lat: 22.601200, Lon: 88.344667, Speed: 68, Course: 4892, Serial: 1435
2026/05/25 16:14:58 Received: 8E5B8E13DAE7A55BCAB8C026
2026/05/25 16:14:58 serial 1436
2026/05/25 16:14:58 Processing protocol: 0x94 
2026/05/25 16:14:58 ℹ️ Information transmission packet
2026/05/25 16:15:00 Received: 987760BE7DF7E2182BCFFDE1074E71CE
2026/05/25 16:15:00 serial 1437
2026/05/25 16:15:00 Processing protocol: 0x13 
2026/05/25 16:15:00 ✅ Heartbeat - IMEI: 867440069564323, Battery: 6, GSM: 1, TermInfo: 7BCA8A82, Serial: 1437
2026/05/25 16:15:00 Sent response: 7F56E651E2A1D3DA9E81
2026/05/25 16:15:02 Received: FB86FACB059A3102B84C8CFD
2026/05/25 16:15:02 serial 1438
2026/05/25 16:15:02 Processing protocol: 0x94 
2026/05/25 16:15:02 ℹ️ Information transmission packet
2026/05/25 16:15:04 Received: 22346D327190F3A5EC1A78D0D8E07E9B5775696F3CF1E6A08928D447A103881D163C48C1D4BAC4DC
2026/05/25 16:15:04 serial 1439
2026/05/25 16:15:04 Processing protocol: 0x22 
2026/05/25 16:15:04 ✅ Location - IMEI: 867440069564325, Lat: 22.579125, Lon: 88.302513, Speed: 12, Course: 1852, Serial: 1439
2026/05/25 16:15:04 Connection error: EOF
2026/05/25 16:15:06 Received: EF36400136B99404F14C3981
2026/05/25 16:15:06 serial 1440
2026/05/25 16:15:06 Processing protocol: 0x94 
2026/05/25 16:15:06 ℹ️ Information transmission packet
2026/05/25 16:15:08 Received: 295F7CEE2ED037BF1E026449AE441CA3
2026/05/25 16:15:08 serial 1441
2026/05/25 16:15:08 Processing protocol: 0x13 
2026/05/25 16:15:08 ✅ Heartbeat - IMEI: 867440069564321, Battery: 3, GSM: 3, TermInfo: 8CC9BDA4, Serial: 1441
2026/05/25 16:15:08 Sent response: 5124A33C3B5E2FBFBE3D
2026/05/25 16:15:10 Received: 363D9906A8C768C27D0A224166D2E97A
2026/05/25 16:15:10 serial 1442
2026/05/25 16:15:10 Processing protocol: 0x13 
2026/05/25 16:15:10 ✅ Heartbeat - IMEI: 867440069564326, Battery: 2, GSM: 3, TermInfo: F3F4C211, Serial: 1442
2026/05/25 16:15:10 Sent response: 6C82ECBBF2C782590B69
2026/05/25 16:15:12 Received: 056700E2CD12E201C3600B97
2026/05/25 16:15:12 serial 1443
2026/05/25 16:15:12 Processing protocol: 0x94 
2026/05/25 16:15:12 ℹ️ Information transmission packet
2026/05/25 16:15:14 Received: A7BC6213AA8A1479564C9BB1926725D08AF44C0DFE12CEAE38EDBB6541DADC64EB9B55
2026/05/25 16:15:14 serial 1444
2026/05/25 16:15:14 Processing protocol: 0x26 
2026/05/25 16:15:14 ⚠️ Unknown protocol: 0x26
2026/05/25 16:15:16 Received: 7D5DD89489535E4E1676CE685DD1C4B9DA2681CF8B946B1F73F0EE5E254EE3B38BC8A5
2026/05/25 16:15:16 serial 1445
2026/05/25 16:15:16 Processing protocol: 0x26 
2026/05/25 16:15:16 ⚠️ Unknown protocol: 0x26
2026/05/25 16:15:18 Received: B6F369961C7000FBF5140BF4C24E0184EDC90817AB379DD7E9E9E146E448481FD0ED70
2026/05/25 16:15:18 serial 1446
2026/05/25 16:15:18 Processing protocol: 0x26 
2026/05/25 16:15:18 ⚠️ Unknown protocol: 0x26
2026/05/25 16:15:20 Received: 448E40341D128406F08426ED069D31F8D1CDE28623BB1F676540C21F9DC1CECC9240FD6002256E63
2026/05/25 16:15:20 serial 1447
2026/05/25 16:15:20 Processing protocol: 0x22 
2026/05/25 16:15:20 ✅ Location - IMEI: 867440069564326, Lat: 22.624082, Lon: 88.320341, Speed: 96, Course: 3377, Serial: 1447
2026/05/25 16:15:22 Received: E9D024E18A0D162D814C6010C1C78006
2026/05/25 16:15:22 serial 1448
2026/05/25 16:15:22 Processing protocol: 0x13 
2026/05/25 16:15:22 ✅ Heartbeat - IMEI: 867440069564321, Battery: 2, GSM: 3, TermInfo: 6FEC6D76, Serial: 1448
2026/05/25 16:15:22 Sent response: E3647BAF0A97BBBDD3E5
2026/05/25 16:15:24 Received: BC2E2D19D37A6AF12B23450EFFBC0184
2026/05/25 16:15:24 serial 1449
2026/05/25 16:15:24 Processing protocol: 0x13 
2026/05/25 16:15:24 ✅ Heartbeat - IMEI: 867440069564321, Battery: 5, GSM: 4, TermInfo: C4A58127, Serial: 1449
2026/05/25 16:15:24 Sent response: 86185C6A545E4CC39565
2026/05/25 16:15:26 Client connected: 183.241.232.219:25161
2026/05/25 16:15:26 Received: B8BD7F1743B72DDBD34CCDF6EAAFE866E680ED73
2026/05/25 16:15:26 serial 1450
2026/05/25 16:15:26 Processing protocol: 0x01 
2026/05/25 16:15:26 ✅ Login packet - IMEI: 867440069564329, Serial: 1450
2026/05/25 16:15:26 Sent response: 78A8FCBC408A600D3614
2026/05/25 16:15:28 Received: 3E18B85F61EF0EA38AF515B4D8C3C855
2026/05/25 16:15:28 serial 1451
2026/05/25 16:15:28 Processing protocol: 0x13 
2026/05/25 16:15:28 ✅ Heartbeat - IMEI: 867440069564327, Battery: 2, GSM: 2, TermInfo: E7D02A81, Serial: 1451
2026/05/25 16:15:28 Sent response: 24AB2F84D575406960DD
2026/05/25 16:15:28 Connection error: EOF
2026/05/25 16:15:30 Server listening on :5023
2026/05/25 16:15:32 Client connected: 46.26.76.27:12519
2026/05/25 16:15:32 Received: 09D9DF2F43C4539B077730FC1AFE9DC34341CC3A
2026/05/25 16:15:32 serial 1452
2026/05/25 16:15:32 Processing protocol: 0x01 
2026/05/25 16:15:32 ✅ Login packet - IMEI: 867440069564325, Serial: 1452
2026/05/25 16:15:32 Sent response: B4DE9D969952102A8342
2026/05/25 16:15:34 Received: 2A51ED4D47D265BF5E7D77C8EABFE1A9FC8A2E3C86E56BDF5B6E6D60A35D29ECD474F74C21F59CDD
2026/05/25 16:15:34 serial 1453
2026/05/25 16:15:34 Processing protocol: 0x22 
2026/05/25 16:15:34 ✅ Location - IMEI: 867440069564325, Lat: 22.657961, Lon: 88.385487, Speed: 113, Course: 1546, Serial: 1453
2026/05/25 16:15:36 Client connected: 187.240.129.179:56508
2026/05/25 16:15:36 Received: 369AEDA5FB28ADD23225E1FBA37F4C925388827F
2026/05/25 16:15:36 serial 1454
2026/05/25 16:15:36 Processing protocol: 0x01 
2026/05/25 16:15:36 ✅ Login packet - IMEI: 867440069564321, Serial: 1454
2026/05/25 16:15:36 Sent response: 2A27BB883472E95E492E
2026/05/25 16:15:38 Received: 6FCA632779F72E3A7C85D64DB74AB550AE31A96D5F99CF1F585BCB2063FB3A9A47076D
2026/05/25 16:15:38 serial 1455
2026/05/25 16:15:38 Processing protocol: 0x26 
2026/05/25 16:15:38 ⚠️ Unknown protocol: 0x26
2026/05/25 16:15:40 Received: 49583E9F8FD4C806E987775A2E9EE141DE46E00D50B35314B44090A743E2BBE9E995D50813EB458A
2026/05/25 16:15:40 serial 1456
2026/05/25 16:15:40 Processing protocol: 0x22 
2026/05/25 16:15:40 ✅ Location - IMEI: 867440069564330, Lat: 22.615671, Lon: 88.484895, Speed: 13, Course: 2566, Serial: 1456
2026/05/25 16:15:40 Connection error: EOF
2026/05/25 16:15:42 Server listening on :5023
2026/05/25 16:15:44 Client connected: 234.27.195.62:43865
2026/05/25 16:15:44 Received: 50B514662A8035F6E67EF425B464809799825BE1
2026/05/25 16:15:44 serial 1457
2026/05/25 16:15:44 Processing protocol: 0x01 
2026/05/25 16:15:44 ✅ Login packet - IMEI: 867440069564323, Serial: 1457
2026/05/25 16:15:44 Sent response: 2981AD085F57A96E6F2C
2026/05/25 16:15:46 Client connected: 160.2.241.126:56583
2026/05/25 16:15:46 Received: 3EB379292D9BAB84F20A7EA3971959ED85206C16
2026/05/25 16:15:46 serial 1458
2026/05/25 16:15:46 Processing protocol: 0x01 
2026/05/25 16:15:46 ✅ Login packet - IMEI: 867440069564326, Serial: 1458
2026/05/25 16:15:46 Sent response: EC7A4EFE104D7A7EFE5B
2026/05/25 16:15:48 Received: 162BD8CE1A2B7888A9C67F0F
2026/05/25 16:15:48 serial 1459
2026/05/25 16:15:48 Processing protocol: 0x94 
2026/05/25 16:15:48 ℹ️ Information transmission packet
2026/05/25 16:15:50 Received: 254C94F277E44F9ED2CC6A27
2026/05/25 16:15:50 serial 1460
2026/05/25 16:15:50 Processing protocol: 0x94 
2026/05/25 16:15:50 ℹ️ Information transmission packet
2026/05/25 16:15:52 Received: 67BD79211B6D3043A7682EB783BF1CF3
2026/05/25 16:15:52 serial 1461
2026/05/25 16:15:52 Processing protocol: 0x13 
2026/05/25 16:15:52 ✅ Heartbeat - IMEI: 867440069564324, Battery: 3, GSM: 3, TermInfo: C2A0748C, Serial: 1461
2026/05/25 16:15:52 Sent response: 1F51B43D1DE8EEA609CA
2026/05/25 16:15:54 Server listening on :5023
2026/05/25 16:15:56 Client connected: 87.12.84.144:23333
2026/05/25 16:15:56 Received: 39E6DB47283170D6EE83294EEBD30B48E3E519C7
2026/05/25 16:15:56 serial 1462
2026/05/25 16:15:56 Processing protocol: 0x01 
2026/05/25 16:15:56 ✅ Login packet - IMEI: 867440069564327, Serial: 1462
2026/05/25 16:15:56 Sent response: B2B6B58FCC9C394D30C7
2026/05/25 16:15:58 Client connected: 122.209.143.203:39532
2026/05/25 16:15:58 Received: 2825498D0A215B350A45FB4AE33C6A330C2FFC7F
2026/05/25 16:15:58 serial 1463
2026/05/25 16:15:58 Processing protocol: 0x01 
2026/05/25 16:15:58 ✅ Login packet - IMEI: 867440069564323, Serial: 1463
2026/05/25 16:15:58 Sent response: ED8173F33CD6ED4C3FE9
2026/05/25 16:16:00 Received: 7C26A0D2DFCE5A29FA152EC1
2026/05/25 16:16:00 serial 1464
2026/05/25 16:16:00 Processing protocol: 0x94 
2026/05/25 16:16:00 ℹ️ Information transmission packet
2026/05/25 16:16:02 Received: 3CF099AC4B1600EEC92FC2D5D498FB35
2026/05/25 16:16:02 serial 1465
2026/05/25 16:16:02 Processing protocol: 0x13 
2026/05/25 16:16:02 ✅ Heartbeat - IMEI: 867440069564323, Battery: 6, GSM: 5, TermInfo: 70326DD9, Serial: 1465
2026/05/25 16:16:02 Sent response: AB7092E5A952D83C911D
2026/05/25 16:16:02 Connection error: EOF
2026/05/25 16:16:04 Client connected: 67.202.240.24:15646
2026/05/25 16:16:04 Received: 33759028220DBB820C89FB2EA7309449B338A897
2026/05/25 16:16:04 serial 1466
2026/05/25 16:16:04 Processing protocol: 0x01 
2026/05/25 16:16:04 ✅ Login packet - IMEI: 867440069564327, Serial: 1466
2026/05/25 16:16:04 Sent response: BF903A9D8CAA00E4460A
2026/05/25 16:16:06 Client connected: 86.153.38.235:18525
2026/05/25 16:16:06 Received: 8018F3A05A17A3D9871E092437CF5C2B128D6A47
2026/05/25 16:16:06 serial 1467
2026/05/25 16:16:06 Processing protocol: 0x01 
2026/05/25 16:16:06 ✅ Login packet - IMEI: 867440069564323, Serial: 1467
2026/05/25 16:16:06 Sent response: C215F97996B915FF604A
2026/05/25 16:16:08 Received: A13DA900800519961B47AFC0F8BBC1D2
2026/05/25 16:16:08 serial 1468
2026/05/25 16:16:08 Processing protocol: 0x13 
2026/05/25 16:16:08 ✅ Heartbeat - IMEI: 867440069564321, Battery: 2, GSM: 5, TermInfo: 1F2D37DB, Serial: 1468
2026/05/25 16:16:08 Sent response: 1C65640A9FD0A927AB29
2026/05/25 16:16:10 Received: ABDE40CCEFC29109F17AB643
2026/05/25 16:16:10 serial 1469
2026/05/25 16:16:10 Processing protocol: 0x94 
2026/05/25 16:16:10 ℹ️ Information transmission packet
2026/05/25 16:16:12 Received: 7E518E5C27414A5AA7FA6F95D1CB8D2D
2026/05/25 16:16:12 serial 1470
2026/05/25 16:16:12 Processing protocol: 0x13 
2026/05/25 16:16:12 ✅ Heartbeat - IMEI: 867440069564324, Battery: 4, GSM: 1, TermInfo: DD1B3E74, Serial: 1470
2026/05/25 16:16:12 Sent response: DE118220E39852B07380
2026/05/25 16:16:14 Server listening on :5023
2026/05/25 16:16:16 Received: 7DB448B1E6FBBF35ED4867B6
2026/05/25 16:16:16 serial 1471
2026/05/25 16:16:16 Processing protocol: 0x94 
2026/05/25 16:16:16 ℹ️ Information transmission packet
2026/05/25 16:16:18 Client connected: 160.182.235.72:35613
2026/05/25 16:16:18 Received: 01AACE393345629E7B81B96CF3BCC1CDB2C45D73
2026/05/25 16:16:18 serial 1472
2026/05/25 16:16:18 Processing protocol: 0x01 
2026/05/25 16:16:18 ✅ Login packet - IMEI: 867440069564330, Serial: 1472
2026/05/25 16:16:18 Sent response: BACA749D987E9CEA26F7
2026/05/25 16:16:20 Received: 17A164C9E95653C129B0E02F9474C447CA06FBF0BAB3C033E8C925045AD8AB8B9FEDF94160957687
2026/05/25 16:16:20 serial 1473
2026/05/25 16:16:20 Processing protocol: 0x22 
2026/05/25 16:16:20 ✅ Location - IMEI: 867440069564330, Lat: 22.550643, Lon: 88.412351, Speed: 73, Course: 1275, Serial: 1473
2026/05/25 16:16:22 Received: ABC70144C549B08A67DF3C0C3B9558F79EE6F870B6CCF2049052BC49BCC69C129392B63F8B0046F6
2026/05/25 16:16:22 serial 1474
2026/05/25 16:16:22 Processing protocol: 0x22 
2026/05/25 16:16:22 ✅ Location - IMEI: 867440069564330, Lat: 22.508696, Lon: 88.487521, Speed: 27, Course: 3434, Serial: 1474
2026/05/25 16:16:24 Received: 8152C3CABC9B27C684EF9037
2026/05/25 16:16:24 serial 1475
2026/05/25 16:16:24 Processing protocol: 0x94 
2026/05/25 16:16:24 ℹ️ Information transmission packet
2026/05/25 16:16:24 Connection error: EOF
2026/05/25 16:16:26 Received: 49923DFC4D3FE2AE1C8D62D23E53215931E8991C210B0BF3B531538CA79775DD901DA21C5410A679
2026/05/25 16:16:26 serial 1476
2026/05/25 16:16:26 Processing protocol: 0x22 
2026/05/25 16:16:26 ✅ Location - IMEI: 867440069564325, Lat: 22.672293, Lon: 88.567106, Speed: 113, Course: 1681, Serial: 1476
2026/05/25 16:16:28 Received: A957DF70FE729462DE5243EA2A533B65E7F104CA705FCC232CDB26FFE867AF781B32EF
2026/05/25 16:16:28 serial 1477
2026/05/25 16:16:28 Processing protocol: 0x26 
2026/05/25 16:16:28 ⚠️ Unknown protocol: 0x26
2026/05/25 16:16:30 Received: B51435D8AC4C41A231658951033844AAF62465C29493DC7EF96313F70689F8B268570DE41DE5B3CF
2026/05/25 16:16:30 serial 1478
2026/05/25 16:16:30 Processing protocol: 0x22 
2026/05/25 16:16:30 ✅ Location - IMEI: 867440069564328, Lat: 22.691302, Lon: 88.466089, Speed: 67, Course: 1692, Serial: 1478
2026/05/25 16:16:32 Client connected: 66.105.146.43:44875
2026/05/25 16:16:32 Received: 4E01EDED0692A3DF4DE2546C8E4401C97E2699B6
2026/05/25 16:16:32 serial 1479
2026/05/25 16:16:32 Processing protocol: 0x01 
2026/05/25 16:16:32 ✅ Login packet - IMEI: 867440069564322, Serial: 1479
2026/05/25 16:16:32 Sent response: B92C3B42E56B58C9FD38
2026/05/25 16:16:34 Client connected: 183.52.69.154:16433
2026/05/25 16:16:34 Received: CE08A896081D7F394A86D55CAB056B00DC985D8F
2026/05/25 16:16:34 serial 1480
2026/05/25 16:16:34 Processing protocol: 0x01 
2026/05/25 16:16:34 ✅ Login packet - IMEI: 867440069564323, Serial: 1480
2026/05/25 16:16:34 Sent response: 96A6357C62319F362088
2026/05/25 16:16:34 Connection error: EOF
2026/05/25 16:16:36 Received: B97F4AA25B07C41A51CDE8FD
2026/05/25 16:16:36 serial 1481
2026/05/25 16:16:36 Processing protocol: 0x94 
2026/05/25 16:16:36 ℹ️ Information transmission packet
2026/05/25 16:16:38 Received: 0EAD47A6A19BD494EF2A18587E57B74AAC431F55911B18D4B8CEBF9866AEBB9ECE6334633F7953E4
2026/05/25 16:16:38 serial 1482
2026/05/25 16:16:38 Processing protocol: 0x22 
2026/05/25 16:16:38 ✅ Location - IMEI: 867440069564328, Lat: 22.685593, Lon: 88.308090, Speed: 26, Course: 2101, Serial: 1482
2026/05/25 16:16:38 Connection error: EOF
2026/05/25 16:16:40 Received: 018ABF0EC0D7C40D93E43838
2026/05/25 16:16:40 serial 1483
2026/05/25 16:16:40 Processing protocol: 0x94 
2026/05/25 16:16:40 ℹ️ Information transmission packet
2026/05/25 16:16:42 Received: 0A0CF9A5AE9A86EC48BC6224
2026/05/25 16:16:42 serial 1484
2026/05/25 16:16:42 Processing protocol: 0x94 
2026/05/25 16:16:42 ℹ️ Information transmission packet
2026/05/25 16:16:42 Connection error: EOF
2026/05/25 16:16:44 Received: BC341E0DA9F5D20F1682CC12E7633CA4
2026/05/25 16:16:44 serial 1485
2026/05/25 16:16:44 Processing protocol: 0x13 
2026/05/25 16:16:44 ✅ Heartbeat - IMEI: 867440069564323, Battery: 2, GSM: 5, TermInfo: 42BD93D0, Serial: 1485
2026/05/25 16:16:44 Sent response: 9FE4CB05255604601271
2026/05/25 16:16:46 Client connected: 176.60.142.194:42034
2026/05/25 16:16:46 Received: 54D36744006880E315703FECA9BC43A89FE991C1
2026/05/25 16:16:46 serial 1486
2026/05/25 16:16:46 Processing protocol: 0x01 
2026/05/25 16:16:46 ✅ Login packet - IMEI: 867440069564326, Serial: 1486
2026/05/25 16:16:46 Sent response: F62B95F83B573DE8A4E3
2026/05/25 16:16:48 Received: B4E13395F660F81093405BCFDE5981A86FC90EAD6EB18D2645490C87D792C818400422DC5018E807
2026/05/25 16:16:48 serial 1487
2026/05/25 16:16:48 Processing protocol: 0x22 
2026/05/25 16:16:48 ✅ Location - IMEI: 867440069564322, Lat: 22.686608, Lon: 88.452512, Speed: 102, Course: 3396, Serial: 1487
2026/05/25 16:16:50 Received: B280BD423DC96DFB39D40C185586C7B6D624668882805E42F041195ADDC26AB8AEC06B5F31FE7643
2026/05/25 16:16:50 serial 1488
2026/05/25 16:16:50 Processing protocol: 0x22 
2026/05/25 16:16:50 ✅ Location - IMEI: 867440069564329, Lat: 22.527095, Lon: 88.519541, Speed: 68, Course: 1620, Serial: 1488
2026/05/25 16:16:52 Client connected: 44.130.199.18:12658
2026/05/25 16:16:52 Received: 696E7039F20D97E5CEEEF96CDA77E737CFD7154F
2026/05/25 16:16:52 serial 1489
2026/05/25 16:16:52 Processing protocol: 0x01 
2026/05/25 16:16:52 ✅ Login packet - IMEI: 867440069564329, Serial: 1489
2026/05/25 16:16:52 Sent response: 966996B1B1A3DF41795E
2026/05/25 16:16:54 Client connected: 248.149.3.255:18055
2026/05/25 16:16:54 Received: A74709CCF47CD30B02450260E8845AF7B6126CA0
2026/05/25 16:16:54 serial 1490
2026/05/25 16:16:54 Processing protocol: 0x01 
2026/05/25 16:16:54 ✅ Login packet - IMEI: 867440069564325, Serial: 1490
2026/05/25 16:16:54 Sent response: BDCF9A6928CB2E7FEBF9
2026/05/25 16:16:56 Received: A147E5B6533B6186C3C99881
2026/05/25 16:16:56 serial 1491
2026/05/25 16:16:56 Processing protocol: 0x94 
2026/05/25 16:16:56 ℹ️ Information transmission packet
2026/05/25 16:16:58 Received: D7CB7549D75DBD711306B9CA06F1A1DB0BD30771445B8CDA7A3D40E4A05B5245BFAEEE1758559F5A
2026/05/25 16:16:58 serial 1492
2026/05/25 16:16:58 Processing protocol: 0x22 
2026/05/25 16:16:58 ✅ Location - IMEI: 867440069564325, Lat: 22.570733, Lon: 88.349036, Speed: 119, Course: 3253, Serial: 1492
2026/05/25 16:17:00 Received: 3D5A4D6EA753EE50B8F685CBF304766BD44EA878157E93422584183FFEE04DA02D1D08
2026/05/25 16:17:00 serial 1493
2026/05/25 16:17:00 Processing protocol: 0x26 
2026/05/25 16:17:00 ⚠️ Unknown protocol: 0x26
2026/05/25 16:17:02 Received: 659E82D1E8E9E3C40E65DAD3C06716EA
2026/05/25 16:17:02 serial 1494
2026/05/25 16:17:02 Processing protocol: 0x13 
2026/05/25 16:17:02 ✅ Heartbeat - IMEI: 867440069564321, Battery: 6, GSM: 3, TermInfo: C7602122, Serial: 1494
2026/05/25 16:17:02 Sent response: F3809DD1E1010EE8C496
2026/05/25 16:17:04 Server listening on :5023
2026/05/25 16:17:06 Received: DD04D0AD0DF548F607BBA49B50CFEF8DDED0220A8FE53CB06E4C5B9A1266651B1E18CE
2026/05/25 16:17:06 serial 1495
2026/05/25 16:17:06 Processing protocol: 0x26 
2026/05/25 16:17:06 ⚠️ Unknown protocol: 0x26
2026/05/25 16:17:06 Connection error: EOF
2026/05/25 16:17:08 Received: F7EC30C951CA86EFEA38E6DB57A0CFE3
2026/05/25 16:17:08 serial 1496
2026/05/25 16:17:08 Processing protocol: 0x13 
2026/05/25 16:17:08 ✅ Heartbeat - IMEI: 867440069564328, Battery: 5, GSM: 4, TermInfo: 4167A3C9, Serial: 1496
2026/05/25 16:17:08 Sent response: 2E8036C4D0C02F764504
2026/05/25 16:17:10 Received: 50D89E161FD889FAFBA457B2743F39379476168DD1CDF5ACF444A539A0E8F515C76199
2026/05/25 16:17:10 serial 1497
2026/05/25 16:17:10 Processing protocol: 0x26 
2026/05/25 16:17:10 ⚠️ Unknown protocol: 0x26
2026/05/25 16:17:12 Received: 0A71A98154D15BF1B0B7EC06
2026/05/25 16:17:12 serial 1498
2026/05/25 16:17:12 Processing protocol: 0x94 
2026/05/25 16:17:12 ℹ️ Information transmission packet
2026/05/25 16:17:14 Client connected: 175.236.105.65:48404
2026/05/25 16:17:14 Received: 6CFE5864D927D018D0D38F9EACAB255439633B7F
2026/05/25 16:17:14 serial 1499
2026/05/25 16:17:14 Processing protocol: 0x01 
2026/05/25 16:17:14 ✅ Login packet - IMEI: 867440069564324, Serial: 1499
2026/05/25 16:17:14 Sent response: 65B0CE7FB33BCDAEB8E8
2026/05/25 16:17:16 Server listening on :5023
2026/05/25 16:17:18 Received: D94A46F16B18990C3199189785ED624B4B3F7F9B4EAEC03B8411D026CE2A70111C0FB3
2026/05/25 16:17:18 serial 1500
2026/05/25 16:17:18 Processing protocol: 0x26 
2026/05/25 16:17:18 ⚠️ Unknown protocol: 0x26
2026/05/25 16:17:20 Received: 164AA6896CD33828066CB5FC
2026/05/25 16:17:20 serial 1501
2026/05/25 16:17:20 Processing protocol: 0x94 
2026/05/25 16:17:20 ℹ️ Information transmission packet
2026/05/25 16:17:20 Connection error: EOF
2026/05/25 16:17:22 Received: 56A45605F96C8E68A576D2D89FF459D2F29CD2C8812F4AF7689D726A2C26195E2601D6
2026/05/25 16:17:22 serial 1502
2026/05/25 16:17:22 Processing protocol: 0x26 
2026/05/25 16:17:22 ⚠️ Unknown protocol: 0x26
2026/05/25 16:17:24 Client connected: 199.159.145.139:55730
2026/05/25 16:17:24 Received: 708898DBB2F948C7A0162ED8DD48B7D0F79574B3
2026/05/25 16:17:24 serial 1503
2026/05/25 16:17:24 Processing protocol: 0x01 
2026/05/25 16:17:24 ✅ Login packet - IMEI: 867440069564330, Serial: 1503
2026/05/25 16:17:24 Sent response: A239481BDAC4E6A95C13
2026/05/25 16:17:26 Client connected: 225.167.181.164:38845
2026/05/25 16:17:26 Received: D8459D8B3DCE7CE4B2BB0E1264D58985039C225D
2026/05/25 16:17:26 serial 1504
2026/05/25 16:17:26 Processing protocol: 0x01 
2026/05/25 16:17:26 ✅ Login packet - IMEI: 867440069564326, Serial: 1504
2026/05/25 16:17:26 Sent response: 439B6B09B805D0B3A2BE
2026/05/25 16:17:28 Received: BB79E49764492045AE9FB8CF
2026/05/25 16:17:28 serial 1505
2026/05/25 16:17:28 Processing protocol: 0x94 
2026/05/25 16:17:28 ℹ️ Information transmission packet
2026/05/25 16:17:30 Received: 3A8BFACA50732E7479841D48
2026/05/25 16:17:30 serial 1506
2026/05/25 16:17:30 Processing protocol: 0x94 
2026/05/25 16:17:30 ℹ️ Information transmission packet
2026/05/25 16:17:32 Client connected: 187.15.109.68:56570
2026/05/25 16:17:32 Received: 6AAB08680EDD8881D918B52F2D4357B956D2B448
2026/05/25 16:17:32 serial 1507
2026/05/25 16:17:32 Processing protocol: 0x01 
2026/05/25 16:17:32 ✅ Login packet - IMEI: 867440069564329, Serial: 1507
2026/05/25 16:17:32 Sent response: 6CADFB474B444FB817FD
2026/05/25 16:17:34 Received: 351728AA4FDBA15401DFA61E
2026/05/25 16:17:34 serial 1508
2026/05/25 16:17:34 Processing protocol: 0x94 
2026/05/25 16:17:34 ℹ️ Information transmission packet
2026/05/25 16:17:34 Connection error: EOF
2026/05/25 16:17:36 Received: 775C4375120CB329563B2DCB797F762BFEFA9E6A6D3B9EF994D6A07AD6504E41BF4AED685200FCB9
2026/05/25 16:17:36 serial 1509
2026/05/25 16:17:36 Processing protocol: 0x22 
2026/05/25 16:17:36 ✅ Location - IMEI: 867440069564321, Lat: 22.526470, Lon: 88.534611, Speed: 67, Course: 1181, Serial: 1509
2026/05/25 16:17:38 Server listening on :5023
2026/05/25 16:17:40 Received: A4DD613A2C5D8A8E1E0133FED026C9319012940AC8EBACDD7CD42F468955E6FEE3494C
2026/05/25 16:17:40 serial 1510
2026/05/25 16:17:40 Processing protocol: 0x26 
2026/05/25 16:17:40 ⚠️ Unknown protocol: 0x26
2026/05/25 16:17:42 Received: DF44697C38964C4BA8D510C0
2026/05/25 16:17:42 serial 1511
2026/05/25 16:17:42 Processing protocol: 0x94 
2026/05/25 16:17:42 ℹ️ Information transmission packet
2026/05/25 16:17:44 Received: C5C20CC1E76A055841EFA1B0F4B3DBF9E254028A0A1F5AD5C489887F1B650F99873CAEF76F61819A
2026/05/25 16:17:44 serial 1512
2026/05/25 16:17:44 Processing protocol: 0x22 
2026/05/25 16:17:44 ✅ Location - IMEI: 867440069564322, Lat: 22.557807, Lon: 88.500635, Speed: 102, Course: 5205, Serial: 1512
2026/05/25 16:17:44 Connection error: EOF
2026/05/25 16:17:46 Received: 0F05FC898229AB0B77792ED33AE47826
2026/05/25 16:17:46 serial 1513
2026/05/25 16:17:46 Processing protocol: 0x13 
2026/05/25 16:17:46 ✅ Heartbeat - IMEI: 867440069564326, Battery: 6, GSM: 2, TermInfo: F3AD9D77, Serial: 1513
2026/05/25 16:17:46 Sent response: FE045CAD8F0864A2356B
2026/05/25 16:17:48 Received: 6DAFE33978D0DB49C7116871C0A42455E870716239E3F281100B9D1A8E2E5E0C10F18ECEE92A4510
2026/05/25 16:17:48 serial 1514
2026/05/25 16:17:48 Processing protocol: 0x22 
2026/05/25 16:17:48 ✅ Location - IMEI: 867440069564330, Lat: 22.686632, Lon: 88.449628, Speed: 61, Course: 1475, Serial: 1514
2026/05/25 16:17:50 Received: E64EF11D88F8B4FC9926E3D95B3A469A890166309B82A399263163BC0D3B51E80FBDA50038F387DD
2026/05/25 16:17:50 serial 1515
2026/05/25 16:17:50 Processing protocol: 0x22 
2026/05/25 16:17:50 ✅ Location - IMEI: 867440069564321, Lat: 22.653044, Lon: 88.382556, Speed: 92, Course: 5069, Serial: 1515
2026/05/25 16:17:52 Server listening on :5023
2026/05/25 16:17:54 Received: 0F0AA0BF5F404A0AFD531E8F
2026/05/25 16:17:54 serial 1516
2026/05/25 16:17:54 Processing protocol: 0x94 
2026/05/25 16:17:54 ℹ️ Information transmission packet
2026/05/25 16:17:56 Received: C33F133DED610BF24BD1039D356DB8198E6BCCADD7A1B6349C610F168340B7CA644B63
2026/05/25 16:17:56 serial 1517
2026/05/25 16:17:56 Processing protocol: 0x26 
2026/05/25 16:17:56 ⚠️ Unknown protocol: 0x26
2026/05/25 16:17:58 Received: 9A15B3EF563354C6F76D86247FAA990CCAA77D35F84E8C650F75CB981F477F4619666C
2026/05/25 16:17:58 serial 1518
2026/05/25 16:17:58 Processing protocol: 0x26 
2026/05/25 16:17:58 ⚠️ Unknown protocol: 0x26
2026/05/25 16:18:00 Received: FE85555A9AEEE736043247F2B1B430796FD8931989DC8E2033CE558B2339211A216991854EE7242E
2026/05/25 16:18:00 serial 1519
2026/05/25 16:18:00 Processing protocol: 0x22 
2026/05/25 16:18:00 ✅ Location - IMEI: 867440069564324, Lat: 22.624672, Lon: 88.508647, Speed: 55, Course: 2964, Serial: 1519
2026/05/25 16:18:02 Received: 31EC69ED3B87FA8BC92C3A19
2026/05/25 16:18:02 serial 1520
2026/05/25 16:18:02 Processing protocol: 0x94 
2026/05/25 16:18:02 ℹ️ Information transmission packet
2026/05/25 16:18:02 Connection error: EOF
2026/05/25 16:18:04 Received: 25F5334D06B48CAA7CF48594
2026/05/25 16:18:04 serial 1521
2026/05/25 16:18:04 Processing protocol: 0x94 
2026/05/25 16:18:04 ℹ️ Information transmission packet
2026/05/25 16:18:06 Received: 144A450198448A1610DE1C2FEB26258A
2026/05/25 16:18:06 serial 1522
2026/05/25 16:18:06 Processing protocol: 0x13 
2026/05/25 16:18:06 ✅ Heartbeat - IMEI: 867440069564329, Battery: 4, GSM: 2, TermInfo: 5913B7CC, Serial: 1522
2026/05/25 16:18:06 Sent response: 6563638244082E2A3941
2026/05/25 16:18:08 Received: 65D0E1B22851391B625633A68CA938A5
2026/05/25 16:18:08 serial 1523
2026/05/25 16:18:08 Processing protocol: 0x13 
2026/05/25 16:18:08 ✅ Heartbeat - IMEI: 867440069564328, Battery: 1, GSM: 4, TermInfo: B8BCEC3B, Serial: 1523
2026/05/25 16:18:08 Sent response: 9DFC4EDF60EA774A10FE
2026/05/25 16:18:08 Connection error: EOF
2026/05/25 16:18:10 Received: BC08146CB50B397866A46C94890266271E098E6AB72C881F0C83BFF48836DF25413C5A08D3C24E00
2026/05/25 16:18:10 serial 1524
2026/05/25 16:18:10 Processing protocol: 0x22 
2026/05/25 16:18:10 ✅ Location - IMEI: 867440069564328, Lat: 22.602117, Lon: 88.397544, Speed: 39, Course: 5851, Serial: 1524
2026/05/25 16:18:12 Received: 76CA0ED7BD585A20101CB1AF53FDC23B
2026/05/25 16:18:12 serial 1525
2026/05/25 16:18:12 Processing protocol: 0x13 
2026/05/25 16:18:12 ✅ Heartbeat - IMEI: 867440069564322, Battery: 2, GSM: 3, TermInfo: DC74FF04, Serial: 1525
2026/05/25 16:18:12 Sent response: AA68B0264A1404F4BC68
2026/05/25 16:18:14 Received: B0E13DEC611D3B05153927915D6BAE83
2026/05/25 16:18:14 serial 1526
2026/05/25 16:18:14 Processing protocol: 0x13 
2026/05/25 16:18:14 ✅ Heartbeat - IMEI: 867440069564324, Battery: 5, GSM: 1, TermInfo: 5EE1C002, Serial: 1526
2026/05/25 16:18:14 Sent response: 0782B34DE04D638A7ECB
2026/05/25 16:18:16 Server listening on :5023
2026/05/25 16:18:18 Received: 86B93CA9FFB849DE40FF4A4987CB725CDBC6054FC0C3A2053C5BA0957B2148B2CCFE43
2026/05/25 16:18:18 serial 1527
2026/05/25 16:18:18 Processing protocol: 0x26 
2026/05/25 16:18:18 ⚠️ Unknown protocol: 0x26
2026/05/25 16:18:18 Connection error: EOF
2026/05/25 16:18:20 Received: D4021EC029B7D7EA5210C277EAF5B3116DA84FD92B348DF31B44D92883B7D1C75B5B5E
2026/05/25 16:18:20 serial 1528
2026/05/25 16:18:20 Processing protocol: 0x26 
2026/05/25 16:18:20 ⚠️ Unknown protocol: 0x26
2026/05/25 16:18:22 Received: 865C5F6FD996EC91D49DCE66
2026/05/25 16:18:22 serial 1529
2026/05/25 16:18:22 Processing protocol: 0x94 
2026/05/25 16:18:22 ℹ️ Information transmission packet
2026/05/25 16:18:24 Received: 136B816E9007522F8BD60D6D
2026/05/25 16:18:24 serial 1530
2026/05/25 16:18:24 Processing protocol: 0x94 
2026/05/25 16:18:24 ℹ️ Information transmission packet
2026/05/25 16:18:26 Received: 41AA9EC35B383428C34933CB
2026/05/25 16:18:26 serial 1531
2026/05/25 16:18:26 Processing protocol: 0x94 
2026/05/25 16:18:26 ℹ️ Information transmission packet
2026/05/25 16:18:28 Received: 2EBA4D28B297AC373EC8091EE55DA677CEB4CFE55495BEAE6DD3CC217042166D35D535
2026/05/25 16:18:28 serial 1532
2026/05/25 16:18:28 Processing protocol: 0x26 
2026/05/25 16:18:28 ⚠️ Unknown protocol: 0x26
2026/05/25 16:18:30 Received: 108EE26FE56D5052C4B99EE2
2026/05/25 16:18:30 serial 1533
2026/05/25 16:18:30 Processing protocol: 0x94 
2026/05/25 16:18:30 ℹ️ Information transmission packet
2026/05/25 16:18:32 Received: 5A35F5674D340849FFAA671891F69A91200D47E6BCF9878BB72F037DF79F5789FBE5D5AC34774221
2026/05/25 16:18:32 serial 1534
2026/05/25 16:18:32 Processing protocol: 0x22 
2026/05/25 16:18:32 ✅ Location - IMEI: 867440069564324, Lat: 22.587632, Lon: 88.390530, Speed: 30, Course: 5207, Serial: 1534
2026/05/25 16:18:34 Received: CBC57BAB0CCA8F297C927541
2026/05/25 16:18:34 serial 1535
2026/05/25 16:18:34 Processing protocol: 0x94 
2026/05/25 16:18:34 ℹ️ Information transmission packet
2026/05/25 16:18:36 Received: 18EBAD678BB772E0470FA830CB374472DA9021C42122E5ECA967E7CDD8BE64EA15094322A1397955
2026/05/25 16:18:36 serial 1536
2026/05/25 16:18:36 Processing protocol: 0x22 
2026/05/25 16:18:36 ✅ Location - IMEI: 867440069564327, Lat: 22.556854, Lon: 88.326085, Speed: 112, Course: 1024, Serial: 1536
2026/05/25 16:18:36 Connection error: EOF
2026/05/25 16:18:38 Received: B4AA140EA05896C0F1B99E7EDB55FE01
2026/05/25 16:18:38 serial 1537
2026/05/25 16:18:38 Processing protocol: 0x13 
2026/05/25 16:18:38 ✅ Heartbeat - IMEI: 867440069564321, Battery: 2, GSM: 1, TermInfo: 00E26A65, Serial: 1537
2026/05/25 16:18:38 Sent response: AD942DBDC32174E24494
2026/05/25 16:18:40 Received: 158EFA8EE9B7324D09A97465
2026/05/25 16:18:40 serial 1538
2026/05/25 16:18:40 Processing protocol: 0x94 
2026/05/25 16:18:40 ℹ️ Information transmission packet
2026/05/25 16:18:40 Connection error: EOF
2026/05/25 16:18:42 Received: 68F380FF80C2D6C4A443A669AE0FAFE2
2026/05/25 16:18:42 serial 1539
2026/05/25 16:18:42 Processing protocol: 0x13 
2026/05/25 16:18:42 ✅ Heartbeat - IMEI: 867440069564325, Battery: 1, GSM: 1, TermInfo: D4079132, Serial: 1539
2026/05/25 16:18:42 Sent response: 9D168FF2FE75EC43923A
2026/05/25 16:18:44 Received: ABCFAA47DAAE70724E7DE12CE6ECC3A478D02CDB7810ED7E09059818A44A4641A70887
2026/05/25 16:18:44 serial 1540
2026/05/25 16:18:44 Processing protocol: 0x26 
2026/05/25 16:18:44 ⚠️ Unknown protocol: 0x26
2026/05/25 16:18:46 Server listening on :5023
2026/05/25 16:18:48 Received: 6EE9C1E82F04D0E36259CA9CC7C8002E
2026/05/25 16:18:48 serial 1541
2026/05/25 16:18:48 Processing protocol: 0x13 
2026/05/25 16:18:48 ✅ Heartbeat - IMEI: 867440069564323, Battery: 3, GSM: 3, TermInfo: 0D5F38E7, Serial: 1541
2026/05/25 16:18:48 Sent response: AB229279A9739D60ED3A
2026/05/25 16:18:48 Connection error: EOF
2026/05/25 16:18:50 Received: DBD69225892CC79CBB468915
2026/05/25 16:18:50 serial 1542
2026/05/25 16:18:50 Processing protocol: 0x94 
2026/05/25 16:18:50 ℹ️ Information transmission packet
2026/05/25 16:18:52 Received: 219164C86E02BD3178DBB8CBBBC0181308AFD74E258F8166EEE7CD6A6D722D0DD2B1715B2346F85D
2026/05/25 16:18:52 serial 1543
2026/05/25 16:18:52 Processing protocol: 0x22 
2026/05/25 16:18:52 ✅ Location - IMEI: 867440069564327, Lat: 22.632773, Lon: 88.543021, Speed: 38, Course: 1062, Serial: 1543
2026/05/25 16:18:54 Server listening on :5023
2026/05/25 16:18:56 Received: B62D4AFAD2BECD0DB00D4AF6171B3669
2026/05/25 16:18:56 serial 1544
2026/05/25 16:18:56 Processing protocol: 0x13 
2026/05/25 16:18:56 ✅ Heartbeat - IMEI: 867440069564325, Battery: 2, GSM: 2, TermInfo: 3F589EAB, Serial: 1544
2026/05/25 16:18:56 Sent response: F7F88DF1D7612CF42E13
2026/05/25 16:18:58 Received: 227D90DE597653EB73A7F010D735F1AB3831F8C119EE2D195A7EAA454BD7343BB72692DB05C92615
2026/05/25 16:18:58 serial 1545
2026/05/25 16:18:58 Processing protocol: 0x22 
2026/05/25 16:18:58 ✅ Location - IMEI: 867440069564321, Lat: 22.561871, Lon: 88.416527, Speed: 47, Course: 4378, Serial: 1545
2026/05/25 16:19:00 Received: 2EB84FF90D9BECE9117E7FFAF22EE1A0B17B3370FA131DC5DB7A9AC26D524479465767
2026/05/25 16:19:00 serial 1546
2026/05/25 16:19:00 Processing protocol: 0x26 
2026/05/25 16:19:00 ⚠️ Unknown protocol: 0x26
2026/05/25 16:19:00 Connection error: EOF
2026/05/25 16:19:02 Received: 26FBD95CCA635C92BB470602F29EB999
2026/05/25 16:19:02 serial 1547
2026/05/25 16:19:02 Processing protocol: 0x13 
2026/05/25 16:19:02 ✅ Heartbeat - IMEI: 867440069564321, Battery: 4, GSM: 2, TermInfo: CE86A59A, Serial: 1547
2026/05/25 16:19:02 Sent response: F6CFBF59C3432A1C9E15
2026/05/25 16:19:04 Client connected: 123.131.251.139:17723
2026/05/25 16:19:04 Received: 5E006EB53128AF8D840AB26DC5A8FD6FFF617D99
2026/05/25 16:19:04 serial 1548
2026/05/25 16:19:04 Processing protocol: 0x01 
2026/05/25 16:19:04 ✅ Login packet - IMEI: 867440069564328, Serial: 1548
2026/05/25 16:19:04 Sent response: 11C4EB46721E9027618C
2026/05/25 16:19:06 Received: 6BCFEE83AEF754E6E09F6A18D3BCE65C
2026/05/25 16:19:06 serial 1549
2026/05/25 16:19:06 Processing protocol: 0x13 
2026/05/25 16:19:06 ✅ Heartbeat - IMEI: 867440069564327, Battery: 3, GSM: 1, TermInfo: A48ADA01, Serial: 1549
2026/05/25 16:19:06 Sent response: 91D7B09F73C7397D1524
2026/05/25 16:19:08 Server listening on :5023
2026/05/25 16:19:08 Connection error: EOF
2026/05/25 16:19:10 Received: BC9E0F1323DC1555BEE26969058B89ED8DFAEDEA4B68E0930AD21E7E4C34B1CD06F697
2026/05/25 16:19:10 serial 1550
2026/05/25 16:19:10 Processing protocol: 0x26 
2026/05/25 16:19:10 ⚠️ Unknown protocol: 0x26
2026/05/25 16:19:10 Connection error: EOF
2026/05/25 16:19:12 Received: 3751240433C0B1ADE9F2D25E8869D604DF2966CD2274586A96077BAD7E024F55F837C3F2E3A8D659
2026/05/25 16:19:12 serial 1551
2026/05/25 16:19:12 Processing protocol: 0x22 
2026/05/25 16:19:12 ✅ Location - IMEI: 867440069564323, Lat: 22.613594, Lon: 88.562391, Speed: 49, Course: 3046, Serial: 1551
2026/05/25 16:19:14 Client connected: 150.176.220.91:24699
2026/05/25 16:19:14 Received: 51525701058E0876A095268E7882E6107C45C38B
2026/05/25 16:19:14 serial 1552
2026/05/25 16:19:14 Processing protocol: 0x01 
2026/05/25 16:19:14 ✅ Login packet - IMEI: 867440069564322, Serial: 1552
2026/05/25 16:19:14 Sent response: A8B3A0BC05310FAF5074
2026/05/25 16:19:16 Received: 3A920ED5ACF4723F558D0DED8E27D18FA75B564A0A7037D026EB06CB47A234AB301E26
2026/05/25 16:19:16 serial 1553
2026/05/25 16:19:16 Processing protocol: 0x26 
2026/05/25 16:19:16 ⚠️ Unknown protocol: 0x26
2026/05/25 16:19:18 Received: 9CCC58106AC08C11BBF79E681BB94656
2026/05/25 16:19:18 serial 1554
2026/05/25 16:19:18 Processing protocol: 0x13 
2026/05/25 16:19:18 ✅ Heartbeat - IMEI: 867440069564321, Battery: 5, GSM: 1, TermInfo: FC6C894B, Serial: 1554
2026/05/25 16:19:18 Sent response: DAE9477976B360A3D3CA
2026/05/25 16:19:20 Server listening on :5023
2026/05/25 16:19:22 Client connected: 112.138.37.118:21094
2026/05/25 16:19:22 Received: 92CBE1B9A1A2296478F7930F330099E660C8E077
2026/05/25 16:19:22 serial 1555
2026/05/25 16:19:22 Processing protocol: 0x01 
2026/05/25 16:19:22 ✅ Login packet - IMEI: 867440069564324, Serial: 1555
2026/05/25 16:19:22 Sent response: 1B4058BAB9BE174F45F4
2026/05/25 16:19:22 Connection error: EOF
2026/05/25 16:19:24 Client connected: 91.222.4.183:13446
2026/05/25 16:19:24 Received: A55E2CEF97E5BF61C5EAA13B60F95A84A3312824
2026/05/25 16:19:24 serial 1556
2026/05/25 16:19:24 Processing protocol: 0x01 
2026/05/25 16:19:24 ✅ Login packet - IMEI: 867440069564326, Serial: 1556
2026/05/25 16:19:24 Sent response: 030B4BFDF2A01187106D
2026/05/25 16:19:26 Received: 2142CA0D824AE22E902C4E9E
2026/05/25 16:19:26 serial 1557
2026/05/25 16:19:26 Processing protocol: 0x94 
2026/05/25 16:19:26 ℹ️ Information transmission packet
2026/05/25 16:19:28 Received: 7051B05F7E2B730B4FC8E2DA
2026/05/25 16:19:28 serial 1558
2026/05/25 16:19:28 Processing protocol: 0x94 
2026/05/25 16:19:28 ℹ️ Information transmission packet
2026/05/25 16:19:30 Received: ED5C4D8C33A63D01063F09F991505866FC12CC04B69D92D3C1560E6A5919CAAE54DDB51778196D0C
2026/05/25 16:19:30 serial 1559
2026/05/25 16:19:30 Processing protocol: 0x22 
2026/05/25 16:19:30 ✅ Location - IMEI: 867440069564326, Lat: 22.637225, Lon: 88.570086, Speed: 4, Course: 1203, Serial: 1559
2026/05/25 16:19:32 Server listening on :5023
2026/05/25 16:19:34 Received: E6B29DEFE89566EC1D5D223CFC8CB917
2026/05/25 16:19:34 serial 1560
2026/05/25 16:19:34 Processing protocol: 0x13 
2026/05/25 16:19:34 ✅ Heartbeat - IMEI: 867440069564330, Battery: 4, GSM: 5, TermInfo: 16564436, Serial: 1560
2026/05/25 16:19:34 Sent response: E0FA3267E5CD9EE77860
2026/05/25 16:19:36 Client connected: 215.169.38.160:18715
2026/05/25 16:19:36 Received: 720E3924478C42F60552CC5354F71CDDE120CFA8
2026/05/25 16:19:36 serial 1561
2026/05/25 16:19:36 Processing protocol: 0x01 
2026/05/25 16:19:36 ✅ Login packet - IMEI: 867440069564327, Serial: 1561
2026/05/25 16:19:36 Sent response: A1F04A84221EC9772211
2026/05/25 16:19:36 Connection error: EOF
2026/05/25 16:19:38 Received: 472C6914DAC7099943AA6273490C71DA
2026/05/25 16:19:38 serial 1562
2026/05/25 16:19:38 Processing protocol: 0x13 
2026/05/25 16:19:38 ✅ Heartbeat - IMEI: 867440069564324, Battery: 6, GSM: 4, TermInfo: 943889C1, Serial: 1562
2026/05/25 16:19:38 Sent response: 29A719BBDCCA80F83E1A
2026/05/25 16:19:40 Received: 6202D396077C43ED3026367062074F346E6FCA1B8B5BF03895422113D678504EBF057F
2026/05/25 16:19:40 serial 1563
2026/05/25 16:19:40 Processing protocol: 0x26 
2026/05/25 16:19:40 ⚠️ Unknown protocol: 0x26
2026/05/25 16:19:42 Received: 39C95C05D42136B87A842C1714CC9855164200A8F7EB6168E23DDB8FAD0DCFE685421E6D5D5EDEFA
2026/05/25 16:19:42 serial 1564
2026/05/25 16:19:42 Processing protocol: 0x22 
2026/05/25 16:19:42 ✅ Location - IMEI: 867440069564321, Lat: 22.633400, Lon: 88.314039, Speed: 114, Course: 4367, Serial: 1564
2026/05/25 16:19:44 Received: DEC35F23747E618C3D5AE6F4561422D28DC7F59A0C6E20E83040EA81251344405D020F
2026/05/25 16:19:44 serial 1565
2026/05/25 16:19:44 Processing protocol: 0x26 
2026/05/25 16:19:44 ⚠️ Unknown protocol: 0x26
2026/05/25 16:19:44 Connection error: EOF
2026/05/25 16:19:46 Server listening on :5023
2026/05/25 16:19:48 Server listening on :5023
2026/05/25 16:19:50 Server listening on :5023
2026/05/25 16:19:52 Client connected: 175.71.44.133:32140
2026/05/25 16:19:52 Received: D33ACCA10E26081465F1AAF804AC001DE129C454
2026/05/25 16:19:52 serial 1566
2026/05/25 16:19:52 Processing protocol: 0x01 
2026/05/25 16:19:52 ✅ Login packet - IMEI: 867440069564325, Serial: 1566
2026/05/25 16:19:52 Sent response: 25479C4462B8D9D31B4D
2026/05/25 16:19:54 Server listening on :5023
2026/05/25 16:19:56 Received: A5CCE2452C0F8A5B47FFA085
2026/05/25 16:19:56 serial 1567
2026/05/25 16:19:56 Processing protocol: 0x94 
2026/05/25 16:19:56 ℹ️ Information transmission packet
2026/05/25 16:19:56 Connection error: EOF
2026/05/25 16:19:58 Received: EF84275F6C28D1ABB095DDAE
2026/05/25 16:19:58 serial 1568
2026/05/25 16:19:58 Processing protocol: 0x94 
2026/05/25 16:19:58 ℹ️ Information transmission packet
2026/05/25 16:19:58 Connection error: EOF
2026/05/25 16:20:00 Received: 54D7F892EFA17B05685C1A9BE166DCB8
2026/05/25 16:20:00 serial 1569
2026/05/25 16:20:00 Processing protocol: 0x13 
2026/05/25 16:20:00 ✅ Heartbeat - IMEI: 867440069564324, Battery: 4, GSM: 3, TermInfo: A95E9D5E, Serial: 1569
2026/05/25 16:20:00 Sent response: 2DB1A39BEDD4021D1834
2026/05/25 16:20:02 Received: 390C9DBB6D1B6511CBE16A49
2026/05/25 16:20:02 serial 1570
2026/05/25 16:20:02 Processing protocol: 0x94 
2026/05/25 16:20:02 ℹ️ Information transmission packet
2026/05/25 16:20:04 Received: E8F82A3EFA799BD7926EC8AB
2026/05/25 16:20:04 serial 1571
2026/05/25 16:20:04 Processing protocol: 0x94 
2026/05/25 16:20:04 ℹ️ Information transmission packet
2026/05/25 16:20:06 Client connected: 235.250.10.190:18447
2026/05/25 16:20:06 Received: 1EE1460513D6AB03F5D46951863D4FD00EBB89FB
2026/05/25 16:20:06 serial 1572
2026/05/25 16:20:06 Processing protocol: 0x01 
2026/05/25 16:20:06 ✅ Login packet - IMEI: 867440069564322, Serial: 1572
2026/05/25 16:20:06 Sent response: 0AC5A7EAC3693771AE63
2026/05/25 16:20:08 Client connected: 174.243.170.135:24408
2026/05/25 16:20:08 Received: 61046A5E2842AD81397DF11051101E19ACFCF7C8
2026/05/25 16:20:08 serial 1573
2026/05/25 16:20:08 Processing protocol: 0x01 
2026/05/25 16:20:08 ✅ Login packet - IMEI: 867440069564329, Serial: 1573
2026/05/25 16:20:08 Sent response: 953C6A0532F99BD40748
2026/05/25 16:20:10 Server listening on :5023
2026/05/25 16:20:10 Connection error: EOF
2026/05/25 16:20:12 Received: 55DB2D33C896B5176B3DC64B6F2B15DFC0FFF7FEDBFEA47A38BED521E673328ABC23AA
2026/05/25 16:20:12 serial 1574
2026/05/25 16:20:12 Processing protocol: 0x26 
2026/05/25 16:20:12 ⚠️ Unknown protocol: 0x26
2026/05/25 16:20:14 Server listening on :5023
2026/05/25 16:20:16 Received: 6E5B11E053C4A2ED843491AF2F32FFE9
2026/05/25 16:20:16 serial 1575
2026/05/25 16:20:16 Processing protocol: 0x13 
2026/05/25 16:20:16 ✅ Heartbeat - IMEI: 867440069564323, Battery: 6, GSM: 1, TermInfo: 2E47792E, Serial: 1575
2026/05/25 16:20:16 Sent response: 424E47B46F295EB46BCF
2026/05/25 16:20:18 Received: CDBA905B9C45AA96DD72283E24B2432D
2026/05/25 16:20:18 serial 1576
2026/05/25 16:20:18 Processing protocol: 0x13 
2026/05/25 16:20:18 ✅ Heartbeat - IMEI: 867440069564323, Battery: 6, GSM: 2, TermInfo: FEE73EED, Serial: 1576
2026/05/25 16:20:18 Sent response: 12D677C69E36B96D0EE6
2026/05/25 16:20:20 Server listening on :5023
2026/05/25 16:20:20 Connection error: EOF
2026/05/25 16:20:22 Received: 9A2C8B79916E34646C5282FA9E1A7C3742D0D4B301B6A8C1F92739AEA6F6C47E0D65D7
2026/05/25 16:20:22 serial 1577
2026/05/25 16:20:22 Processing protocol: 0x26 
2026/05/25 16:20:22 ⚠️ Unknown protocol: 0x26
2026/05/25 16:20:24 Received: D9FDF3967EED5395E1A898EDC849171A7010C5DE854AE7E3259523D63591AE00406980
2026/05/25 16:20:24 serial 1578
2026/05/25 16:20:24 Processing protocol: 0x26 
2026/05/25 16:20:24 ⚠️ Unknown protocol: 0x26
2026/05/25 16:20:26 Received: 5F79D648A2B5FBE470D490B904A457F4
2026/05/25 16:20:26 serial 1579
2026/05/25 16:20:26 Processing protocol: 0x13 
2026/05/25 16:20:26 ✅ Heartbeat - IMEI: 867440069564326, Battery: 3, GSM: 5, TermInfo: D589F08A, Serial: 1579
2026/05/25 16:20:26 Sent response: 939C3BFB53920386687D
2026/05/25 16:20:28 Server listening on :5023
2026/05/25 16:20:30 Client connected: 221.96.63.203:25920
2026/05/25 16:20:30 Received: C957D08936F65395382577C2E0BABCD1BE4AE593
2026/05/25 16:20:30 serial 1580
2026/05/25 16:20:30 Processing protocol: 0x01 
2026/05/25 16:20:30 ✅ Login packet - IMEI: 867440069564327, Serial: 1580
2026/05/25 16:20:30 Sent response: 936B817F4358095B83B1
2026/05/25 16:20:30 Connection error: EOF
2026/05/25 16:20:32 Received: AD89898E3C800A5FF59CCAFF
2026/05/25 16:20:32 serial 1581
2026/05/25 16:20:32 Processing protocol: 0x94 
2026/05/25 16:20:32 ℹ️ Information transmission packet
2026/05/25 16:20:34 Client connected: 227.30.168.252:36909
2026/05/25 16:20:34 Received: 2A47FC6790617EE7DEA45C97A62DA02A2F589C2B
2026/05/25 16:20:34 serial 1582
2026/05/25 16:20:34 Processing protocol: 0x01 
2026/05/25 16:20:34 ✅ Login packet - IMEI: 867440069564322, Serial: 1582
2026/05/25 16:20:34 Sent response: 3A3750FD9DB41FE18A10
2026/05/25 16:20:36 Received: FBB56871A48A5FB35DA293C56602FD2AF07AE05854BA643671FA773577A93D5BA5B110D3E98C6AE6
2026/05/25 16:20:36 serial 1583
2026/05/25 16:20:36 Processing protocol: 0x22 
2026/05/25 16:20:36 ✅ Location - IMEI: 867440069564329, Lat: 22.596610, Lon: 88.493182, Speed: 3, Course: 5255, Serial: 1583
2026/05/25 16:20:38 Received: A5667466AECFCF4C5F059CC9676BE119
2026/05/25 16:20:38 serial 1584
2026/05/25 16:20:38 Processing protocol: 0x13 
2026/05/25 16:20:38 ✅ Heartbeat - IMEI: 867440069564329, Battery: 6, GSM: 4, TermInfo: 73E91489, Serial: 1584
2026/05/25 16:20:38 Sent response: AF74B24BEBE444478BF9
2026/05/25 16:20:40 Received: 4A037B24279998C22DEDF1341F1E9779406C7D6CDBEA82A964568799A335DCA44BA726A554E50BD3
2026/05/25 16:20:40 serial 1585
2026/05/25 16:20:40 Processing protocol: 0x22 
2026/05/25 16:20:40 ✅ Location - IMEI: 867440069564324, Lat: 22.551300, Lon: 88.553376, Speed: 93, Course: 3368, Serial: 1585
2026/05/25 16:20:42 Server listening on :5023
2026/05/25 16:20:44 Client connected: 102.125.94.171:55745
2026/05/25 16:20:44 Received: E00B151D36E273A4A846B5C5CAEC55C7BD93473E
2026/05/25 16:20:44 serial 1586
2026/05/25 16:20:44 Processing protocol: 0x01 
2026/05/25 16:20:44 ✅ Login packet - IMEI: 867440069564325, Serial: 1586
2026/05/25 16:20:44 Sent response: 1F2896C99187F9A8A0D6
2026/05/25 16:20:44 Connection error: EOF
2026/05/25 16:20:46 Server listening on :5023
2026/05/25 16:20:48 Received: 6DDE3AF5C39FE7965A02F53E7CB085C2
2026/05/25 16:20:48 serial 1587
2026/05/25 16:20:48 Processing protocol: 0x13 
2026/05/25 16:20:48 ✅ Heartbeat - IMEI: 867440069564328, Battery: 5, GSM: 3, TermInfo: 3A8AE9DE, Serial: 1587
2026/05/25 16:20:48 Sent response: C85AD7ECD53A2F3B1236
2026/05/25 16:20:50 Received: C08CD2AA0F7D0424C236F1AA13045D9206D4993E806C43FD2AEA5E9E79025D1C684432CE629DC58B
2026/05/25 16:20:50 serial 1588
2026/05/25 16:20:50 Processing protocol: 0x22 
2026/05/25 16:20:50 ✅ Location - IMEI: 867440069564327, Lat: 22.528463, Lon: 88.543311, Speed: 104, Course: 1056, Serial: 1588
2026/05/25 16:20:52 Received: D1A64342F41A4BA918FD56EF
2026/05/25 16:20:52 serial 1589
2026/05/25 16:20:52 Processing protocol: 0x94 
2026/05/25 16:20:52 ℹ️ Information transmission packet
2026/05/25 16:20:54 Received: D3E01FDBE8D3F9C5E4FCB24A2E63FF81
2026/05/25 16:20:54 serial 1590
2026/05/25 16:20:54 Processing protocol: 0x13 
2026/05/25 16:20:54 ✅ Heartbeat - IMEI: 867440069564321, Battery: 1, GSM: 3, TermInfo: 5136B76A, Serial: 1590
2026/05/25 16:20:54 Sent response: 4D6F220A1A5BF89DEAED
2026/05/25 16:20:56 Received: E038CDBB84EEE1CD68B661ABEAE3B92F8AEB2E5515A276F232D5E9DC381FD37BAB5D4546396634C4
2026/05/25 16:20:56 serial 1591
2026/05/25 16:20:56 Processing protocol: 0x22 
2026/05/25 16:20:56 ✅ Location - IMEI: 867440069564324, Lat: 22.630130, Lon: 88.483236, Speed: 107, Course: 2664, Serial: 1591
2026/05/25 16:20:56 Connection error: EOF
2026/05/25 16:20:58 Client connected: 91.84.47.234:43033
2026/05/25 16:20:58 Received: C8B74E9972836AA3CDB5520A7EA34217E0FE6257
2026/05/25 16:20:58 serial 1592
2026/05/25 16:20:58 Processing protocol: 0x01 
2026/05/25 16:20:58 ✅ Login packet - IMEI: 867440069564327, Serial: 1592
2026/05/25 16:20:58 Sent response: 5351269C2A2A936BD177
2026/05/25 16:21:00 Received: A862BD6E972EFF97E9850E6828B1ACF167F4D3A422D5561BABCF884ACA4D3C1EB3D1B6
2026/05/25 16:21:00 serial 1593
2026/05/25 16:21:00 Processing protocol: 0x26 
2026/05/25 16:21:00 ⚠️ Unknown protocol: 0x26
2026/05/25 16:21:00 Connection error: EOF
2026/05/25 16:21:02 Client connected: 126.174.129.224:19300
2026/05/25 16:21:02 Received: EE69FDFA058CEB1E60B6002AFE2691A0D844E310
2026/05/25 16:21:02 serial 1594
2026/05/25 16:21:02 Processing protocol: 0x01 
2026/05/25 16:21:02 ✅ Login packet - IMEI: 867440069564322, Serial: 1594
2026/05/25 16:21:02 Sent response: 018A649226D0E49840EB
2026/05/25 16:21:04 Received: CA657545751344AA55229AA2
2026/05/25 16:21:04 serial 1595
2026/05/25 16:21:04 Processing protocol: 0x94 
2026/05/25 16:21:04 ℹ️ Information transmission packet
2026/05/25 16:21:06 Received: C39E8BF6867994C300224CA7E9FFC74F
2026/05/25 16:21:06 serial 1596
2026/05/25 16:21:06 Processing protocol: 0x13 
2026/05/25 16:21:06 ✅ Heartbeat - IMEI: 867440069564323, Battery: 3, GSM: 1, TermInfo: E232175F, Serial: 1596
2026/05/25 16:21:06 Sent response: AB9BAE0B8831E3A75DF1
2026/05/25 16:21:08 Received: 55628073235A55562040EFEB6DB5DC7F
2026/05/25 16:21:08 serial 1597
2026/05/25 16:21:08 Processing protocol: 0x13 
2026/05/25 16:21:08 ✅ Heartbeat - IMEI: 867440069564327, Battery: 5, GSM: 4, TermInfo: 70E73707, Serial: 1597
2026/05/25 16:21:08 Sent response: 76D257FDAEF8571E1681
2026/05/25 16:21:10 Received: 5BE6961252EE7F65F0E0A528E7AE8BA0FF2FAAC7813F9FE01B73DC4A182F7E12BD869DE1F4132E75
2026/05/25 16:21:10 serial 1598
2026/05/25 16:21:10 Processing protocol: 0x22 
2026/05/25 16:21:10 ✅ Location - IMEI: 867440069564321, Lat: 22.650819, Lon: 88.410548, Speed: 6, Course: 5436, Serial: 1598
2026/05/25 16:21:12 Server listening on :5023
2026/05/25 16:21:14 Received: 0BE96748E8C89630F27BE7284570F399
2026/05/25 16:21:14 serial 1599
2026/05/25 16:21:14 Processing protocol: 0x13 
2026/05/25 16:21:14 ✅ Heartbeat - IMEI: 867440069564325, Battery: 1, GSM: 3, TermInfo: 82930233, Serial: 1599
2026/05/25 16:21:14 Sent response: 465356A868D0FEF23CAF
2026/05/25 16:21:16 Server listening on :5023
2026/05/25 16:21:16 Connection error: EOF
2026/05/25 16:21:18 Received: 5F5D0464B7B6F907D4FA1160744EC0EDFF882DE7ABD8115EAECE6ADD557D0D5A0670A601EF6808C4
2026/05/25 16:21:18 serial 1600
2026/05/25 16:21:18 Processing protocol: 0x22 
2026/05/25 16:21:18 ✅ Location - IMEI: 867440069564324, Lat: 22.646337, Lon: 88.462768, Speed: 71, Course: 5586, Serial: 1600
2026/05/25 16:21:18 Connection error: EOF
2026/05/25 16:21:20 Received: 31C7DC888317F37F60CEFD09
2026/05/25 16:21:20 serial 1601
2026/05/25 16:21:20 Processing protocol: 0x94 
2026/05/25 16:21:20 ℹ️ Information transmission packet
2026/05/25 16:21:22 Received: 43A0824D89A486182A7E9674747CA8DD2B51A6A4D1B936DF0393FF3D7BDCC71A32F03EED94B40DFB
2026/05/25 16:21:22 serial 1602
2026/05/25 16:21:22 Processing protocol: 0x22 
2026/05/25 16:21:22 ✅ Location - IMEI: 867440069564324, Lat: 22.667032, Lon: 88.522061, Speed: 17, Course: 3102, Serial: 1602
2026/05/25 16:21:24 Client connected: 22.30.247.23:45683
2026/05/25 16:21:24 Received: 2A745B30449FA084A256AEBABF3A4AB7DF2B3BC6
2026/05/25 16:21:24 serial 1603
2026/05/25 16:21:24 Processing protocol: 0x01 
2026/05/25 16:21:24 ✅ Login packet - IMEI: 867440069564324, Serial: 1603
2026/05/25 16:21:24 Sent response: 73F5ECF53404BEE63E2C
2026/05/25 16:21:26 Received: 5BC859A5EE390741F2E995C9DBFBE94ED5C1B5F6A0C99E8D330C26B7EB28D9F743CAA6
2026/05/25 16:21:26 serial 1604
2026/05/25 16:21:26 Processing protocol: 0x26 
2026/05/25 16:21:26 ⚠️ Unknown protocol: 0x26
2026/05/25 16:21:26 Connection error: EOF
2026/05/25 16:21:28 Client connected: 188.254.84.143:45531
2026/05/25 16:21:28 Received: 7DB328CEB44FD8FB63E807491589FE373D16013D
2026/05/25 16:21:28 serial 1605
2026/05/25 16:21:28 Processing protocol: 0x01 
2026/05/25 16:21:28 ✅ Login packet - IMEI: 867440069564326, Serial: 1605
2026/05/25 16:21:28 Sent response: B532B61C2E330AE552CA
2026/05/25 16:21:30 Received: B78B2745FF9E9F66E99BD4DEA1DF1F74
2026/05/25 16:21:30 serial 1606
2026/05/25 16:21:30 Processing protocol: 0x13 
2026/05/25 16:21:30 ✅ Heartbeat - IMEI: 867440069564328, Battery: 3, GSM: 1, TermInfo: 2EB05A83, Serial: 1606
2026/05/25 16:21:30 Sent response: BDB8096662DE2FDEF94A
2026/05/25 16:21:32 Client connected: 220.75.63.181:18855
2026/05/25 16:21:32 Received: 35D8EDCC92C46E17715E3F5B985C69452A8F7616
2026/05/25 16:21:32 serial 1607
2026/05/25 16:21:32 Processing protocol: 0x01 
2026/05/25 16:21:32 ✅ Login packet - IMEI: 867440069564328, Serial: 1607
2026/05/25 16:21:32 Sent response: 1D3E2E71C68736BA6544
2026/05/25 16:21:34 Received: D6D06A4CFC64C4D1CADFC12E
2026/05/25 16:21:34 serial 1608
2026/05/25 16:21:34 Processing protocol: 0x94 
2026/05/25 16:21:34 ℹ️ Information transmission packet
2026/05/25 16:21:36 Client connected: 55.79.197.157:42144
2026/05/25 16:21:36 Received: 98BF28D78F3403200B530D9421DD47068F29F487
2026/05/25 16:21:36 serial 1609
2026/05/25 16:21:36 Processing protocol: 0x01 
2026/05/25 16:21:36 ✅ Login packet - IMEI: 867440069564329, Serial: 1609
2026/05/25 16:21:36 Sent response: 8029515B2081C25178C9
2026/05/25 16:21:36 Connection error: EOF
2026/05/25 16:21:38 Client connected: 79.153.242.149:53429
2026/05/25 16:21:38 Received: FF2EDEB0E81C68613E30C4A64B1692ED8DA1E932
2026/05/25 16:21:38 serial 1610
2026/05/25 16:21:38 Processing protocol: 0x01 
2026/05/25 16:21:38 ✅ Login packet - IMEI: 867440069564329, Serial: 1610
2026/05/25 16:21:38 Sent response: D5195DA4CD738A6234E5
2026/05/25 16:21:40 Received: 82CCC9EADB3EAEA825632EF4
2026/05/25 16:21:40 serial 1611
2026/05/25 16:21:40 Processing protocol: 0x94 
2026/05/25 16:21:40 ℹ️ Information transmission packet
2026/05/25 16:21:42 Received: 2500DFA62B60449B89A559337B7184FD3ACC4BAC6C40B941E6C98750179BFEBF08E83A
2026/05/25 16:21:42 serial 1612
2026/05/25 16:21:42 Processing protocol: 0x26 
2026/05/25 16:21:42 ⚠️ Unknown protocol: 0x26
2026/05/25 16:21:44 Received: 1C4E26453FEB45244E47BBACC989ABB215935ADDFE198F25D3F513FE9876AB9D162E8E8FDA44AF89
2026/05/25 16:21:44 serial 1613
2026/05/25 16:21:44 Processing protocol: 0x22 
2026/05/25 16:21:44 ✅ Location - IMEI: 867440069564323, Lat: 22.662527, Lon: 88.373824, Speed: 57, Course: 3833, Serial: 1613
2026/05/25 16:21:46 Received: 120DDDF662E572A162B03654DD835A88
2026/05/25 16:21:46 serial 1614
2026/05/25 16:21:46 Processing protocol: 0x13 
2026/05/25 16:21:46 ✅ Heartbeat - IMEI: 867440069564324, Battery: 5, GSM: 1, TermInfo: 18CA3FC9, Serial: 1614
2026/05/25 16:21:46 Sent response: 325FBA7295D61621DBCF
2026/05/25 16:21:46 Connection error: EOF
2026/05/25 16:21:48 Received: 6676EAB35D4314862BD5CA37
2026/05/25 16:21:48 serial 1615
2026/05/25 16:21:48 Processing protocol: 0x94 
2026/05/25 16:21:48 ℹ️ Information transmission packet
2026/05/25 16:21:48 Connection error: EOF
2026/05/25 16:21:50 Received: 80530B087501415A64650516
2026/05/25 16:21:50 serial 1616
2026/05/25 16:21:50 Processing protocol: 0x94 
2026/05/25 16:21:50 ℹ️ Information transmission packet
2026/05/25 16:21:52 Received: FECA747582246A9A5A0F5FA52D3BE2D9
2026/05/25 16:21:52 serial 1617
2026/05/25 16:21:52 Processing protocol: 0x13 
2026/05/25 16:21:52 ✅ Heartbeat - IMEI: 867440069564327, Battery: 2, GSM: 5, TermInfo: DA123530, Serial: 1617
2026/05/25 16:21:52 Sent response: DF617253B6FFE9338A67
2026/05/25 16:21:52 Connection error: EOF
2026/05/25 16:21:54 Received: D9F30FF166FDB277A5624A00A0CDC729B89E1411F32EC9A3F984A95E7C147E46EA9423
2026/05/25 16:21:54 serial 1618
2026/05/25 16:21:54 Processing protocol: 0x26 
2026/05/25 16:21:54 ⚠️ Unknown protocol: 0x26
2026/05/25 16:21:54 Connection error: EOF
2026/05/25 16:21:56 Received: 0894E9AE976F5945438A8F5F6A2630EB13740910BBDCA0BB60DBC318BEC4008F8EA2F042ACF1977F
2026/05/25 16:21:56 serial 1619
2026/05/25 16:21:56 Processing protocol: 0x22 
2026/05/25 16:21:56 ✅ Location - IMEI: 867440069564329, Lat: 22.621124, Lon: 88.486180, Speed: 41, Course: 5685, Serial: 1619
2026/05/25 16:21:58 Server listening on :5023
2026/05/25 16:21:58 Connection error: EOF
2026/05/25 16:22:00 Client connected: 227.217.7.192:50089
2026/05/25 16:22:00 Received: 01EC4420952052C4CECD4BC6724DD6D263F4829A
2026/05/25 16:22:00 serial 1620
2026/05/25 16:22:00 Processing protocol: 0x01 
2026/05/25 16:22:00 ✅ Login packet - IMEI: 867440069564325, Serial: 1620
2026/05/25 16:22:00 Sent response: 94ED3D815E1E9724CEA7
2026/05/25 16:22:02 Received: 78D8C3D1F5F01F3E09D800C1
2026/05/25 16:22:02 serial 1621
2026/05/25 16:22:02 Processing protocol: 0x94 
2026/05/25 16:22:02 ℹ️ Information transmission packet
2026/05/25 16:22:04 Received: C9A282E2A738C6CB24DCE53A10DB85E103061A8013CFFA3C678CD2A0900F9DB71FD97F7C980D6D6C
2026/05/25 16:22:04 serial 1622
2026/05/25 16:22:04 Processing protocol: 0x22 
2026/05/25 16:22:04 ✅ Location - IMEI: 867440069564328, Lat: 22.528971, Lon: 88.429849, Speed: 56, Course: 4356, Serial: 1622
2026/05/25 16:22:06 Received: 38CB2017107181CD024AE3EDF844DA52
2026/05/25 16:22:06 serial 1623
2026/05/25 16:22:06 Processing protocol: 0x13 
2026/05/25 16:22:06 ✅ Heartbeat - IMEI: 867440069564330, Battery: 3, GSM: 4, TermInfo: AD799293, Serial: 1623
2026/05/25 16:22:06 Sent response: 44FE4DFFE34FE07E168D
2026/05/25 16:22:08 Received: 79DF6C61B1E1636C351D02B2D34F1178E8B616485B975708C0C3E8E1948AFF54F38032
2026/05/25 16:22:08 serial 1624
2026/05/25 16:22:08 Processing protocol: 0x26 
2026/05/25 16:22:08 ⚠️ Unknown protocol: 0x26
2026/05/25 16:22:08 Connection error: EOF
2026/05/25 16:22:10 Received: 83864C9CBC7B70740B41778D
2026/05/25 16:22:10 serial 1625
2026/05/25 16:22:10 Processing protocol: 0x94 
2026/05/25 16:22:10 ℹ️ Information transmission packet
2026/05/25 16:22:12 Received: CC46ACF4126BF7FD3DDDB21957ACBB03149ACDD45467AB6D451D5FC67C907C664423C2E403802A58
2026/05/25 16:22:12 serial 1626
2026/05/25 16:22:12 Processing protocol: 0x22 
2026/05/25 16:22:12 ✅ Location - IMEI: 867440069564323, Lat: 22.602732, Lon: 88.327961, Speed: 10, Course: 3782, Serial: 1626
2026/05/25 16:22:12 Connection error: EOF
2026/05/25 16:22:14 Received: B1FE7A91C4C3FD950FC2F73C2C36BD96DF1018C8086090C7CFF9426B97C3ECA0AAA3E8
2026/05/25 16:22:14 serial 1627
2026/05/25 16:22:14 Processing protocol: 0x26 
2026/05/25 16:22:14 ⚠️ Unknown protocol: 0x26
2026/05/25 16:22:16 Received: 44F048931889DFC61E6D7960
2026/05/25 16:22:16 serial 1628
2026/05/25 16:22:16 Processing protocol: 0x94 
2026/05/25 16:22:16 ℹ️ Information transmission packet
2026/05/25 16:22:16 Connection error: EOF
2026/05/25 16:22:18 Received: DEEDC37427915CFBACA9D37D377C8DDB
2026/05/25 16:22:18 serial 1629
2026/05/25 16:22:18 Processing protocol: 0x13 
2026/05/25 16:22:18 ✅ Heartbeat - IMEI: 867440069564326, Battery: 6, GSM: 1, TermInfo: 6A3A49C7, Serial: 1629
2026/05/25 16:22:18 Sent response: 7B3922D82532CDC81881
2026/05/25 16:22:20 Received: E93FC120BEAAC8D2B798E9CD
2026/05/25 16:22:20 serial 1630
2026/05/25 16:22:20 Processing protocol: 0x94 
2026/05/25 16:22:20 ℹ️ Information transmission packet
2026/05/25 16:22:22 Received: 4DF7803D41B500DE14D9D42392C3E691DC8C7E37B3F99985A928DFF255C8B2EE483BFA
2026/05/25 16:22:22 serial 1631
2026/05/25 16:22:22 Processing protocol: 0x26 
2026/05/25 16:22:22 ⚠️ Unknown protocol: 0x26
2026/05/25 16:22:24 Received: C89CACCA9CFF7AF5E5953939E7BAEFADAD5B0054554F9B33F12459DEB601362A5D6B26
2026/05/25 16:22:24 serial 1632
2026/05/25 16:22:24 Processing protocol: 0x26 
2026/05/25 16:22:24 ⚠️ Unknown protocol: 0x26
2026/05/25 16:22:26 Server listening on :5023
2026/05/25 16:22:28 Received: 907E373BAFF16C8A8B24E4DC
2026/05/25 16:22:28 serial 1633
2026/05/25 16:22:28 Processing protocol: 0x94 
2026/05/25 16:22:28 ℹ️ Information transmission packet
2026/05/25 16:22:30 Server listening on :5023
2026/05/25 16:22:32 Received: 91B0C714FFF1495AFD322D93
2026/05/25 16:22:32 serial 1634
2026/05/25 16:22:32 Processing protocol: 0x94 
2026/05/25 16:22:32 ℹ️ Information transmission packet
2026/05/25 16:22:34 Received: 8441ED28A6969526FFE39A7125102E80F65D444F407C1F6D45B58A57F1DCBEA3F8F4E6
2026/05/25 16:22:34 serial 1635
2026/05/25 16:22:34 Processing protocol: 0x26 
2026/05/25 16:22:34 ⚠️ Unknown protocol: 0x26
2026/05/25 16:22:34 Connection error: EOF
2026/05/25 16:22:36 Received: 4F7B91B4A3E5E35EFC1A6DAEE69B0DB04566FE465DF4DC03D1AAD03730F39815B4E6C7CA112EFCF4
2026/05/25 16:22:36 serial 1636
2026/05/25 16:22:36 Processing protocol: 0x22 
2026/05/25 16:22:36 ✅ Location - IMEI: 867440069564327, Lat: 22.665544, Lon: 88.307663, Speed: 4, Course: 2342, Serial: 1636
2026/05/25 16:22:38 Received: 482418374D751BD9A378DA3F
2026/05/25 16:22:38 serial 1637
2026/05/25 16:22:38 Processing protocol: 0x94 
2026/05/25 16:22:38 ℹ️ Information transmission packet
2026/05/25 16:22:40 Client connected: 151.216.227.84:13674
2026/05/25 16:22:40 Received: F0D7E0128EC5B9D6BAEA26B3CCA848F6725CCFC3
2026/05/25 16:22:40 serial 1638
2026/05/25 16:22:40 Processing protocol: 0x01 
2026/05/25 16:22:40 ✅ Login packet - IMEI: 867440069564322, Serial: 1638
2026/05/25 16:22:40 Sent response: D07765A37852A399311A
2026/05/25 16:22:42 Received: CE78232B3CC2FE2F18DB9EDEF808145B050FB2C17DE50C9C761C42FD4C3EA79EC4A99F
2026/05/25 16:22:42 serial 1639
2026/05/25 16:22:42 Processing protocol: 0x26 
2026/05/25 16:22:42 ⚠️ Unknown protocol: 0x26
2026/05/25 16:22:44 Received: C11237A6FB054F47E7A2D3F96C7347A5ACF8D4592F9901AC7DADF29C5F30396AB2E7EE
2026/05/25 16:22:44 serial 1640
2026/05/25 16:22:44 Processing protocol: 0x26 
2026/05/25 16:22:44 ⚠️ Unknown protocol: 0x26
2026/05/25 16:22:46 Received: 5D0D28598DDFE2061CAF9AD6
2026/05/25 16:22:46 serial 1641
2026/05/25 16:22:46 Processing protocol: 0x94 
2026/05/25 16:22:46 ℹ️ Information transmission packet
2026/05/25 16:22:48 Received: FB2AA1F838EC6D306151E8D6964400BE27E6E54F243C74693279082B93029D6ED75B5AFD590774F1
2026/05/25 16:22:48 serial 1642
2026/05/25 16:22:48 Processing protocol: 0x22 
2026/05/25 16:22:48 ✅ Location - IMEI: 867440069564325, Lat: 22.688805, Lon: 88.587929, Speed: 99, Course: 2092, Serial: 1642
2026/05/25 16:22:50 Server listening on :5023
2026/05/25 16:22:52 Server listening on :5023
2026/05/25 16:22:54 Received: E908893260ABEA07FA5BC51E0C7C2A88E8CDDD1218B5C29D0146E577F5B896A514541C
2026/05/25 16:22:54 serial 1643
2026/05/25 16:22:54 Processing protocol: 0x26 
2026/05/25 16:22:54 ⚠️ Unknown protocol: 0x26
2026/05/25 16:22:54 Connection error: EOF
2026/05/25 16:22:56 Client connected: 34.240.184.126:54020
2026/05/25 16:22:56 Received: 1A4C023EFB240C83409A0223D0E3A09F0F4D56ED
2026/05/25 16:22:56 serial 1644
2026/05/25 16:22:56 Processing protocol: 0x01 
2026/05/25 16:22:56 ✅ Login packet - IMEI: 867440069564328, Serial: 1644
2026/05/25 16:22:56 Sent response: 25C0BF77BD680CE0E679
2026/05/25 16:22:58 Received: 133B4CF4AAC21ECD3E714982
2026/05/25 16:22:58 serial 1645
2026/05/25 16:22:58 Processing protocol: 0x94 
2026/05/25 16:22:58 ℹ️ Information transmission packet
2026/05/25 16:23:00 Client connected: 208.65.89.223:46705
2026/05/25 16:23:00 Received: B19EFE51731714BB02E6A9C5547F7BF6B7FB77DF
2026/05/25 16:23:00 serial 1646
2026/05/25 16:23:00 Processing protocol: 0x01 
2026/05/25 16:23:00 ✅ Login packet - IMEI: 867440069564325, Serial: 1646
2026/05/25 16:23:00 Sent response: 13335FE506CA3D57432C
2026/05/25 16:23:02 Received: F90CB7E4394996D1F5906858
2026/05/25 16:23:02 serial 1647
2026/05/25 16:23:02 Processing protocol: 0x94 
2026/05/25 16:23:02 ℹ️ Information transmission packet
2026/05/25 16:23:04 Received: 5ECFED216C702E751D269917285AC4B7
2026/05/25 16:23:04 serial 1648
2026/05/25 16:23:04 Processing protocol: 0x13 
2026/05/25 16:23:04 ✅ Heartbeat - IMEI: 867440069564324, Battery: 2, GSM: 3, TermInfo: 3F0DE71C, Serial: 1648
2026/05/25 16:23:04 Sent response: 75ECA13F35658BE97AFA
2026/05/25 16:23:06 Client connected: 173.97.180.98:23046
2026/05/25 16:23:06 Received: 92C499FC464587C3DE4561E1079ABE663DA2A717
2026/05/25 16:23:06 serial 1649
2026/05/25 16:23:06 Processing protocol: 0x01 
2026/05/25 16:23:06 ✅ Login packet - IMEI: 867440069564324, Serial: 1649
2026/05/25 16:23:06 Sent response: DE80CCA002EE31501387
2026/05/25 16:23:08 Received: A6E721446F20767C3908EF35
2026/05/25 16:23:08 serial 1650
2026/05/25 16:23:08 Processing protocol: 0x94 
2026/05/25 16:23:08 ℹ️ Information transmission packet
2026/05/25 16:23:10 Received: B00A236D47ADA95D2D515F348DF9459C8DD73EE938F62EA21459BCB01D5778805EB841E8DA787E59
2026/05/25 16:23:10 serial 1651
2026/05/25 16:23:10 Processing protocol: 0x22 
2026/05/25 16:23:10 ✅ Location - IMEI: 867440069564322, Lat: 22.668092, Lon: 88.551492, Speed: 10, Course: 5024, Serial: 1651
2026/05/25 16:23:12 Client connected: 214.34.191.50:10155
2026/05/25 16:23:12 Received: 786B61B72F9846F92DDBC3D187B7EB40DF9AAEA1
2026/05/25 16:23:12 serial 1652
2026/05/25 16:23:12 Processing protocol: 0x01 
2026/05/25 16:23:12 ✅ Login packet - IMEI: 867440069564330, Serial: 1652
2026/05/25 16:23:12 Sent response: E8200E4030BB59CD5CDE
2026/05/25 16:23:12 Connection error: EOF
2026/05/25 16:23:14 Server listening on :5023
2026/05/25 16:23:16 Received: 44AD8B30DE52434F685375EBBAA0D974
2026/05/25 16:23:16 serial 1653
2026/05/25 16:23:16 Processing protocol: 0x13 
2026/05/25 16:23:16 ✅ Heartbeat - IMEI: 867440069564330, Battery: 5, GSM: 5, TermInfo: 6B07D181, Serial: 1653
2026/05/25 16:23:16 Sent response: B78921D85F86FA45CE06
2026/05/25 16:23:18 Server listening on :5023
2026/05/25 16:23:20 Client connected: 237.182.192.18:36304
2026/05/25 16:23:20 Received: 9D3728A6B29D779FEDA5495A96E7BFF8F0549A03
2026/05/25 16:23:20 serial 1654
2026/05/25 16:23:20 Processing protocol: 0x01 
2026/05/25 16:23:20 ✅ Login packet - IMEI: 867440069564328, Serial: 1654
2026/05/25 16:23:20 Sent response: FE0AB0106FFB30B4C9D9
2026/05/25 16:23:22 Client connected: 11.126.100.100:19451
2026/05/25 16:23:22 Received: 47D643BF5C532A10DCC3FB9D541362FA59A7EDFD
2026/05/25 16:23:22 serial 1655
2026/05/25 16:23:22 Processing protocol: 0x01 
2026/05/25 16:23:22 ✅ Login packet - IMEI: 867440069564330, Serial: 1655
2026/05/25 16:23:22 Sent response: C5679BBD0CED9BC1E494
2026/05/25 16:23:24 Received: 425543C269B9CCD2CBD5CCBD95B39884A0BE2E317B2DAD1ED60ECDAFA79EE656EA2CAF
2026/05/25 16:23:24 serial 1656
2026/05/25 16:23:24 Processing protocol: 0x26 
2026/05/25 16:23:24 ⚠️ Unknown protocol: 0x26
2026/05/25 16:23:26 Received: 529718D1B59EEC705101E0ED8FEA5A94
2026/05/25 16:23:26 serial 1657
2026/05/25 16:23:26 Processing protocol: 0x13 
2026/05/25 16:23:26 ✅ Heartbeat - IMEI: 867440069564329, Battery: 6, GSM: 3, TermInfo: 8DFBD05E, Serial: 1657
2026/05/25 16:23:26 Sent response: 09246B77393E61ACAB32
2026/05/25 16:23:28 Received: 36A6C6B934B428017A073DC208E7CEB2
2026/05/25 16:23:28 serial 1658
2026/05/25 16:23:28 Processing protocol: 0x13 
2026/05/25 16:23:28 ✅ Heartbeat - IMEI: 867440069564328, Battery: 3, GSM: 2, TermInfo: 0BB68AA1, Serial: 1658
2026/05/25 16:23:28 Sent response: 4E25CB74D7B3663A81C0
2026/05/25 16:23:30 Received: 4F75A602D05F6AE60E2884035FF3A248D397E90B732FFE202461D0E7DA52EC47B0CE16ED780132BC
2026/05/25 16:23:30 serial 1659
2026/05/25 16:23:30 Processing protocol: 0x22 
2026/05/25 16:23:30 ✅ Location - IMEI: 867440069564326, Lat: 22.694563, Lon: 88.400431, Speed: 99, Course: 2107, Serial: 1659
2026/05/25 16:23:32 Client connected: 160.207.185.241:56943
2026/05/25 16:23:32 Received: A01BB172B422DF1677FA6AF8FD1D49A4815EF039
2026/05/25 16:23:32 serial 1660
2026/05/25 16:23:32 Processing protocol: 0x01 
2026/05/25 16:23:32 ✅ Login packet - IMEI: 867440069564330, Serial: 1660
2026/05/25 16:23:32 Sent response: F3212119DE00F91D502F
2026/05/25 16:23:34 Server listening on :5023
2026/05/25 16:23:34 Connection error: EOF
2026/05/25 16:23:36 Received: C963D556558AEAF5A31C0B9319CBDB3A
2026/05/25 16:23:36 serial 1661
2026/05/25 16:23:36 Processing protocol: 0x13 
2026/05/25 16:23:36 ✅ Heartbeat - IMEI: 867440069564329, Battery: 5, GSM: 4, TermInfo: 8190B8DD, Serial: 1661
2026/05/25 16:23:36 Sent response: 4567BF763EBA34F252CE
2026/05/25 16:23:38 Received: 9BDC81D82583EC0271EFEAD092C71FDAF71D24124517FB2E66B98C3E457FFE8A865AE846DC2C8973
2026/05/25 16:23:38 serial 1662
2026/05/25 16:23:38 Processing protocol: 0x22 
2026/05/25 16:23:38 ✅ Location - IMEI: 867440069564322, Lat: 22.687047, Lon: 88.516411, Speed: 56, Course: 4816, Serial: 1662
2026/05/25 16:23:40 Received: 776CEC168F73D058AA630A77069195A0830862129279FBCDBB86208DD7A1E3007F424B
2026/05/25 16:23:40 serial 1663
2026/05/25 16:23:40 Processing protocol: 0x26 
2026/05/25 16:23:40 ⚠️ Unknown protocol: 0x26
2026/05/25 16:23:42 Received: 22C8AA6CEAC1142B00620B9C3BBE9B77
2026/05/25 16:23:42 serial 1664
2026/05/25 16:23:42 Processing protocol: 0x13 
2026/05/25 16:23:42 ✅ Heartbeat - IMEI: 867440069564325, Battery: 2, GSM: 4, TermInfo: 37ACA5CC, Serial: 1664
2026/05/25 16:23:42 Sent response: BCC103380F0BD28FA7FF
2026/05/25 16:23:44 Server listening on :5023
2026/05/25 16:23:46 Received: 17E4113316D98D686F62F1462BEE68D7E5AE025F17DA6A46C34747444E905966C9F007
2026/05/25 16:23:46 serial 1665
2026/05/25 16:23:46 Processing protocol: 0x26 
2026/05/25 16:23:46 ⚠️ Unknown protocol: 0x26
2026/05/25 16:23:48 Received: 1A21709BDE1588605380F2C2
2026/05/25 16:23:48 serial 1666
2026/05/25 16:23:48 Processing protocol: 0x94 
2026/05/25 16:23:48 ℹ️ Information transmission packet
2026/05/25 16:23:50 Received: 6942CC1F71B9F481E7CFEA0958C0F049B10BDFCF82BC74697EA12415BE78EB4F6F767D5E2D6036F5
2026/05/25 16:23:50 serial 1667
2026/05/25 16:23:50 Processing protocol: 0x22 
2026/05/25 16:23:50 ✅ Location - IMEI: 867440069564330, Lat: 22.635439, Lon: 88.505210, Speed: 56, Course: 1762, Serial: 1667
2026/05/25 16:23:52 Received: 9F6E71708B7B41C22766D47254E5B5FE70F92146F836E0B6DA88F8B581CE9B1526683C
2026/05/25 16:23:52 serial 1668
2026/05/25 16:23:52 Processing protocol: 0x26 
2026/05/25 16:23:52 ⚠️ Unknown protocol: 0x26
2026/05/25 16:23:54 Client connected: 213.190.196.196:59205
2026/05/25 16:23:54 Received: CFFA8B04A7829C1AF1E2C772670380FB556D0C7C
2026/05/25 16:23:54 serial 1669
2026/05/25 16:23:54 Processing protocol: 0x01 
2026/05/25 16:23:54 ✅ Login packet - IMEI: 867440069564325, Serial: 1669
2026/05/25 16:23:54 Sent response: 26CC177A60D62621060C
2026/05/25 16:23:54 Connection error: EOF
2026/05/25 16:23:56 Received: 7FDA4700C6C1B763C265BA0FA3D03C49B5C6E775CBDC6E6EDA7E48C5C7CA58E264936F9CFAFFAC98
2026/05/25 16:23:56 serial 1670
2026/05/25 16:23:56 Processing protocol: 0x22 
2026/05/25 16:23:56 ✅ Location - IMEI: 867440069564327, Lat: 22.682992, Lon: 88.309243, Speed: 36, Course: 5825, Serial: 1670
2026/05/25 16:23:58 Received: E856AE1351514E097653F4DF013F040F5B3157ADCD635B5EDB9A6107F82394CA70A49F
2026/05/25 16:23:58 serial 1671
2026/05/25 16:23:58 Processing protocol: 0x26 
2026/05/25 16:23:58 ⚠️ Unknown protocol: 0x26
2026/05/25 16:23:58 Connection error: EOF
2026/05/25 16:24:00 Received: 61994F76CBB033B412B4F491AB98047C62518D963521277F019716F0A54A5543B77ED0
2026/05/25 16:24:00 serial 1672
2026/05/25 16:24:00 Processing protocol: 0x26 
2026/05/25 16:24:00 ⚠️ Unknown protocol: 0x26
2026/05/25 16:24:02 Received: E206011115A893EC5F62951B2E0C88382527C9B6131BDB3585906F623A8F8409D066E1
2026/05/25 16:24:02 serial 1673
2026/05/25 16:24:02 Processing protocol: 0x26 
2026/05/25 16:24:02 ⚠️ Unknown protocol: 0x26
2026/05/25 16:24:04 Client connected: 10.138.198.221:57930
2026/05/25 16:24:04 Received: 4362E1812A2B602E78A5A6B08367EBDCAD93A525
2026/05/25 16:24:04 serial 1674
2026/05/25 16:24:04 Processing protocol: 0x01 
2026/05/25 16:24:04 ✅ Login packet - IMEI: 867440069564330, Serial: 1674
2026/05/25 16:24:04 Sent response: CAF1E49D1DC0B12E30C5
2026/05/25 16:24:06 Server listening on :5023
2026/05/25 16:24:06 Connection error: EOF
2026/05/25 16:24:08 Received: E60A8CEFB320C7B7717D7D3294A4864C9DA3DCE86268338E237E28A1E0537BB2DCB2D2EC8F08A8FA
2026/05/25 16:24:08 serial 1675
2026/05/25 16:24:08 Processing protocol: 0x22 
2026/05/25 16:24:08 ✅ Location - IMEI: 867440069564330, Lat: 22.615006, Lon: 88.576182, Speed: 15, Course: 4629, Serial: 1675
2026/05/25 16:24:10 Received: 81A056DFDA053338836B1D95D3E4A738
2026/05/25 16:24:10 serial 1676
2026/05/25 16:24:10 Processing protocol: 0x13 
2026/05/25 16:24:10 ✅ Heartbeat - IMEI: 867440069564330, Battery: 6, GSM: 5, TermInfo: 18DA2B3D, Serial: 1676
2026/05/25 16:24:10 Sent response: A0D84073C732AF353381
2026/05/25 16:24:10 Connection error: EOF
2026/05/25 16:24:12 Received: C9B4981A541061186FA18D56EC7BA4B8C3861B5D9D4708A220E71EAC67F38C64EBEA64
2026/05/25 16:24:12 serial 1677
2026/05/25 16:24:12 Processing protocol: 0x26 
2026/05/25 16:24:12 ⚠️ Unknown protocol: 0x26
2026/05/25 16:24:14 Received: 0F76B8AE98C3B4BB9F6E86C2
2026/05/25 16:24:14 serial 1678
2026/05/25 16:24:14 Processing protocol: 0x94 
2026/05/25 16:24:14 ℹ️ Information transmission packet
2026/05/25 16:24:16 Client connected: 175.53.74.109:42744
2026/05/25 16:24:16 Received: 3CF1AF75F1AB553FD71888D4C53E19EEFBA207EC
2026/05/25 16:24:16 serial 1679
2026/05/25 16:24:16 Processing protocol: 0x01 
2026/05/25 16:24:16 ✅ Login packet - IMEI: 867440069564327, Serial: 1679
2026/05/25 16:24:16 Sent response: FDE8A7D8A78D25D0BAE7
2026/05/25 16:24:18 Received: E8665946C268F63C673E0ABE15C876A378D4FD328BCCC0BA9CB0BCD9F8435B72329AA1
2026/05/25 16:24:18 serial 1680
2026/05/25 16:24:18 Processing protocol: 0x26 
2026/05/25 16:24:18 ⚠️ Unknown protocol: 0x26
2026/05/25 16:24:18 Connection error: EOF
2026/05/25 16:24:20 Client connected: 199.228.157.91:31052
2026/05/25 16:24:20 Received: 7839B5B6553BD53DB70FED6E04612ECA4C6576CB
2026/05/25 16:24:20 serial 1681
2026/05/25 16:24:20 Processing protocol: 0x01 
2026/05/25 16:24:20 ✅ Login packet - IMEI: 867440069564330, Serial: 1681
2026/05/25 16:24:20 Sent response: 0542DB51F0564A9DEA51
2026/05/25 16:24:22 Server listening on :5023
2026/05/25 16:24:24 Client connected: 186.147.175.213:14284
2026/05/25 16:24:24 Received: 919D36DAD48CE1307C0D7E702FBF8FAA77FB1AC4
2026/05/25 16:24:24 serial 1682
2026/05/25 16:24:24 Processing protocol: 0x01 
2026/05/25 16:24:24 ✅ Login packet - IMEI: 867440069564324, Serial: 1682
2026/05/25 16:24:24 Sent response: 8A1FC3B5FF4DE6077F1B
2026/05/25 16:24:26 Client connected: 12.187.187.146:22124
2026/05/25 16:24:26 Received: DDE3B2D9BA175A991C5DE0C51E3D6C491CB5B351
2026/05/25 16:24:26 serial 1683
2026/05/25 16:24:26 Processing protocol: 0x01 
2026/05/25 16:24:26 ✅ Login packet - IMEI: 867440069564322, Serial: 1683
2026/05/25 16:24:26 Sent response: 9EBED237342AE9C4268F
2026/05/25 16:24:28 Received: AF68B1131A4A81804B83ECAA6E30E84E
2026/05/25 16:24:28 serial 1684
2026/05/25 16:24:28 Processing protocol: 0x13 
2026/05/25 16:24:28 ✅ Heartbeat - IMEI: 867440069564321, Battery: 2, GSM: 4, TermInfo: 6312B831, Serial: 1684
2026/05/25 16:24:28 Sent response: DC7537D8FB2D8B8C9893
2026/05/25 16:24:30 Received: 247F835986F809FB1B3E80C2AAF210F06E8F8DC1A887981D625201436B41F8F78CB8B0DF15547202
2026/05/25 16:24:30 serial 1685
2026/05/25 16:24:30 Processing protocol: 0x22 
2026/05/25 16:24:30 ✅ Location - IMEI: 867440069564329, Lat: 22.539462, Lon: 88.353563, Speed: 119, Course: 1159, Serial: 1685
2026/05/25 16:24:30 Connection error: EOF
2026/05/25 16:24:32 Received: 96C4DF57B81F849BCB96B51D4F18535C47F95C6827066A8AEEC06717676CC1D38030A3
2026/05/25 16:24:32 serial 1686
2026/05/25 16:24:32 Processing protocol: 0x26 
2026/05/25 16:24:32 ⚠️ Unknown protocol: 0x26
2026/05/25 16:24:34 Received: 2FBD141F9197CFE437560362C05B5AB5A1F122106F16B94B5D40985222B130EF510FC263A9334E08
2026/05/25 16:24:34 serial 1687
2026/05/25 16:24:34 Processing protocol: 0x22 
2026/05/25 16:24:34 ✅ Location - IMEI: 867440069564326, Lat: 22.687753, Lon: 88.379136, Speed: 94, Course: 1639, Serial: 1687
2026/05/25 16:24:36 Received: A7471E872D279F5777AEA0416396884C198367A1832DB2F81F20DBEDC2AEA78F6CED5745D5826640
2026/05/25 16:24:36 serial 1688
2026/05/25 16:24:36 Processing protocol: 0x22 
2026/05/25 16:24:36 ✅ Location - IMEI: 867440069564330, Lat: 22.574008, Lon: 88.354059, Speed: 106, Course: 5095, Serial: 1688
2026/05/25 16:24:38 Server listening on :5023
2026/05/25 16:24:40 Received: D6D33362133CCF2CAE9DDBDFB5B6BBD5
2026/05/25 16:24:40 serial 1689
2026/05/25 16:24:40 Processing protocol: 0x13 
2026/05/25 16:24:40 ✅ Heartbeat - IMEI: 867440069564328, Battery: 3, GSM: 3, TermInfo: 8A43259E, Serial: 1689
2026/05/25 16:24:40 Sent response: 29035B04F0CC457DEF3C
2026/05/25 16:24:42 Server listening on :5023
2026/05/25 16:24:42 Connection error: EOF
2026/05/25 16:24:44 Client connected: 170.34.77.120:26481
2026/05/25 16:24:44 Received: C948C4404E8A73A687AD644E69DD556343059DEE
2026/05/25 16:24:44 serial 1690
2026/05/25 16:24:44 Processing protocol: 0x01 
2026/05/25 16:24:44 ✅ Login packet - IMEI: 867440069564321, Serial: 1690
2026/05/25 16:24:44 Sent response: 4D89D9133F83DE6BD90D
2026/05/25 16:24:46 Server listening on :5023
2026/05/25 16:24:48 Received: CD0B4FE65D58AC3240672321
2026/05/25 16:24:48 serial 1691
2026/05/25 16:24:48 Processing protocol: 0x94 
2026/05/25 16:24:48 ℹ️ Information transmission packet
2026/05/25 16:24:50 Received: 28528358B48C52CFB507198F703F921BE37681AB719457730B3F4605F21408F0BBC269
2026/05/25 16:24:50 serial 1692
2026/05/25 16:24:50 Processing protocol: 0x26 
2026/05/25 16:24:50 ⚠️ Unknown protocol: 0x26
2026/05/25 16:24:50 Connection error: EOF
2026/05/25 16:24:52 Received: 8B323C7FF0A0B97FED36797D
2026/05/25 16:24:52 serial 1693
2026/05/25 16:24:52 Processing protocol: 0x94 
2026/05/25 16:24:52 ℹ️ Information transmission packet
2026/05/25 16:24:54 Client connected: 66.165.60.119:18407
2026/05/25 16:24:54 Received: 8A3EC2D88BBCD9DA16A2906BE591641282AB37EA
2026/05/25 16:24:54 serial 1694
2026/05/25 16:24:54 Processing protocol: 0x01 
2026/05/25 16:24:54 ✅ Login packet - IMEI: 867440069564325, Serial: 1694
2026/05/25 16:24:54 Sent response: 9A77984AE0CD03254821
2026/05/25 16:24:56 Client connected: 132.247.16.104:49574
2026/05/25 16:24:56 Received: 33267385BB822A39EEA4D96F071EDECADFB29D38
2026/05/25 16:24:56 serial 1695
2026/05/25 16:24:56 Processing protocol: 0x01 
2026/05/25 16:24:56 ✅ Login packet - IMEI: 867440069564324, Serial: 1695
2026/05/25 16:24:56 Sent response: A7EE95D6541497E656D9
2026/05/25 16:24:58 Client connected: 5.20.49.238:51819
2026/05/25 16:24:58 Received: C3B0202E5FF88CEEE7076619B5197C1FF1C40688
2026/05/25 16:24:58 serial 1696
2026/05/25 16:24:58 Processing protocol: 0x01 
2026/05/25 16:24:58 ✅ Login packet - IMEI: 867440069564328, Serial: 1696
2026/05/25 16:24:58 Sent response: 46FB864F6DDF4C309DB0
2026/05/25 16:25:00 Received: 10052E1101F48705B7A73CA2
2026/05/25 16:25:00 serial 1697
2026/05/25 16:25:00 Processing protocol: 0x94 
2026/05/25 16:25:00 ℹ️ Information transmission packet
2026/05/25 16:25:02 Received: A03CCF7E8952CBD5BB94EDB7
2026/05/25 16:25:02 serial 1698
2026/05/25 16:25:02 Processing protocol: 0x94 
2026/05/25 16:25:02 ℹ️ Information transmission packet
2026/05/25 16:25:04 Received: 0C894D7C7E115DAA4BD97F2FBC2F37D179152C69F976C74E6321675B6BDC5F0647433A
2026/05/25 16:25:04 serial 1699
2026/05/25 16:25:04 Processing protocol: 0x26 
2026/05/25 16:25:04 ⚠️ Unknown protocol: 0x26
2026/05/25 16:25:06 Received: 2D092FB7E76948AD7B9CFC54A351FF92
2026/05/25 16:25:06 serial 1700
2026/05/25 16:25:06 Processing protocol: 0x13 
2026/05/25 16:25:06 ✅ Heartbeat - IMEI: 867440069564329, Battery: 2, GSM: 5, TermInfo: ECAEDF65, Serial: 1700
2026/05/25 16:25:06 Sent response: 999B0DD1D94579E444FB
2026/05/25 16:25:06 Connection error: EOF
2026/05/25 16:25:08 Client connected: 137.81.46.182:45952
2026/05/25 16:25:08 Received: 6D5833C10FBE75B1C9EE473B19C170D2572B1D0B
2026/05/25 16:25:08 serial 1701
2026/05/25 16:25:08 Processing protocol: 0x01 
2026/05/25 16:25:08 ✅ Login packet - IMEI: 867440069564330, Serial: 1701
2026/05/25 16:25:08 Sent response: D7C45B65EA18990FEBBA
2026/05/25 16:25:10 Received: 35DB9ADDABD4694262A5A62B9D059F0E7ABCE7ECB3838369315A0D494FB2EFD5E56B1F
2026/05/25 16:25:10 serial 1702
2026/05/25 16:25:10 Processing protocol: 0x26 
2026/05/25 16:25:10 ⚠️ Unknown protocol: 0x26
2026/05/25 16:25:10 Connection error: EOF
2026/05/25 16:25:12 Received: C93D3AD422B345FB56F18926E28A897AAA310C94B0128719B457B402DA3A907C8BD8E1
2026/05/25 16:25:12 serial 1703
2026/05/25 16:25:12 Processing protocol: 0x26 
2026/05/25 16:25:12 ⚠️ Unknown protocol: 0x26
2026/05/25 16:25:14 Received: EA76263C8C1B297160CBFD944251D58E
2026/05/25 16:25:14 serial 1704
2026/05/25 16:25:14 Processing protocol: 0x13 
2026/05/25 16:25:14 ✅ Heartbeat - IMEI: 867440069564328, Battery: 4, GSM: 5, TermInfo: 1EDA5A37, Serial: 1704
2026/05/25 16:25:14 Sent response: 8B8904C0D6646BDC99AD
2026/05/25 16:25:16 Received: AA7FC3A00BD7CA4F58C02D31CFE6DC40
2026/05/25 16:25:16 serial 1705
2026/05/25 16:25:16 Processing protocol: 0x13 
2026/05/25 16:25:16 ✅ Heartbeat - IMEI: 867440069564326, Battery: 4, GSM: 5, TermInfo: 909B462F, Serial: 1705
2026/05/25 16:25:16 Sent response: DDE99C77242F1F7A82A6
2026/05/25 16:25:16 Connection error: EOF
2026/05/25 16:25:18 Received: AEC945DD48B3E5DCACF7A0A09700F611
2026/05/25 16:25:18 serial 1706
2026/05/25 16:25:18 Processing protocol: 0x13 
2026/05/25 16:25:18 ✅ Heartbeat - IMEI: 867440069564328, Battery: 2, GSM: 1, TermInfo: 16054E7A, Serial: 1706
2026/05/25 16:25:18 Sent response: 99F7E6D25D31AC75A000
2026/05/25 16:25:20 Received: 2A15A5AEE5FCD3C139B91DF5D55BBD3717FCAD91E5F0CFED957647A746AFB2BF4C82BEDCC47D0804
2026/05/25 16:25:20 serial 1707
2026/05/25 16:25:20 Processing protocol: 0x22 
2026/05/25 16:25:20 ✅ Location - IMEI: 867440069564330, Lat: 22.605424, Lon: 88.541159, Speed: 10, Course: 4989, Serial: 1707
2026/05/25 16:25:22 Server listening on :5023
2026/05/25 16:25:24 Received: 68989F9FA4D1700457D6F05FB7520B6B
2026/05/25 16:25:24 serial 1708
2026/05/25 16:25:24 Processing protocol: 0x13 
2026/05/25 16:25:24 ✅ Heartbeat - IMEI: 867440069564330, Battery: 2, GSM: 4, TermInfo: ABBEAFD3, Serial: 1708
2026/05/25 16:25:24 Sent response: DD57DFE9F0E78C0275B6
2026/05/25 16:25:26 Received: B156AED37817B6BE1E3FB01EB423067AD15381D56AA57071204A0AB87E35033210CA81BA28272FB5
2026/05/25 16:25:26 serial 1709
2026/05/25 16:25:26 Processing protocol: 0x22 
2026/05/25 16:25:26 ✅ Location - IMEI: 867440069564323, Lat: 22.681137, Lon: 88.363093, Speed: 23, Course: 4577, Serial: 1709
2026/05/25 16:25:26 Connection error: EOF
2026/05/25 16:25:28 Server listening on :5023
2026/05/25 16:25:30 Received: 0D5805BB3982833E70E533CD9E79949D
2026/05/25 16:25:30 serial 1710
2026/05/25 16:25:30 Processing protocol: 0x13 
2026/05/25 16:25:30 ✅ Heartbeat - IMEI: 867440069564321, Battery: 1, GSM: 2, TermInfo: C97593E5, Serial: 1710
2026/05/25 16:25:30 Sent response: 55C700902702DF2A53E1
2026/05/25 16:25:30 Connection error: EOF
2026/05/25 16:25:32 Received: 65CBCF67863FA106288C4E690401E569
2026/05/25 16:25:32 serial 1711
2026/05/25 16:25:32 Processing protocol: 0x13 
2026/05/25 16:25:32 ✅ Heartbeat - IMEI: 867440069564328, Battery: 5, GSM: 3, TermInfo: D8971DF4, Serial: 1711
2026/05/25 16:25:32 Sent response: 19B097970CE5BC29BA1B
2026/05/25 16:25:34 Received: A821282F34FC25D00F90EE7E
2026/05/25 16:25:34 serial 1712
2026/05/25 16:25:34 Processing protocol: 0x94 
2026/05/25 16:25:34 ℹ️ Information transmission packet
2026/05/25 16:25:36 Client connected: 160.187.122.125:28471
2026/05/25 16:25:36 Received: 810A7B23EEF8FDA5A5A2B63D744598FDEEEA529A
2026/05/25 16:25:36 serial 1713
2026/05/25 16:25:36 Processing protocol: 0x01 
2026/05/25 16:25:36 ✅ Login packet - IMEI: 867440069564326, Serial: 1713
2026/05/25 16:25:36 Sent response: D9D931902CBC7AEF7204
2026/05/25 16:25:38 Received: D0C279B29E295071CC3107D9
2026/05/25 16:25:38 serial 1714
2026/05/25 16:25:38 Processing protocol: 0x94 
2026/05/25 16:25:38 ℹ️ Information transmission packet
2026/05/25 16:25:40 Received: 31D6233535AD722B47B79116
2026/05/25 16:25:40 serial 1715
2026/05/25 16:25:40 Processing protocol: 0x94 
2026/05/25 16:25:40 ℹ️ Information transmission packet
2026/05/25 16:25:42 Received: D1D93B72637920329BCF9B56
2026/05/25 16:25:42 serial 1716
2026/05/25 16:25:42 Processing protocol: 0x94 
2026/05/25 16:25:42 ℹ️ Information transmission packet
2026/05/25 16:25:44 Received: B3C26E6132910B8D2ECCF3B5E0148D63
2026/05/25 16:25:44 serial 1717
2026/05/25 16:25:44 Processing protocol: 0x13 
2026/05/25 16:25:44 ✅ Heartbeat - IMEI: 867440069564330, Battery: 3, GSM: 3, TermInfo: 4071A0CB, Serial: 1717
2026/05/25 16:25:44 Sent response: E1744A58E18F76D3C0E8
2026/05/25 16:25:46 Received: 7E0AC8ABED1707E4ED601399A820A9D6
2026/05/25 16:25:46 serial 1718
2026/05/25 16:25:46 Processing protocol: 0x13 
2026/05/25 16:25:46 ✅ Heartbeat - IMEI: 867440069564321, Battery: 1, GSM: 4, TermInfo: 9683D653, Serial: 1718
2026/05/25 16:25:46 Sent response: 4DF7550F6F8FFF08DC76
2026/05/25 16:25:48 Received: 6D42819FF2160A6B6EBE22272496CF93B7AA9D5762D845F93AB7983915513536F13C1C
2026/05/25 16:25:48 serial 1719
2026/05/25 16:25:48 Processing protocol: 0x26 
2026/05/25 16:25:48 ⚠️ Unknown protocol: 0x26
2026/05/25 16:25:50 Server listening on :5023
2026/05/25 16:25:52 Received: 478288E59197B6DA70C9491D70E0D355A28F7DFA46F48A90125AD1FEFBABEE016C54E0E8970E27C3
2026/05/25 16:25:52 serial 1720
2026/05/25 16:25:52 Processing protocol: 0x22 
2026/05/25 16:25:52 ✅ Location - IMEI: 867440069564326, Lat: 22.588669, Lon: 88.302909, Speed: 62, Course: 3921, Serial: 1720
2026/05/25 16:25:54 Received: 492FBCB4F4C8669D96D9382A8BFD06E2D3C0E9BF00028A4764A3840AF63B6C914EC5264A9E635F36
2026/05/25 16:25:54 serial 1721
2026/05/25 16:25:54 Processing protocol: 0x22 
2026/05/25 16:25:54 ✅ Location - IMEI: 867440069564324, Lat: 22.631764, Lon: 88.518948, Speed: 39, Course: 4217, Serial: 1721
2026/05/25 16:25:56 Server listening on :5023
2026/05/25 16:25:58 Received: 1C8CFB859F1F517E6E018720
2026/05/25 16:25:58 serial 1722
2026/05/25 16:25:58 Processing protocol: 0x94 
2026/05/25 16:25:58 ℹ️ Information transmission packet
2026/05/25 16:26:00 Received: E63AC55D032C9F7CC170818D54C80287DAD1D1DA4658BCFF6E293E6C8BC2A2914982AB
2026/05/25 16:26:00 serial 1723
2026/05/25 16:26:00 Processing protocol: 0x26 
2026/05/25 16:26:00 ⚠️ Unknown protocol: 0x26
2026/05/25 16:26:02 Server listening on :5023
2026/05/25 16:26:04 Client connected: 18.160.167.72:24498
2026/05/25 16:26:04 Received: E1622636D5A9DE3C8FE71EC55D3594491887622D
2026/05/25 16:26:04 serial 1724
2026/05/25 16:26:04 Processing protocol: 0x01 
2026/05/25 16:26:04 ✅ Login packet - IMEI: 867440069564323, Serial: 1724
2026/05/25 16:26:04 Sent response: 6E88279EEF2C3B9C0F45
2026/05/25 16:26:04 Connection error: EOF
2026/05/25 16:26:06 Client connected: 117.119.158.33:32571
2026/05/25 16:26:06 Received: 5A1DCD05454C083DCD2F33C013740399E29ACFD9
2026/05/25 16:26:06 serial 1725
2026/05/25 16:26:06 Processing protocol: 0x01 
2026/05/25 16:26:06 ✅ Login packet - IMEI: 867440069564327, Serial: 1725
2026/05/25 16:26:06 Sent response: 925277F07129B854E0B5
2026/05/25 16:26:06 Connection error: EOF
2026/05/25 16:26:08 Received: 591917F31A2C8EB358F3497F7C86C7019DB1B517AB5DC49B3A3EE63172674402D26A81
2026/05/25 16:26:08 serial 1726
2026/05/25 16:26:08 Processing protocol: 0x26 
2026/05/25 16:26:08 ⚠️ Unknown protocol: 0x26
2026/05/25 16:26:10 Received: D7B05101D1A67135CA1ACC52
2026/05/25 16:26:10 serial 1727
2026/05/25 16:26:10 Processing protocol: 0x94 
2026/05/25 16:26:10 ℹ️ Information transmission packet
2026/05/25 16:26:12 Received: 0D8BB7F4FCF1B9D3DCFC8338BD183C055D40E0D32B0EB8298A31EDF07F33805CFB19D9
2026/05/25 16:26:12 serial 1728
2026/05/25 16:26:12 Processing protocol: 0x26 
2026/05/25 16:26:12 ⚠️ Unknown protocol: 0x26
2026/05/25 16:26:14 Received: 5CB0C6F49A6F2C2E0FE198A7264361488CC2FF63D25BBD340F62D785BC67E1722A5F64
2026/05/25 16:26:14 serial 1729
2026/05/25 16:26:14 Processing protocol: 0x26 
2026/05/25 16:26:14 ⚠️ Unknown protocol: 0x26
2026/05/25 16:26:16 Server listening on :5023
2026/05/25 16:26:18 Client connected: 10.132.126.181:38216
2026/05/25 16:26:18 Received: 95C32C37753C7DBE6FAEC2A39966C5B85F4E61B6
2026/05/25 16:26:18 serial 1730
2026/05/25 16:26:18 Processing protocol: 0x01 
2026/05/25 16:26:18 ✅ Login packet - IMEI: 867440069564322, Serial: 1730
2026/05/25 16:26:18 Sent response: 83B6326272FDA01208AB
2026/05/25 16:26:20 Received: 2475281F444E76DC7414FD7E4A3E9F7A9A78225254C46C5E6D17B4D37D5D0EC9BCCB04E21255D5EF
2026/05/25 16:26:20 serial 1731
2026/05/25 16:26:20 Processing protocol: 0x22 
2026/05/25 16:26:20 ✅ Location - IMEI: 867440069564323, Lat: 22.687612, Lon: 88.386664, Speed: 99, Course: 2941, Serial: 1731
2026/05/25 16:26:22 Received: 3FF72CEC28F35AC5A2CE6B9E
2026/05/25 16:26:22 serial 1732
2026/05/25 16:26:22 Processing protocol: 0x94 
2026/05/25 16:26:22 ℹ️ Information transmission packet
2026/05/25 16:26:24 Received: 8DBB672D07472638C6778C63DB5EC27DCECCF2E82C02A87D4172D9E44DCB6D0ACAD430
2026/05/25 16:26:24 serial 1733
2026/05/25 16:26:24 Processing protocol: 0x26 
2026/05/25 16:26:24 ⚠️ Unknown protocol: 0x26
2026/05/25 16:26:26 Received: B1BBE191C5332E15407DE3A878C5B7A4A8FA1C24DB34E6228D14271231D3993B2686C7C43599B2EF
2026/05/25 16:26:26 serial 1734
2026/05/25 16:26:26 Processing protocol: 0x22 
2026/05/25 16:26:26 ✅ Location - IMEI: 867440069564324, Lat: 22.537860, Lon: 88.486113, Speed: 19, Course: 4352, Serial: 1734
2026/05/25 16:26:28 Received: 5A07A083C69544FEDC3086DF
2026/05/25 16:26:28 serial 1735
2026/05/25 16:26:28 Processing protocol: 0x94 
2026/05/25 16:26:28 ℹ️ Information transmission packet
2026/05/25 16:26:28 Connection error: EOF
2026/05/25 16:26:30 Received: CD30DF7F70C12233FBFFA742A99C951FA30228FF3209E93759CC7DB4DBDE1540B34353
2026/05/25 16:26:30 serial 1736
2026/05/25 16:26:30 Processing protocol: 0x26 
2026/05/25 16:26:30 ⚠️ Unknown protocol: 0x26
2026/05/25 16:26:32 Received: E7DC2145F1333A0DF604834E9C30252A
2026/05/25 16:26:32 serial 1737
2026/05/25 16:26:32 Processing protocol: 0x13 
2026/05/25 16:26:32 ✅ Heartbeat - IMEI: 867440069564330, Battery: 1, GSM: 2, TermInfo: 4B1C88AB, Serial: 1737
2026/05/25 16:26:32 Sent response: 604497CD274D735A636A
2026/05/25 16:26:32 Connection error: EOF
2026/05/25 16:26:34 Received: C65B9ED8A772AA7CFAEFF66667409F9E
2026/05/25 16:26:34 serial 1738
2026/05/25 16:26:34 Processing protocol: 0x13 
2026/05/25 16:26:34 ✅ Heartbeat - IMEI: 867440069564321, Battery: 2, GSM: 2, TermInfo: 9FE1EF2B, Serial: 1738
2026/05/25 16:26:34 Sent response: A27700996D34932DB2CA
2026/05/25 16:26:36 Received: 7AA33082C0B8026B72233B5006E093AEF783238741A8114F54BD1F467CF40789134685
2026/05/25 16:26:36 serial 1739
2026/05/25 16:26:36 Processing protocol: 0x26 
2026/05/25 16:26:36 ⚠️ Unknown protocol: 0x26
2026/05/25 16:26:38 Received: F0591148D32FD1B0D5F694669FACFBEC9B814C9E6423CB275184549EC6542F5AE7A088D26CB8CC51
2026/05/25 16:26:38 serial 1740
2026/05/25 16:26:38 Processing protocol: 0x22 
2026/05/25 16:26:38 ✅ Location - IMEI: 867440069564325, Lat: 22.613825, Lon: 88.427980, Speed: 48, Course: 2506, Serial: 1740
2026/05/25 16:26:38 Connection error: EOF
2026/05/25 16:26:40 Received: 298A8157F7CDD8DA220B162F
2026/05/25 16:26:40 serial 1741
2026/05/25 16:26:40 Processing protocol: 0x94 
2026/05/25 16:26:40 ℹ️ Information transmission packet
2026/05/25 16:26:42 Received: E7768D08C858AACB7079B797BEF42FAD
2026/05/25 16:26:42 serial 1742
2026/05/25 16:26:42 Processing protocol: 0x13 
2026/05/25 16:26:42 ✅ Heartbeat - IMEI: 867440069564325, Battery: 6, GSM: 1, TermInfo: 1C1EA2D3, Serial: 1742
2026/05/25 16:26:42 Sent response: 105675F19CEE56599910
2026/05/25 16:26:44 Server listening on :5023
2026/05/25 16:26:46 Received: BF1A9D98104C793EE51F09A7E2FC31AB
2026/05/25 16:26:46 serial 1743
2026/05/25 16:26:46 Processing protocol: 0x13 
2026/05/25 16:26:46 ✅ Heartbeat - IMEI: 867440069564325, Battery: 5, GSM: 2, TermInfo: 011B428D, Serial: 1743
2026/05/25 16:26:46 Sent response: E2349134B2628B232AB7
2026/05/25 16:26:48 Server listening on :5023
2026/05/25 16:26:50 Received: 96817481752F58F6D3DDF921CA24960FAD1262F46460AD4E8DE5608A09A783FAA3DF4C090A99BD0A
2026/05/25 16:26:50 serial 1744
2026/05/25 16:26:50 Processing protocol: 0x22 
2026/05/25 16:26:50 ✅ Location - IMEI: 867440069564324, Lat: 22.555040, Lon: 88.402309, Speed: 81, Course: 2685, Serial: 1744
2026/05/25 16:26:52 Client connected: 203.83.28.147:16894
2026/05/25 16:26:52 Received: 0EF267E601186839393DBAFC27F04D53701FA7DB
2026/05/25 16:26:52 serial 1745
2026/05/25 16:26:52 Processing protocol: 0x01 
2026/05/25 16:26:52 ✅ Login packet - IMEI: 867440069564323, Serial: 1745
2026/05/25 16:26:52 Sent response: D5F9C81790F6C00624BB
2026/05/25 16:26:54 Server listening on :5023
2026/05/25 16:26:56 Server listening on :5023
2026/05/25 16:26:58 Received: 8764937F7D11A45D73BD8B925426030275E9B59EFB85203DD4B81E3B65E930190B62E78E46FB35D6
2026/05/25 16:26:58 serial 1746
2026/05/25 16:26:58 Processing protocol: 0x22 
2026/05/25 16:26:58 ✅ Location - IMEI: 867440069564328, Lat: 22.686538, Lon: 88.486347, Speed: 91, Course: 1784, Serial: 1746
2026/05/25 16:27:00 Received: BC7ED9EB0244F68E5295DE004664AFC3BD81FECC0F1D6A62F0DDFC8578639BB11E971C
2026/05/25 16:27:00 serial 1747
2026/05/25 16:27:00 Processing protocol: 0x26 
2026/05/25 16:27:00 ⚠️ Unknown protocol: 0x26
2026/05/25 16:27:02 Received: 773DFF67618EEB48F01C7E1EA1752209
2026/05/25 16:27:02 serial 1748
2026/05/25 16:27:02 Processing protocol: 0x13 
2026/05/25 16:27:02 ✅ Heartbeat - IMEI: 867440069564328, Battery: 5, GSM: 2, TermInfo: E735299C, Serial: 1748
2026/05/25 16:27:02 Sent response: 542DAFEC9142A45A3A9E
2026/05/25 16:27:04 Received: 006D8D83BC97AAF00C9BF88BD38E783B0A20DB105783130CF824D8ECF801244E2E48A2403CE22E49
2026/05/25 16:27:04 serial 1749
2026/05/25 16:27:04 Processing protocol: 0x22 
2026/05/25 16:27:04 ✅ Location - IMEI: 867440069564330, Lat: 22.524712, Lon: 88.567053, Speed: 105, Course: 3771, Serial: 1749
2026/05/25 16:27:06 Received: BFF6E0AD372C7AFFAB943D554FE6339BAE77F52015E83E15DB74DCCA539F2494354ED2
2026/05/25 16:27:06 serial 1750
2026/05/25 16:27:06 Processing protocol: 0x26 
2026/05/25 16:27:06 ⚠️ Unknown protocol: 0x26
2026/05/25 16:27:06 Connection error: EOF
2026/05/25 16:27:08 Server listening on :5023
2026/05/25 16:27:10 Received: A39EF2F0999818403EFFF537EAC52C0111F0DB1109F24057D92E483BADF0304BACF262
2026/05/25 16:27:10 serial 1751
2026/05/25 16:27:10 Processing protocol: 0x26 
2026/05/25 16:27:10 ⚠️ Unknown protocol: 0x26
2026/05/25 16:27:12 Received: 41142A0FC4AB8EECDB467E645585D4835513756C35A95FF970D3CCD914E0E05E024C2D
2026/05/25 16:27:12 serial 1752
2026/05/25 16:27:12 Processing protocol: 0x26 
2026/05/25 16:27:12 ⚠️ Unknown protocol: 0x26
2026/05/25 16:27:12 Connection error: EOF
2026/05/25 16:27:14 Client connected: 97.249.177.247:14671
2026/05/25 16:27:14 Received: 9C1129AB015FAD20906E8C6B2FADBA62ABA7F2DD
2026/05/25 16:27:14 serial 1753
2026/05/25 16:27:14 Processing protocol: 0x01 
2026/05/25 16:27:14 ✅ Login packet - IMEI: 867440069564328, Serial: 1753
2026/05/25 16:27:14 Sent response: DE3DC356DAB629C865F0
2026/05/25 16:27:16 Received: E55C8A03812C566337EF1E3D76FDC7DF243D77E0D8EEA4A52540A9383F7E43CB46E33C
2026/05/25 16:27:16 serial 1754
2026/05/25 16:27:16 Processing protocol: 0x26 
2026/05/25 16:27:16 ⚠️ Unknown protocol: 0x26
2026/05/25 16:27:18 Server listening on :5023
2026/05/25 16:27:18 Connection error: EOF
2026/05/25 16:27:20 Received: 85B1A663A8ED7461A4331B5671D2F6EF
2026/05/25 16:27:20 serial 1755
2026/05/25 16:27:20 Processing protocol: 0x13 
2026/05/25 16:27:20 ✅ Heartbeat - IMEI: 867440069564330, Battery: 5, GSM: 3, TermInfo: 4E5E66E2, Serial: 1755
2026/05/25 16:27:20 Sent response: 0FD187D3FD3975438812
2026/05/25 16:27:22 Received: 43B09390D4D792A92A1121960FEB6BEF74008DB65B235E2CB742B81EABD3CCB90C77B2
2026/05/25 16:27:22 serial 1756
2026/05/25 16:27:22 Processing protocol: 0x26 
2026/05/25 16:27:22 ⚠️ Unknown protocol: 0x26
2026/05/25 16:27:24 Received: 49B4FAB020045473474C50E202426C0806B183CC5F70496F987D53E039FE884CE5544B
2026/05/25 16:27:24 serial 1757
2026/05/25 16:27:24 Processing protocol: 0x26 
2026/05/25 16:27:24 ⚠️ Unknown protocol: 0x26
2026/05/25 16:27:26 Received: 9A2EC269EF4DB153E17E1364
2026/05/25 16:27:26 serial 1758
2026/05/25 16:27:26 Processing protocol: 0x94 
2026/05/25 16:27:26 ℹ️ Information transmission packet
2026/05/25 16:27:28 Client connected: 67.47.32.117:11167
2026/05/25 16:27:28 Received: 089027B18D25CA42EE1E04117166088AB168D7C5
2026/05/25 16:27:28 serial 1759
2026/05/25 16:27:28 Processing protocol: 0x01 
2026/05/25 16:27:28 ✅ Login packet - IMEI: 867440069564321, Serial: 1759
2026/05/25 16:27:28 Sent response: 4E2F94944529033AC2C2
2026/05/25 16:27:30 Server listening on :5023
2026/05/25 16:27:32 Received: 3CC9467C547B5272E79EE7828B9AECCECC19C271C9135B255EB87ABDF1F667086D2052
2026/05/25 16:27:32 serial 1760
2026/05/25 16:27:32 Processing protocol: 0x26 
2026/05/25 16:27:32 ⚠️ Unknown protocol: 0x26
2026/05/25 16:27:32 Connection error: EOF
2026/05/25 16:27:34 Received: 3BCF3B1ABAA24E147D9C21A1
2026/05/25 16:27:34 serial 1761
2026/05/25 16:27:34 Processing protocol: 0x94 
2026/05/25 16:27:34 ℹ️ Information transmission packet
2026/05/25 16:27:36 Received: E36F165BD387CA400A328DF97B251484C8FD70F7D32863409CAA314B516DC63BFA2FD5FD9DE577E5
2026/05/25 16:27:36 serial 1762
2026/05/25 16:27:36 Processing protocol: 0x22 
2026/05/25 16:27:36 ✅ Location - IMEI: 867440069564322, Lat: 22.557132, Lon: 88.380998, Speed: 91, Course: 3891, Serial: 1762
2026/05/25 16:27:36 Connection error: EOF
2026/05/25 16:27:38 Received: 0B5C896DA956B4072D15434FA56E39083BE2061B77792CD9F5CF1CE53B797637833AEEACA59E577B
2026/05/25 16:27:38 serial 1763
2026/05/25 16:27:38 Processing protocol: 0x22 
2026/05/25 16:27:38 ✅ Location - IMEI: 867440069564322, Lat: 22.664033, Lon: 88.386570, Speed: 5, Course: 2392, Serial: 1763
2026/05/25 16:27:40 Received: 1F281263085AD829D6F2A1D4AC65F0DA5A2905097C30881F6B4F0F232F52959853797E3D1903E972
2026/05/25 16:27:40 serial 1764
2026/05/25 16:27:40 Processing protocol: 0x22 
2026/05/25 16:27:40 ✅ Location - IMEI: 867440069564327, Lat: 22.559174, Lon: 88.302370, Speed: 79, Course: 3127, Serial: 1764
2026/05/25 16:27:42 Client connected: 7.184.73.247:59238
2026/05/25 16:27:42 Received: F24E29FF891A026E6A71712D2AEC33801C635C44
2026/05/25 16:27:42 serial 1765
2026/05/25 16:27:42 Processing protocol: 0x01 
2026/05/25 16:27:42 ✅ Login packet - IMEI: 867440069564326, Serial: 1765
2026/05/25 16:27:42 Sent response: B02E9E6CA2C2B03A5087
2026/05/25 16:27:44 Received: 98F0D843C29CABAAB3488F6E
2026/05/25 16:27:44 serial 1766
2026/05/25 16:27:44 Processing protocol: 0x94 
2026/05/25 16:27:44 ℹ️ Information transmission packet
2026/05/25 16:27:46 Client connected: 47.224.1.128:24988
2026/05/25 16:27:46 Received: A9FFAA470BF6D1DFBE86FD3FF5EC1807813C1660
2026/05/25 16:27:46 serial 1767
2026/05/25 16:27:46 Processing protocol: 0x01 
2026/05/25 16:27:46 ✅ Login packet - IMEI: 867440069564323, Serial: 1767
2026/05/25 16:27:46 Sent response: E9F4F09B92034ABD5C78
2026/05/25 16:27:48 Received: 60AEA58022C52BB73F7A744F3BFAF1F83CD4DF19ABB8B3F3333404F5950682C46C980B03521EF7B2
2026/05/25 16:27:48 serial 1768
2026/05/25 16:27:48 Processing protocol: 0x22 
2026/05/25 16:27:48 ✅ Location - IMEI: 867440069564325, Lat: 22.622601, Lon: 88.328357, Speed: 113, Course: 2633, Serial: 1768
2026/05/25 16:27:48 Connection error: EOF
2026/05/25 16:27:50 Server listening on :5023
2026/05/25 16:27:52 Client connected: 219.90.14.181:23435
2026/05/25 16:27:52 Received: A200666BE9CBE5DBA685BC97B67C628D516A67C6
2026/05/25 16:27:52 serial 1769
2026/05/25 16:27:52 Processing protocol: 0x01 
2026/05/25 16:27:52 ✅ Login packet - IMEI: 867440069564326, Serial: 1769
2026/05/25 16:27:52 Sent response: C835BF956520B615CF51
2026/05/25 16:27:54 Received: C9B89CC9ED802CE6E8589059
2026/05/25 16:27:54 serial 1770
2026/05/25 16:27:54 Processing protocol: 0x94 
2026/05/25 16:27:54 ℹ️ Information transmission packet
2026/05/25 16:27:56 Received: A8F66B90ADE0D26B7174B31C9E87A02587F5F4E9CFE9F24FA7BB06314EB54FE8C206A61F316CF47B
2026/05/25 16:27:56 serial 1771
2026/05/25 16:27:56 Processing protocol: 0x22 
2026/05/25 16:27:56 ✅ Location - IMEI: 867440069564326, Lat: 22.598206, Lon: 88.390694, Speed: 92, Course: 3546, Serial: 1771
2026/05/25 16:27:58 Server listening on :5023
2026/05/25 16:28:00 Received: 535E043307A8F2A36EC809D2
2026/05/25 16:28:00 serial 1772
2026/05/25 16:28:00 Processing protocol: 0x94 
2026/05/25 16:28:00 ℹ️ Information transmission packet
2026/05/25 16:28:02 Received: B766DB58948FB32BB5AE42D4
2026/05/25 16:28:02 serial 1773
2026/05/25 16:28:02 Processing protocol: 0x94 
2026/05/25 16:28:02 ℹ️ Information transmission packet
2026/05/25 16:28:04 Received: A82469A5A5A259C8A91D716C1B932415
2026/05/25 16:28:04 serial 1774
2026/05/25 16:28:04 Processing protocol: 0x13 
2026/05/25 16:28:04 ✅ Heartbeat - IMEI: 867440069564329, Battery: 2, GSM: 2, TermInfo: 0974CDB1, Serial: 1774
2026/05/25 16:28:04 Sent response: B22A9503F7004E61331E
2026/05/25 16:28:06 Received: E6363E9426A20752942A45491C1E7F8CE9743343EE1F313561E6953AD10C64E77AFDFC
2026/05/25 16:28:06 serial 1775
2026/05/25 16:28:06 Processing protocol: 0x26 
2026/05/25 16:28:06 ⚠️ Unknown protocol: 0x26
2026/05/25 16:28:06 Connection error: EOF
2026/05/25 16:28:08 Received: C95E1DD51CE3316A4E7A106C
2026/05/25 16:28:08 serial 1776
2026/05/25 16:28:08 Processing protocol: 0x94 
2026/05/25 16:28:08 ℹ️ Information transmission packet
2026/05/25 16:28:10 Server listening on :5023
2026/05/25 16:28:12 Received: 496B70DA88AADAE76AA528E8597307521B049172F447C2FE5B6C26C0A1EB4B12FDF239
2026/05/25 16:28:12 serial 1777
2026/05/25 16:28:12 Processing protocol: 0x26 
2026/05/25 16:28:12 ⚠️ Unknown protocol: 0x26
2026/05/25 16:28:14 Received: BC42BCA83F577CA0A75FFC7A8F91A02AE7A28F7D6DE18480785AD5CBA1627F793993B2
2026/05/25 16:28:14 serial 1778
2026/05/25 16:28:14 Processing protocol: 0x26 
2026/05/25 16:28:14 ⚠️ Unknown protocol: 0x26
2026/05/25 16:28:14 Connection error: EOF
2026/05/25 16:28:16 Received: 12C133F468C5046785200144BA99CB863289AD88EDC06FDD542B725177FCAB8DC0EE2810DE3B60CC
2026/05/25 16:28:16 serial 1779
2026/05/25 16:28:16 Processing protocol: 0x22 
2026/05/25 16:28:16 ✅ Location - IMEI: 867440069564321, Lat: 22.596569, Lon: 88.320417, Speed: 82, Course: 5690, Serial: 1779
2026/05/25 16:28:18 Received: 809E99D688A9B1A5BC091C28
2026/05/25 16:28:18 serial 1780
2026/05/25 16:28:18 Processing protocol: 0x94 
2026/05/25 16:28:18 ℹ️ Information transmission packet
2026/05/25 16:28:18 Connection error: EOF
2026/05/25 16:28:20 Received: A2B68F09E36CC26BA581BFE979A3B857E5F88947469B45CA11EC7E0AFFF12A96D4462D
2026/05/25 16:28:20 serial 1781
2026/05/25 16:28:20 Processing protocol: 0x26 
2026/05/25 16:28:20 ⚠️ Unknown protocol: 0x26
2026/05/25 16:28:22 Received: 3B012B247DB0F7CA025D5699DF1C5E8EE0A40CB1FAFC83E1F3B3A363D0FB881FE48399CBE4AF8D3C
2026/05/25 16:28:22 serial 1782
2026/05/25 16:28:22 Processing protocol: 0x22 
2026/05/25 16:28:22 ✅ Location - IMEI: 867440069564328, Lat: 22.577309, Lon: 88.522947, Speed: 92, Course: 3130, Serial: 1782
2026/05/25 16:28:24 Received: 1440DC1587A2F884FA38847BA6105337
2026/05/25 16:28:24 serial 1783
2026/05/25 16:28:24 Processing protocol: 0x13 
2026/05/25 16:28:24 ✅ Heartbeat - IMEI: 867440069564327, Battery: 3, GSM: 1, TermInfo: 1879527F, Serial: 1783
2026/05/25 16:28:24 Sent response: 2DF71D94F7FC2CEA3F62
2026/05/25 16:28:26 Received: DCC511CFEB5CB3958CDCEFAE
2026/05/25 16:28:26 serial 1784
2026/05/25 16:28:26 Processing protocol: 0x94 
2026/05/25 16:28:26 ℹ️ Information transmission packet
2026/05/25 16:28:28 Client connected: 127.179.217.65:25983
2026/05/25 16:28:28 Received: 16B604344F87C24AA6FFCB9AA53DD119FF42C2C4
2026/05/25 16:28:28 serial 1785
2026/05/25 16:28:28 Processing protocol: 0x01 
2026/05/25 16:28:28 ✅ Login packet - IMEI: 867440069564325, Serial: 1785
2026/05/25 16:28:28 Sent response: 36C4B4343CD4C706CFC9
2026/05/25 16:28:30 Client connected: 180.250.104.152:33992
2026/05/25 16:28:30 Received: DBF0F7E5D269B731C0CC6F59D9FCCFA7D998EFE4
2026/05/25 16:28:30 serial 1786
2026/05/25 16:28:30 Processing protocol: 0x01 
2026/05/25 16:28:30 ✅ Login packet - IMEI: 867440069564327, Serial: 1786
2026/05/25 16:28:30 Sent response: EC559B5C4E7052CC14F5
2026/05/25 16:28:32 Client connected: 124.175.167.76:11920
2026/05/25 16:28:32 Received: 319735214CF07271042AEBAB18870DE166A30F52
2026/05/25 16:28:32 serial 1787
2026/05/25 16:28:32 Processing protocol: 0x01 
2026/05/25 16:28:32 ✅ Login packet - IMEI: 867440069564330, Serial: 1787
2026/05/25 16:28:32 Sent response: CD53028F36A7CC75613D
2026/05/25 16:28:34 Received: 5CA062906900CB015C0CA416B3549C38
2026/05/25 16:28:34 serial 1788
2026/05/25 16:28:34 Processing protocol: 0x13 
2026/05/25 16:28:34 ✅ Heartbeat - IMEI: 867440069564328, Battery: 1, GSM: 1, TermInfo: A57BBFB4, Serial: 1788
2026/05/25 16:28:34 Sent response: D6717FA75F12974B6AE0
2026/05/25 16:28:34 Connection error: EOF
2026/05/25 16:28:36 Client connected: 146.61.156.121:45633
2026/05/25 16:28:36 Received: 7B8D0F6468A6FD7956E9D5B5E74E3ECA9C60D1B6
2026/05/25 16:28:36 serial 1789
2026/05/25 16:28:36 Processing protocol: 0x01 
2026/05/25 16:28:36 ✅ Login packet - IMEI: 867440069564321, Serial: 1789
2026/05/25 16:28:36 Sent response: 964091449E3077366E04
2026/05/25 16:28:38 Server listening on :5023
2026/05/25 16:28:40 Received: A0E8AE25EBD1875465363A02ACBB0850ABEB8C59749929D3D69E91F93CEC9D010C00BD
2026/05/25 16:28:40 serial 1790
2026/05/25 16:28:40 Processing protocol: 0x26 
2026/05/25 16:28:40 ⚠️ Unknown protocol: 0x26
2026/05/25 16:28:42 Client connected: 130.70.55.219:57237
2026/05/25 16:28:42 Received: 8ED15F577EBA8DB663A6C39DE667F8B3D2D1A5DB
2026/05/25 16:28:42 serial 1791
2026/05/25 16:28:42 Processing protocol: 0x01 
2026/05/25 16:28:42 ✅ Login packet - IMEI: 867440069564322, Serial: 1791
2026/05/25 16:28:42 Sent response: D49331B09313A67D23D8
2026/05/25 16:28:44 Received: 0A6E827E7E7AAE1113FCA164
2026/05/25 16:28:44 serial 1792
2026/05/25 16:28:44 Processing protocol: 0x94 
2026/05/25 16:28:44 ℹ️ Information transmission packet
2026/05/25 16:28:46 Received: 866B60632D6FAD722B4FA1E9FD74D37BE3B82A22A3C4457C597AB0B3FF05BE30EC759C1E435CE9EC
2026/05/25 16:28:46 serial 1793
2026/05/25 16:28:46 Processing protocol: 0x22 
2026/05/25 16:28:46 ✅ Location - IMEI: 867440069564325, Lat: 22.549673, Lon: 88.313417, Speed: 119, Course: 2698, Serial: 1793
2026/05/25 16:28:48 Received: 24DC7C8A4593FFCEED29FEA03AF2B872091C5F1450171ABB093DFECA8514BA0D8C7946675BB1B837
2026/05/25 16:28:48 serial 1794
2026/05/25 16:28:48 Processing protocol: 0x22 
2026/05/25 16:28:48 ✅ Location - IMEI: 867440069564324, Lat: 22.640278, Lon: 88.401199, Speed: 74, Course: 3823, Serial: 1794
2026/05/25 16:28:50 Server listening on :5023
2026/05/25 16:28:50 Connection error: EOF
2026/05/25 16:28:52 Server listening on :5023
2026/05/25 16:28:54 Server listening on :5023
2026/05/25 16:28:56 Received: 20B7F5D162FE746653BF5FFD
2026/05/25 16:28:56 serial 1795
2026/05/25 16:28:56 Processing protocol: 0x94 
2026/05/25 16:28:56 ℹ️ Information transmission packet
2026/05/25 16:28:58 Server listening on :5023
2026/05/25 16:29:00 Received: 269EC8D1FB73F86C0A1F33D68AB42F76E5C40CEAB9C1968DBB78BECE1C031C8C6A5E592C07539FD6
2026/05/25 16:29:00 serial 1796
2026/05/25 16:29:00 Processing protocol: 0x22 
2026/05/25 16:29:00 ✅ Location - IMEI: 867440069564326, Lat: 22.668460, Lon: 88.406722, Speed: 93, Course: 2530, Serial: 1796
2026/05/25 16:29:02 Client connected: 24.118.189.197:33044
2026/05/25 16:29:02 Received: A9916B2D50CC6C934B01F0B85D98A137F57D7261
2026/05/25 16:29:02 serial 1797
2026/05/25 16:29:02 Processing protocol: 0x01 
2026/05/25 16:29:02 ✅ Login packet - IMEI: 867440069564324, Serial: 1797
2026/05/25 16:29:02 Sent response: 1811B1C420BF27CBC04C
2026/05/25 16:29:04 Received: 4BEC395AAB6A45511AFCBDEC1F3E70F87C9912C2924ABAB3FBF28FDF3151F6290EFBC4
2026/05/25 16:29:04 serial 1798
2026/05/25 16:29:04 Processing protocol: 0x26 
2026/05/25 16:29:04 ⚠️ Unknown protocol: 0x26
2026/05/25 16:29:06 Received: 3117FBAA7DF081D48241CA1EB15B2FAC813F3641BE2C5BD1F34D42FBC6893D90CF1C70
2026/05/25 16:29:06 serial 1799
2026/05/25 16:29:06 Processing protocol: 0x26 
2026/05/25 16:29:06 ⚠️ Unknown protocol: 0x26
2026/05/25 16:29:08 Received: 38BBA3AB96051D26DDAEB27BA6E6628F31893CABD6A74FA36013D1A7639D230C6B6DB3
2026/05/25 16:29:08 serial 1800
2026/05/25 16:29:08 Processing protocol: 0x26 
2026/05/25 16:29:08 ⚠️ Unknown protocol: 0x26
2026/05/25 16:29:10 Received: 73F6E4F9B75C216C0D15EC1E
2026/05/25 16:29:10 serial 1801
2026/05/25 16:29:10 Processing protocol: 0x94 
2026/05/25 16:29:10 ℹ️ Information transmission packet
2026/05/25 16:29:12 Server listening on :5023
2026/05/25 16:29:14 Received: 1138F48A3ED66B0E4DB75BC72671AD1AFC0CC4A17D0D1F567103DBA786D1889D4C7C06
2026/05/25 16:29:14 serial 1802
2026/05/25 16:29:14 Processing protocol: 0x26 
2026/05/25 16:29:14 ⚠️ Unknown protocol: 0x26
2026/05/25 16:29:16 Received: 9680173A8F2C80C9784296C03976BF42EC2D5C09AD7A5F15D28606EDCA566894095C073F197D8A96
2026/05/25 16:29:16 serial 1803
2026/05/25 16:29:16 Processing protocol: 0x22 
2026/05/25 16:29:16 ✅ Location - IMEI: 867440069564328, Lat: 22.638926, Lon: 88.563154, Speed: 119, Course: 3757, Serial: 1803
2026/05/25 16:29:18 Client connected: 34.62.247.244:18003
2026/05/25 16:29:18 Received: 65FA1317264324C3F237AE45009C204E84CFEBEE
2026/05/25 16:29:18 serial 1804
2026/05/25 16:29:18 Processing protocol: 0x01 
2026/05/25 16:29:18 ✅ Login packet - IMEI: 867440069564329, Serial: 1804
2026/05/25 16:29:18 Sent response: 3FA33E1A66ACEDFFAFAA
2026/05/25 16:29:20 Server listening on :5023
2026/05/25 16:29:22 Received: 7C6ABC07F9B798CF374AB6BDFCE246F5DE85967C7927FC9303E521E222EFC2133CCBBF168770F187
2026/05/25 16:29:22 serial 1805
2026/05/25 16:29:22 Processing protocol: 0x22 
2026/05/25 16:29:22 ✅ Location - IMEI: 867440069564323, Lat: 22.526325, Lon: 88.476022, Speed: 8, Course: 5086, Serial: 1805
2026/05/25 16:29:24 Received: 0B07AE08322BF096DC90F19E
2026/05/25 16:29:24 serial 1806
2026/05/25 16:29:24 Processing protocol: 0x94 
2026/05/25 16:29:24 ℹ️ Information transmission packet
2026/05/25 16:29:26 Received: FBCD513EFAB09A1022525A78356F876C
2026/05/25 16:29:26 serial 1807
2026/05/25 16:29:26 Processing protocol: 0x13 
2026/05/25 16:29:26 ✅ Heartbeat - IMEI: 867440069564321, Battery: 3, GSM: 2, TermInfo: 93A77627, Serial: 1807
2026/05/25 16:29:26 Sent response: 9DDC1DC66ED3D3AA2151
2026/05/25 16:29:28 Received: 8C6EFBFFF6A314D8902569461C77F024A0014AA2A15BA3D089137472736BCB13493049
2026/05/25 16:29:28 serial 1808
2026/05/25 16:29:28 Processing protocol: 0x26 
2026/05/25 16:29:28 ⚠️ Unknown protocol: 0x26
2026/05/25 16:29:28 Connection error: EOF
2026/05/25 16:29:30 Received: F2FD1BB01DFFC36A74559BBBFB9E5DAF79250795DDBD8E305439701884D1977AF4D555
2026/05/25 16:29:30 serial 1809
2026/05/25 16:29:30 Processing protocol: 0x26 
2026/05/25 16:29:30 ⚠️ Unknown protocol: 0x26
2026/05/25 16:29:32 Received: 8A96A5ABC38AE648A4AB4B0EEB987C255B9B087F4FBA47EE96767263C2E513B3765AF876B07CE450
2026/05/25 16:29:32 serial 1810
2026/05/25 16:29:32 Processing protocol: 0x22 
2026/05/25 16:29:32 ✅ Location - IMEI: 867440069564322, Lat: 22.685469, Lon: 88.482182, Speed: 94, Course: 5990, Serial: 1810
2026/05/25 16:29:32 Connection error: EOF
2026/05/25 16:29:34 Received: E963065F95E44741B6B4FB2D88593C080AE5F1EAE0C8388D98D0A246ED2061055D5872
2026/05/25 16:29:34 serial 1811
2026/05/25 16:29:34 Processing protocol: 0x26 
2026/05/25 16:29:34 ⚠️ Unknown protocol: 0x26
2026/05/25 16:29:36 Received: 7BA5218BCD58BAD0E4E51BF5B8FF0AE4
2026/05/25 16:29:36 serial 1812
2026/05/25 16:29:36 Processing protocol: 0x13 
2026/05/25 16:29:36 ✅ Heartbeat - IMEI: 867440069564326, Battery: 6, GSM: 5, TermInfo: E8FE2AE9, Serial: 1812
2026/05/25 16:29:36 Sent response: BBBDF6513DEB03AB456F
2026/05/25 16:29:38 Server listening on :5023
2026/05/25 16:29:40 Server listening on :5023
2026/05/25 16:29:42 Received: EE894D1825E5065D27472BC75BB51635D90F5C7CEEFEA251304B241996956EB1F9A880
2026/05/25 16:29:42 serial 1813
2026/05/25 16:29:42 Processing protocol: 0x26 
2026/05/25 16:29:42 ⚠️ Unknown protocol: 0x26
2026/05/25 16:29:42 Connection error: EOF
2026/05/25 16:29:44 Received: 3FB7EC24315980FD2CEEE484
2026/05/25 16:29:44 serial 1814
2026/05/25 16:29:44 Processing protocol: 0x94 
2026/05/25 16:29:44 ℹ️ Information transmission packet
2026/05/25 16:29:46 Received: 96624783A8A342EF54913C2F70ECD525E49A4F63C3AC62089D6E429C6C77EA2F2C92E1
2026/05/25 16:29:46 serial 1815
2026/05/25 16:29:46 Processing protocol: 0x26 
2026/05/25 16:29:46 ⚠️ Unknown protocol: 0x26
2026/05/25 16:29:48 Received: 6D8E8EC77827B3940ADBA3FB
2026/05/25 16:29:48 serial 1816
2026/05/25 16:29:48 Processing protocol: 0x94 
2026/05/25 16:29:48 ℹ️ Information transmission packet
2026/05/25 16:29:50 Received: EF301684F32EDC2A694CD13B
2026/05/25 16:29:50 serial 1817
2026/05/25 16:29:50 Processing protocol: 0x94 
2026/05/25 16:29:50 ℹ️ Information transmission packet
2026/05/25 16:29:52 Server listening on :5023
2026/05/25 16:29:54 Server listening on :5023
2026/05/25 16:29:54 Connection error: EOF
2026/05/25 16:29:56 Received: 724C62ECA0C15A4074BBB45F
2026/05/25 16:29:56 serial 1818
2026/05/25 16:29:56 Processing protocol: 0x94 
2026/05/25 16:29:56 ℹ️ Information transmission packet
2026/05/25 16:29:58 Received: 80B765F24A92F97A685062B6
2026/05/25 16:29:58 serial 1819
2026/05/25 16:29:58 Processing protocol: 0x94 
2026/05/25 16:29:58 ℹ️ Information transmission packet
2026/05/25 16:30:00 Client connected: 112.163.130.160:27360
2026/05/25 16:30:00 Received: 63E21763CB4841CE574860CF18E2105E4744F313
2026/05/25 16:30:00 serial 1820
2026/05/25 16:30:00 Processing protocol: 0x01 
2026/05/25 16:30:00 ✅ Login packet - IMEI: 867440069564330, Serial: 1820
2026/05/25 16:30:00 Sent response: 500C6B292CC7C6F84C9F
2026/05/25 16:30:02 Server listening on :5023
2026/05/25 16:30:04 Received: 0AFB2173793B04B56A3ECC354947EF0329781B7C5AB18AB5BD4B42C1B3EAAE8C542AA7
2026/05/25 16:30:04 serial 1821
2026/05/25 16:30:04 Processing protocol: 0x26 
2026/05/25 16:30:04 ⚠️ Unknown protocol: 0x26
2026/05/25 16:30:04 Connection error: EOF
2026/05/25 16:30:06 Server listening on :5023
2026/05/25 16:30:08 Received: 63BE9318D2E7469AE99FD3CEAAAD9043
2026/05/25 16:30:08 serial 1822
2026/05/25 16:30:08 Processing protocol: 0x13 
2026/05/25 16:30:08 ✅ Heartbeat - IMEI: 867440069564328, Battery: 4, GSM: 1, TermInfo: D69DDD48, Serial: 1822
2026/05/25 16:30:08 Sent response: 6D6E2FBF69286B6A9432
2026/05/25 16:30:10 Received: 3C82D1947B3BF4D8B40FE23D
2026/05/25 16:30:10 serial 1823
2026/05/25 16:30:10 Processing protocol: 0x94 
2026/05/25 16:30:10 ℹ️ Information transmission packet
2026/05/25 16:30:12 Server listening on :5023
2026/05/25 16:30:14 Received: 7BEB19B20FECE64F79EDC25031ECD6C07F80B0269B7D34C24A14557C5D82F22735B219
2026/05/25 16:30:14 serial 1824
2026/05/25 16:30:14 Processing protocol: 0x26 
2026/05/25 16:30:14 ⚠️ Unknown protocol: 0x26
2026/05/25 16:30:16 Server listening on :5023
2026/05/25 16:30:16 Connection error: EOF
2026/05/25 16:30:18 Server listening on :5023
2026/05/25 16:30:20 Server listening on :5023
2026/05/25 16:30:22 Client connected: 132.116.96.46:37273
2026/05/25 16:30:22 Received: 28BFE58788A52910A9FE6186A2BC811BD0BBB23B
2026/05/25 16:30:22 serial 1825
2026/05/25 16:30:22 Processing protocol: 0x01 
2026/05/25 16:30:22 ✅ Login packet - IMEI: 867440069564327, Serial: 1825
2026/05/25 16:30:22 Sent response: CC899732F2B06B651F3A
2026/05/25 16:30:24 Received: 9E83C9AC375FC04156C85B46077ACB19
2026/05/25 16:30:24 serial 1826
2026/05/25 16:30:24 Processing protocol: 0x13 
2026/05/25 16:30:24 ✅ Heartbeat - IMEI: 867440069564323, Battery: 4, GSM: 1, TermInfo: E35BA380, Serial: 1826
2026/05/25 16:30:24 Sent response: DF7B61195A4FB3FD6EE0
2026/05/25 16:30:26 Received: 548EFD031D78B6DCE6A94D863CC5ED11A553F65ED27D7E3B9C4F9DC1007FF365094E85D10430F63D
2026/05/25 16:30:26 serial 1827
2026/05/25 16:30:26 Processing protocol: 0x22 
2026/05/25 16:30:26 ✅ Location - IMEI: 867440069564328, Lat: 22.647953, Lon: 88.592824, Speed: 7, Course: 4832, Serial: 1827
2026/05/25 16:30:28 Received: 566A8BE40D847B751AF962F2AC32AF9C444CA57D0C8ACE542BC7A6BAD7ECE8FAF400B6392667C647
2026/05/25 16:30:28 serial 1828
2026/05/25 16:30:28 Processing protocol: 0x22 
2026/05/25 16:30:28 ✅ Location - IMEI: 867440069564323, Lat: 22.659445, Lon: 88.455917, Speed: 119, Course: 2818, Serial: 1828
2026/05/25 16:30:28 Connection error: EOF
2026/05/25 16:30:30 Received: CCE769C446CABA344BDF270CD7A1D9B11BB4D24EE1A0F2FF76E70AEA049A8F3C70CEBF6C5B4E04E0
2026/05/25 16:30:30 serial 1829
2026/05/25 16:30:30 Processing protocol: 0x22 
2026/05/25 16:30:30 ✅ Location - IMEI: 867440069564321, Lat: 22.590341, Lon: 88.541194, Speed: 42, Course: 3969, Serial: 1829
2026/05/25 16:30:32 Server listening on :5023
2026/05/25 16:30:34 Received: A14FEBD981AF38AADFDDB7D2
2026/05/25 16:30:34 serial 1830
2026/05/25 16:30:34 Processing protocol: 0x94 
2026/05/25 16:30:34 ℹ️ Information transmission packet
2026/05/25 16:30:34 Connection error: EOF
2026/05/25 16:30:36 Received: 26414F1A982ECF42EBE11CE1F6B02A38174C4603D97A1EC070D84CC66BC32E51D5111F
2026/05/25 16:30:36 serial 1831
2026/05/25 16:30:36 Processing protocol: 0x26 
2026/05/25 16:30:36 ⚠️ Unknown protocol: 0x26
2026/05/25 16:30:38 Client connected: 93.181.107.128:34601
2026/05/25 16:30:38 Received: F1DF4F6219F3B90F8D5A13743B085CD9CD769000
2026/05/25 16:30:38 serial 1832
2026/05/25 16:30:38 Processing protocol: 0x01 
2026/05/25 16:30:38 ✅ Login packet - IMEI: 867440069564324, Serial: 1832
2026/05/25 16:30:38 Sent response: 55D20BD1F11E9CD82403
2026/05/25 16:30:40 Client connected: 136.216.117.22:36957
2026/05/25 16:30:40 Received: E87428561D10575877C2833C2DDAFDB70B5A5ADA
2026/05/25 16:30:40 serial 1833
2026/05/25 16:30:40 Processing protocol: 0x01 
2026/05/25 16:30:40 ✅ Login packet - IMEI: 867440069564330, Serial: 1833
2026/05/25 16:30:40 Sent response: 2F5C8ECB61C20F91C636
2026/05/25 16:30:42 Received: 0D5AB55B73D27CBBF9DB74EEBDA48B37
2026/05/25 16:30:42 serial 1834
2026/05/25 16:30:42 Processing protocol: 0x13 
2026/05/25 16:30:42 ✅ Heartbeat - IMEI: 867440069564324, Battery: 3, GSM: 2, TermInfo: A51D8750, Serial: 1834
2026/05/25 16:30:42 Sent response: 0DBFF86B98BA91BE5355
2026/05/25 16:30:44 Received: 461289B819CF1714360AD6A6E85906A004F614EA5FFB180E670DAEC172E07B2E9C83F3
2026/05/25 16:30:44 serial 1835
2026/05/25 16:30:44 Processing protocol: 0x26 
2026/05/25 16:30:44 ⚠️ Unknown protocol: 0x26
2026/05/25 16:30:46 Received: E04842CE69655BE6378B00F2EE2D2C7AA5B1583BA9672D56AC4890C762E0CE9565ABDFE87CAA7905
2026/05/25 16:30:46 serial 1836
2026/05/25 16:30:46 Processing protocol: 0x22 
2026/05/25 16:30:46 ✅ Location - IMEI: 867440069564329, Lat: 22.500309, Lon: 88.512817, Speed: 71, Course: 2569, Serial: 1836
2026/05/25 16:30:48 Client connected: 23.223.42.198:40623
2026/05/25 16:30:48 Received: 10A21B375568AD6A84FA7BDFAF499F47B2454253
2026/05/25 16:30:48 serial 1837
2026/05/25 16:30:48 Processing protocol: 0x01 
2026/05/25 16:30:48 ✅ Login packet - IMEI: 867440069564325, Serial: 1837
2026/05/25 16:30:48 Sent response: D1F2EF7DBC495E1D1E39
2026/05/25 16:30:50 Received: D9C3BAFBDDEFBE80F69CD0FA493D2382
2026/05/25 16:30:50 serial 1838
2026/05/25 16:30:50 Processing protocol: 0x13 
2026/05/25 16:30:50 ✅ Heartbeat - IMEI: 867440069564329, Battery: 5, GSM: 3, TermInfo: 24B0ADFE, Serial: 1838
2026/05/25 16:30:50 Sent response: E3C9C5DA26BC2B839394
2026/05/25 16:30:52 Received: 2FECC36468180747EE20C4397AF6C9C8
2026/05/25 16:30:52 serial 1839
2026/05/25 16:30:52 Processing protocol: 0x13 
2026/05/25 16:30:52 ✅ Heartbeat - IMEI: 867440069564330, Battery: 5, GSM: 4, TermInfo: 97D8DE71, Serial: 1839
2026/05/25 16:30:52 Sent response: C0E6783EF099A61F691F
2026/05/25 16:30:54 Received: 9B65A108C8921A09A3D3B68E85E49C64D4151C5DECB001C2256FE9CC521C5030ADFAC371985AAE98
2026/05/25 16:30:54 serial 1840
2026/05/25 16:30:54 Processing protocol: 0x22 
2026/05/25 16:30:54 ✅ Location - IMEI: 867440069564323, Lat: 22.551816, Lon: 88.439249, Speed: 21, Course: 3542, Serial: 1840
2026/05/25 16:30:56 Server listening on :5023
2026/05/25 16:30:56 Connection error: EOF
2026/05/25 16:30:58 Received: 5AA22176BF3AC5EF75D2143FAB91D3F96720E499871B17A22E5830EAFC061BD6597B3D761F75D73E
2026/05/25 16:30:58 serial 1841
2026/05/25 16:30:58 Processing protocol: 0x22 
2026/05/25 16:30:58 ✅ Location - IMEI: 867440069564325, Lat: 22.622880, Lon: 88.506957, Speed: 47, Course: 5721, Serial: 1841
2026/05/25 16:31:00 Received: 46E17A2D8BBB85904B91AD01DC3C176ACF5D420C92FCB6B6EA58D3438411ABD3F8010FE68413E18B
2026/05/25 16:31:00 serial 1842
2026/05/25 16:31:00 Processing protocol: 0x22 
2026/05/25 16:31:00 ✅ Location - IMEI: 867440069564323, Lat: 22.659895, Lon: 88.372367, Speed: 7, Course: 3594, Serial: 1842
2026/05/25 16:31:00 Connection error: EOF
2026/05/25 16:31:02 Server listening on :5023
2026/05/25 16:31:04 Client connected: 191.141.107.54:31446
2026/05/25 16:31:04 Received: E2E4608441C32284B389A0AFCCC6AD3377DBFE14
2026/05/25 16:31:04 serial 1843
2026/05/25 16:31:04 Processing protocol: 0x01 
2026/05/25 16:31:04 ✅ Login packet - IMEI: 867440069564321, Serial: 1843
2026/05/25 16:31:04 Sent response: DD7E87C8FA67670C613B
2026/05/25 16:31:06 Received: 028D0056051EA4B627723BDE
2026/05/25 16:31:06 serial 1844
2026/05/25 16:31:06 Processing protocol: 0x94 
2026/05/25 16:31:06 ℹ️ Information transmission packet
2026/05/25 16:31:08 Server listening on :5023
2026/05/25 16:31:10 Server listening on :5023
2026/05/25 16:31:12 Received: 81015308C1A4FBB21F0A5C6833C6467BC6F6CC62564F8F66B84066CE0E8F00D4D33CC485420BB70D
2026/05/25 16:31:12 serial 1845
2026/05/25 16:31:12 Processing protocol: 0x22 
2026/05/25 16:31:12 ✅ Location - IMEI: 867440069564325, Lat: 22.637939, Lon: 88.341929, Speed: 20, Course: 3435, Serial: 1845
2026/05/25 16:31:14 Received: 5E91E812E92BE0AFE1B2EE655345D1A7
2026/05/25 16:31:14 serial 1846
2026/05/25 16:31:14 Processing protocol: 0x13 
2026/05/25 16:31:14 ✅ Heartbeat - IMEI: 867440069564329, Battery: 3, GSM: 1, TermInfo: AFFBCEBB, Serial: 1846
2026/05/25 16:31:14 Sent response: 21E51AB0647ED57C939C
2026/05/25 16:31:16 Received: FAE2A641C51D641CEE59AE47DA63426D
2026/05/25 16:31:16 serial 1847
2026/05/25 16:31:16 Processing protocol: 0x13 
2026/05/25 16:31:16 ✅ Heartbeat - IMEI: 867440069564321, Battery: 1, GSM: 4, TermInfo: E5EE4A94, Serial: 1847
2026/05/25 16:31:16 Sent response: 6BF37679044ABEF60728
2026/05/25 16:31:18 Received: C4EFCE20F6AF580B61D0F656EFC9561DDE3920777F92FED8B89FC94243C0E40ACD95B7D447349225
2026/05/25 16:31:18 serial 1848
2026/05/25 16:31:18 Processing protocol: 0x22 
2026/05/25 16:31:18 ✅ Location - IMEI: 867440069564321, Lat: 22.500343, Lon: 88.507730, Speed: 66, Course: 2994, Serial: 1848
2026/05/25 16:31:20 Server listening on :5023
2026/05/25 16:31:22 Received: 7D117BFA994CE14CEBFB090B4D1F502C
2026/05/25 16:31:22 serial 1849
2026/05/25 16:31:22 Processing protocol: 0x13 
2026/05/25 16:31:22 ✅ Heartbeat - IMEI: 867440069564327, Battery: 2, GSM: 4, TermInfo: F678C560, Serial: 1849
2026/05/25 16:31:22 Sent response: 4A9C95E4DCB5B2565963
2026/05/25 16:31:22 Connection error: EOF
2026/05/25 16:31:24 Received: 985A97DF8FDCD50488510198490BEAC2
2026/05/25 16:31:24 serial 1850
2026/05/25 16:31:24 Processing protocol: 0x13 
2026/05/25 16:31:24 ✅ Heartbeat - IMEI: 867440069564324, Battery: 5, GSM: 2, TermInfo: 08235BB4, Serial: 1850
2026/05/25 16:31:24 Sent response: 3A50D107E3BF766DB02A
2026/05/25 16:31:26 Received: 6C27C78C72DD2E150E5CAE9024B9AB94
2026/05/25 16:31:26 serial 1851
2026/05/25 16:31:26 Processing protocol: 0x13 
2026/05/25 16:31:26 ✅ Heartbeat - IMEI: 867440069564330, Battery: 6, GSM: 2, TermInfo: 7F03CBE5, Serial: 1851
2026/05/25 16:31:26 Sent response: EA8BE7954A56E0E4CF64
2026/05/25 16:31:28 Received: A4269143E35EB061F76C5693AE86D584C53657DC91C41C1B81C99DCEF2AD9DCC8A84F8
2026/05/25 16:31:28 serial 1852
2026/05/25 16:31:28 Processing protocol: 0x26 
2026/05/25 16:31:28 ⚠️ Unknown protocol: 0x26
2026/05/25 16:31:30 Received: 1F7054298BAAE4CFD216CECB76D6EFD60B3E930DBE06629E07A8E40E98DCD3EB172BE7
2026/05/25 16:31:30 serial 1853
2026/05/25 16:31:30 Processing protocol: 0x26 
2026/05/25 16:31:30 ⚠️ Unknown protocol: 0x26
2026/05/25 16:31:32 Received: 3356A5C77221B2B2CE910717C7501ED1F770212D964D8D6FA7212ED2FBAC4962BCF0F5
2026/05/25 16:31:32 serial 1854
2026/05/25 16:31:32 Processing protocol: 0x26 
2026/05/25 16:31:32 ⚠️ Unknown protocol: 0x26
2026/05/25 16:31:34 Received: 7246897ED02E19F08C79F4C6
2026/05/25 16:31:34 serial 1855
2026/05/25 16:31:34 Processing protocol: 0x94 
2026/05/25 16:31:34 ℹ️ Information transmission packet
2026/05/25 16:31:36 Received: 789C86F5F6EDA6DCC9B8C731BA133FE8FC1FA1D7CF9F5934455C69FC46DFDDE313A46879A1456A01
2026/05/25 16:31:36 serial 1856
2026/05/25 16:31:36 Processing protocol: 0x22 
2026/05/25 16:31:36 ✅ Location - IMEI: 867440069564328, Lat: 22.662845, Lon: 88.530134, Speed: 79, Course: 5300, Serial: 1856
2026/05/25 16:31:36 Connection error: EOF
2026/05/25 16:31:38 Received: 30DAF6904D1FB8314B72C7EA505B9E87
2026/05/25 16:31:38 serial 1857
2026/05/25 16:31:38 Processing protocol: 0x13 
2026/05/25 16:31:38 ✅ Heartbeat - IMEI: 867440069564322, Battery: 3, GSM: 1, TermInfo: B9165701, Serial: 1857
2026/05/25 16:31:38 Sent response: 4960CE950BE67C24B7CE
2026/05/25 16:31:40 Server listening on :5023
2026/05/25 16:31:42 Client connected: 124.186.226.185:34227
2026/05/25 16:31:42 Received: BA4481E388650E3585A4393C290EC28EFDFD77C3
2026/05/25 16:31:42 serial 1858
2026/05/25 16:31:42 Processing protocol: 0x01 
2026/05/25 16:31:42 ✅ Login packet - IMEI: 867440069564329, Serial: 1858
2026/05/25 16:31:42 Sent response: 5434DFDB401F4EECD8A7
2026/05/25 16:31:44 Received: 4C2F42F5DBA191F892ECABDA12A1E593
2026/05/25 16:31:44 serial 1859
2026/05/25 16:31:44 Processing protocol: 0x13 
2026/05/25 16:31:44 ✅ Heartbeat - IMEI: 867440069564323, Battery: 5, GSM: 3, TermInfo: F1898396, Serial: 1859
2026/05/25 16:31:44 Sent response: B6D336FA1295AB1818CA
2026/05/25 16:31:44 Connection error: EOF
2026/05/25 16:31:46 Client connected: 168.175.115.19:30299
2026/05/25 16:31:46 Received: FA3BD52D5B8A567003ADB4DE3861E13D223031E0
2026/05/25 16:31:46 serial 1860
2026/05/25 16:31:46 Processing protocol: 0x01 
2026/05/25 16:31:46 ✅ Login packet - IMEI: 867440069564322, Serial: 1860
2026/05/25 16:31:46 Sent response: 05B2D968ABC48ED0C553
2026/05/25 16:31:48 Received: B000A0D0EAF3CBF2D199614BDD31C54ECDB6EFC5EA4133B4F86C433B7396A54A693CE5DBC3BA39F2
2026/05/25 16:31:48 serial 1861
2026/05/25 16:31:48 Processing protocol: 0x22 
2026/05/25 16:31:48 ✅ Location - IMEI: 867440069564325, Lat: 22.607871, Lon: 88.491177, Speed: 115, Course: 1764, Serial: 1861
2026/05/25 16:31:50 Client connected: 165.126.167.144:45363
2026/05/25 16:31:50 Received: 628014404FB01F2B2515F1B157811E79A1596057
2026/05/25 16:31:50 serial 1862
2026/05/25 16:31:50 Processing protocol: 0x01 
2026/05/25 16:31:50 ✅ Login packet - IMEI: 867440069564326, Serial: 1862
2026/05/25 16:31:50 Sent response: 6935D747CB2B4E547A74
2026/05/25 16:31:52 Received: A655F4BDE5A544935010F00311548EDB
2026/05/25 16:31:52 serial 1863
2026/05/25 16:31:52 Processing protocol: 0x13 
2026/05/25 16:31:52 ✅ Heartbeat - IMEI: 867440069564328, Battery: 4, GSM: 5, TermInfo: D8BCD025, Serial: 1863
2026/05/25 16:31:52 Sent response: F5978982737D0AEF00A4
2026/05/25 16:31:54 Client connected: 125.23.54.139:27752
2026/05/25 16:31:54 Received: 340479B1E18E08FB001A729E04E0B0611B27C685
2026/05/25 16:31:54 serial 1864
2026/05/25 16:31:54 Processing protocol: 0x01 
2026/05/25 16:31:54 ✅ Login packet - IMEI: 867440069564322, Serial: 1864
2026/05/25 16:31:54 Sent response: 917CEBADADE40AF4B359
2026/05/25 16:31:56 Received: BB3D212870871EC795956D7D13ED2F13AA13607D17DF5E83DFAD0831BAD9B23815606C
2026/05/25 16:31:56 serial 1865
2026/05/25 16:31:56 Processing protocol: 0x26 
2026/05/25 16:31:56 ⚠️ Unknown protocol: 0x26
2026/05/25 16:31:58 Received: 05C9D0595678B4E3D3931F3B
2026/05/25 16:31:58 serial 1866
2026/05/25 16:31:58 Processing protocol: 0x94 
2026/05/25 16:31:58 ℹ️ Information transmission packet
2026/05/25 16:32:00 Received: 619B8EFFEC053D5CF2B5D14A
2026/05/25 16:32:00 serial 1867
2026/05/25 16:32:00 Processing protocol: 0x94 
2026/05/25 16:32:00 ℹ️ Information transmission packet
2026/05/25 16:32:02 Received: B6B7A92151FAF41E5B0F354C
2026/05/25 16:32:02 serial 1868
2026/05/25 16:32:02 Processing protocol: 0x94 
2026/05/25 16:32:02 ℹ️ Information transmission packet
2026/05/25 16:32:04 Received: CD1D351CDC55D0A56EA7FC381A0D14F1EE22B26E4BFED9872784A653AE77490950C0FEA7209FF4FF
2026/05/25 16:32:04 serial 1869
2026/05/25 16:32:04 Processing protocol: 0x22 
2026/05/25 16:32:04 ✅ Location - IMEI: 867440069564323, Lat: 22.683352, Lon: 88.513104, Speed: 37, Course: 5782, Serial: 1869
2026/05/25 16:32:06 Received: A8C6B5E238144B813B78F25C8C1A0A01A5B531907B067299F02996E14C06FC1C85B92849C0D403CC
2026/05/25 16:32:06 serial 1870
2026/05/25 16:32:06 Processing protocol: 0x22 
2026/05/25 16:32:06 ✅ Location - IMEI: 867440069564323, Lat: 22.596134, Lon: 88.437468, Speed: 9, Course: 2183, Serial: 1870
2026/05/25 16:32:08 Received: 7A77C641038E90D2CFC2F3E9C293C44B
2026/05/25 16:32:08 serial 1871
2026/05/25 16:32:08 Processing protocol: 0x13 
2026/05/25 16:32:08 ✅ Heartbeat - IMEI: 867440069564328, Battery: 2, GSM: 5, TermInfo: F125D215, Serial: 1871
2026/05/25 16:32:08 Sent response: 18A3E96163014AF49EF9
2026/05/25 16:32:10 Client connected: 23.225.162.243:36878
2026/05/25 16:32:10 Received: A6842F0CE7DEB283C3285D6FEF9800A136203E3F
2026/05/25 16:32:10 serial 1872
2026/05/25 16:32:10 Processing protocol: 0x01 
2026/05/25 16:32:10 ✅ Login packet - IMEI: 867440069564327, Serial: 1872
2026/05/25 16:32:10 Sent response: 0EFA6A83ACA48F900968
2026/05/25 16:32:12 Received: C15AFA0F99B9E33917134150291B3BA2
2026/05/25 16:32:12 serial 1873
2026/05/25 16:32:12 Processing protocol: 0x13 
2026/05/25 16:32:12 ✅ Heartbeat - IMEI: 867440069564322, Battery: 2, GSM: 3, TermInfo: E2177A37, Serial: 1873
2026/05/25 16:32:12 Sent response: 2AB7D3E9D45F80C52C39
2026/05/25 16:32:14 Received: A24116109574FB7A567CDB70CD4393ED478F9751AC16BB9B7B86BC7CF0EE95EEA714DB
2026/05/25 16:32:14 serial 1874
2026/05/25 16:32:14 Processing protocol: 0x26 
2026/05/25 16:32:14 ⚠️ Unknown protocol: 0x26
2026/05/25 16:32:16 Client connected: 99.228.165.179:39857
2026/05/25 16:32:16 Received: DA86B207C8B021FE0F3D2133046C1AD8226A03BD
2026/05/25 16:32:16 serial 1875
2026/05/25 16:32:16 Processing protocol: 0x01 
2026/05/25 16:32:16 ✅ Login packet - IMEI: 867440069564321, Serial: 1875
2026/05/25 16:32:16 Sent response: BD599694FD27B46770E4
2026/05/25 16:32:18 Received: 0F189B4CF03D8905340A758D
2026/05/25 16:32:18 serial 1876
2026/05/25 16:32:18 Processing protocol: 0x94 
2026/05/25 16:32:18 ℹ️ Information transmission packet
2026/05/25 16:32:20 Received: AEFB9CC0FED345937AE4987B1496A8B7AFB2338DB2258ECDCE59D70B3D7186E46ACDB3
2026/05/25 16:32:20 serial 1877
2026/05/25 16:32:20 Processing protocol: 0x26 
2026/05/25 16:32:20 ⚠️ Unknown protocol: 0x26
2026/05/25 16:32:22 Server listening on :5023
2026/05/25 16:32:24 Received: 57FB66B599249F64877586D2689E9BFA
2026/05/25 16:32:24 serial 1878
2026/05/25 16:32:24 Processing protocol: 0x13 
2026/05/25 16:32:24 ✅ Heartbeat - IMEI: 867440069564325, Battery: 5, GSM: 3, TermInfo: 59C4C5F9, Serial: 1878
2026/05/25 16:32:24 Sent response: A7B73C96D71D832608DD
2026/05/25 16:32:26 Received: B7EF3D79D50BD36A59F45848
2026/05/25 16:32:26 serial 1879
2026/05/25 16:32:26 Processing protocol: 0x94 
2026/05/25 16:32:26 ℹ️ Information transmission packet
2026/05/25 16:32:28 Received: 807FB6132F83AF9A2B34DF36E40A5628
2026/05/25 16:32:28 serial 1880
2026/05/25 16:32:28 Processing protocol: 0x13 
2026/05/25 16:32:28 ✅ Heartbeat - IMEI: 867440069564327, Battery: 2, GSM: 5, TermInfo: 0C35F547, Serial: 1880
2026/05/25 16:32:28 Sent response: E65B212F5FFD67D61855
2026/05/25 16:32:30 Server listening on :5023
2026/05/25 16:32:32 Server listening on :5023
2026/05/25 16:32:34 Received: 2EF6C65D006A5AC6F160CC01506D69BB
2026/05/25 16:32:34 serial 1881
2026/05/25 16:32:34 Processing protocol: 0x13 
2026/05/25 16:32:34 ✅ Heartbeat - IMEI: 867440069564323, Battery: 3, GSM: 4, TermInfo: DE9C7585, Serial: 1881
2026/05/25 16:32:34 Sent response: 29F4037A795BEB20AB2A
2026/05/25 16:32:36 Client connected: 62.131.146.165:32981
2026/05/25 16:32:36 Received: 2B49D7F6BE31457700781BB807F241726450EF84
2026/05/25 16:32:36 serial 1882
2026/05/25 16:32:36 Processing protocol: 0x01 
2026/05/25 16:32:36 ✅ Login packet - IMEI: 867440069564327, Serial: 1882
2026/05/25 16:32:36 Sent response: EC58D81446B6BDFBFA9E
2026/05/25 16:32:38 Client connected: 181.82.110.146:10417
2026/05/25 16:32:38 Received: C9AF2214AB71B0F9568719E88AAED7A1896D0CF1
2026/05/25 16:32:38 serial 1883
2026/05/25 16:32:38 Processing protocol: 0x01 
2026/05/25 16:32:38 ✅ Login packet - IMEI: 867440069564324, Serial: 1883
2026/05/25 16:32:38 Sent response: 5183442A1E302C94EB94
2026/05/25 16:32:38 Connection error: EOF
2026/05/25 16:32:40 Received: 9681056365922EBAB8491C4E528151B0
2026/05/25 16:32:40 serial 1884
2026/05/25 16:32:40 Processing protocol: 0x13 
2026/05/25 16:32:40 ✅ Heartbeat - IMEI: 867440069564328, Battery: 3, GSM: 5, TermInfo: 62580D51, Serial: 1884
2026/05/25 16:32:40 Sent response: 556D3932AC0ADEC3CDDD
2026/05/25 16:32:42 Received: F0317E1CEEE95F9B3976988FE0209775D326F0EF9685928BDF86507C5AB9DED3D7855D
2026/05/25 16:32:42 serial 1885
2026/05/25 16:32:42 Processing protocol: 0x26 
2026/05/25 16:32:42 ⚠️ Unknown protocol: 0x26
2026/05/25 16:32:44 Received: 1C2711201614E23274BD37A9AE4DF990
2026/05/25 16:32:44 serial 1886
2026/05/25 16:32:44 Processing protocol: 0x13 
2026/05/25 16:32:44 ✅ Heartbeat - IMEI: 867440069564323, Battery: 2, GSM: 2, TermInfo: D9250B5C, Serial: 1886
2026/05/25 16:32:44 Sent response: FD5C088CDFE866F62854
2026/05/25 16:32:46 Client connected: 98.234.121.212:57445
2026/05/25 16:32:46 Received: 0DEA1A1356CB6AF33E888776DA465940B5111348
2026/05/25 16:32:46 serial 1887
2026/05/25 16:32:46 Processing protocol: 0x01 
2026/05/25 16:32:46 ✅ Login packet - IMEI: 867440069564330, Serial: 1887
2026/05/25 16:32:46 Sent response: 5256A79EC7C708DA5550
2026/05/25 16:32:48 Received: E4161F295AD041B18D099BA9ECF7C06AD61E96A5925C19E2AE2699DFEEC38B5B04621E84F469AB8A
2026/05/25 16:32:48 serial 1888
2026/05/25 16:32:48 Processing protocol: 0x22 
2026/05/25 16:32:48 ✅ Location - IMEI: 867440069564330, Lat: 22.616007, Lon: 88.581488, Speed: 31, Course: 3633, Serial: 1888
2026/05/25 16:32:50 Received: 9F24CFDB31119E2523B9533108891611
2026/05/25 16:32:50 serial 1889
2026/05/25 16:32:50 Processing protocol: 0x13 
2026/05/25 16:32:50 ✅ Heartbeat - IMEI: 867440069564328, Battery: 3, GSM: 2, TermInfo: 4F86B023, Serial: 1889
2026/05/25 16:32:50 Sent response: 098A8400B0D2E3278D06
2026/05/25 16:32:52 Client connected: 95.237.80.28:30613
2026/05/25 16:32:52 Received: B731AE7DD29C2F7949316A79215CAE062F686C75
2026/05/25 16:32:52 serial 1890
2026/05/25 16:32:52 Processing protocol: 0x01 
2026/05/25 16:32:52 ✅ Login packet - IMEI: 867440069564326, Serial: 1890
2026/05/25 16:32:52 Sent response: 533A231758F90F0DEA82
2026/05/25 16:32:52 Connection error: EOF
2026/05/25 16:32:54 Client connected: 154.212.40.18:58339
2026/05/25 16:32:54 Received: 8A861ACAEE8FD95ADAB436DBE6CEAFB47363A4B0
2026/05/25 16:32:54 serial 1891
2026/05/25 16:32:54 Processing protocol: 0x01 
2026/05/25 16:32:54 ✅ Login packet - IMEI: 867440069564327, Serial: 1891
2026/05/25 16:32:54 Sent response: 7BFF4C507C3A06397493
2026/05/25 16:32:56 Received: 5C3B4305B3B70D93C50A2AC6662B2350EC97E618955132F345401F5161701E2FF134D5
2026/05/25 16:32:56 serial 1892
2026/05/25 16:32:56 Processing protocol: 0x26 
2026/05/25 16:32:56 ⚠️ Unknown protocol: 0x26
2026/05/25 16:32:58 Client connected: 23.187.66.13:58264
2026/05/25 16:32:58 Received: 3FC2ED7E31B28AAB713EB359C9A16A0D5D727F7F
2026/05/25 16:32:58 serial 1893
2026/05/25 16:32:58 Processing protocol: 0x01 
2026/05/25 16:32:58 ✅ Login packet - IMEI: 867440069564324, Serial: 1893
2026/05/25 16:32:58 Sent response: FA7C23F5497C679333F2
2026/05/25 16:33:00 Received: 2C9CB5D4ABAFC263813A01DA
2026/05/25 16:33:00 serial 1894
2026/05/25 16:33:00 Processing protocol: 0x94 
2026/05/25 16:33:00 ℹ️ Information transmission packet
2026/05/25 16:33:02 Received: 684028CFDE496D7711F3F230
2026/05/25 16:33:02 serial 1895
2026/05/25 16:33:02 Processing protocol: 0x94 
2026/05/25 16:33:02 ℹ️ Information transmission packet
2026/05/25 16:33:02 Connection error: EOF
2026/05/25 16:33:04 Received: 18E072264F4CE8B3B9DE4D8119D94FA7C361827287FCCEF740AD473B9F12FBA14168C1
2026/05/25 16:33:04 serial 1896
2026/05/25 16:33:04 Processing protocol: 0x26 
2026/05/25 16:33:04 ⚠️ Unknown protocol: 0x26
2026/05/25 16:33:06 Client connected: 6.133.193.75:49179
2026/05/25 16:33:06 Received: EE9DA5930219CDA68C51D14E4EC6BD0FC14384B1
2026/05/25 16:33:06 serial 1897
2026/05/25 16:33:06 Processing protocol: 0x01 
2026/05/25 16:33:06 ✅ Login packet - IMEI: 867440069564328, Serial: 1897
2026/05/25 16:33:06 Sent response: C63F396F1E5F71C12CD5
2026/05/25 16:33:08 Received: 24830D9276684557E58ADEBE273D73F080DE8846740A2C3EC8C740771B88B32F5D2BCF47ACFB03CF
2026/05/25 16:33:08 serial 1898
2026/05/25 16:33:08 Processing protocol: 0x22 
2026/05/25 16:33:08 ✅ Location - IMEI: 867440069564324, Lat: 22.698511, Lon: 88.557544, Speed: 106, Course: 4325, Serial: 1898
2026/05/25 16:33:08 Connection error: EOF
2026/05/25 16:33:10 Server listening on :5023
2026/05/25 16:33:12 Received: 4E06EFE582EABBA4AB6D9144
2026/05/25 16:33:12 serial 1899
2026/05/25 16:33:12 Processing protocol: 0x94 
2026/05/25 16:33:12 ℹ️ Information transmission packet
2026/05/25 16:33:14 Received: BD1955BA23437EF51913C997A1B562D9
2026/05/25 16:33:14 serial 1900
2026/05/25 16:33:14 Processing protocol: 0x13 
2026/05/25 16:33:14 ✅ Heartbeat - IMEI: 867440069564323, Battery: 4, GSM: 4, TermInfo: 30C51030, Serial: 1900
2026/05/25 16:33:14 Sent response: 90470A0F7321E3C7A1C4
2026/05/25 16:33:16 Received: DE95F8C8A97AB7F19767E287
2026/05/25 16:33:16 serial 1901
2026/05/25 16:33:16 Processing protocol: 0x94 
2026/05/25 16:33:16 ℹ️ Information transmission packet
2026/05/25 16:33:18 Client connected: 2.175.74.39:58239
2026/05/25 16:33:18 Received: 4427FB0AA453CDB87779CEABC96C2F914AE397F1
2026/05/25 16:33:18 serial 1902
2026/05/25 16:33:18 Processing protocol: 0x01 
2026/05/25 16:33:18 ✅ Login packet - IMEI: 867440069564324, Serial: 1902
2026/05/25 16:33:18 Sent response: A1EA14398B1600A8D8BD
2026/05/25 16:33:20 Received: 11AA454E988E75AB818BD5DC774F08809841F0680F117CF4EF273ACF36EE342719B8C2
2026/05/25 16:33:20 serial 1903
2026/05/25 16:33:20 Processing protocol: 0x26 
2026/05/25 16:33:20 ⚠️ Unknown protocol: 0x26
2026/05/25 16:33:22 Received: F46C6469C033B01BE872462B
2026/05/25 16:33:22 serial 1904
2026/05/25 16:33:22 Processing protocol: 0x94 
2026/05/25 16:33:22 ℹ️ Information transmission packet
2026/05/25 16:33:24 Received: 6C1B94C7C00C5B82BC58948AF5BE8D10CDE417A69CDB4FABBF958CFE24CA8E66F3609C
2026/05/25 16:33:24 serial 1905
2026/05/25 16:33:24 Processing protocol: 0x26 
2026/05/25 16:33:24 ⚠️ Unknown protocol: 0x26
2026/05/25 16:33:26 Received: 269437AC29BCDD9500A59DB47C22FDA13D71058788550B820B73291894AA15AA9733CF79D84F29AF
2026/05/25 16:33:26 serial 1906
2026/05/25 16:33:26 Processing protocol: 0x22 
2026/05/25 16:33:26 ✅ Location - IMEI: 867440069564329, Lat: 22.540768, Lon: 88.444078, Speed: 67, Course: 3263, Serial: 1906
2026/05/25 16:33:28 Received: C66DF5F14B4EEE32255BD833C79AA850
2026/05/25 16:33:28 serial 1907
2026/05/25 16:33:28 Processing protocol: 0x13 
2026/05/25 16:33:28 ✅ Heartbeat - IMEI: 867440069564323, Battery: 1, GSM: 4, TermInfo: 6039536A, Serial: 1907
2026/05/25 16:33:28 Sent response: BEA8A0F78DD88B36DB09
2026/05/25 16:33:30 Received: 6DC950C8ACCC34EA85867C53
2026/05/25 16:33:30 serial 1908
2026/05/25 16:33:30 Processing protocol: 0x94 
2026/05/25 16:33:30 ℹ️ Information transmission packet
2026/05/25 16:33:32 Received: C1F8AAC3FF5049E4DBFFC7CC
2026/05/25 16:33:32 serial 1909
2026/05/25 16:33:32 Processing protocol: 0x94 
2026/05/25 16:33:32 ℹ️ Information transmission packet
2026/05/25 16:33:34 Received: 0BF8E171164666C734A486FA2FDDB5D8
2026/05/25 16:33:34 serial 1910
2026/05/25 16:33:34 Processing protocol: 0x13 
2026/05/25 16:33:34 ✅ Heartbeat - IMEI: 867440069564321, Battery: 4, GSM: 1, TermInfo: 1A66B636, Serial: 1910
2026/05/25 16:33:34 Sent response: 6C17F188AC3A3812E343
2026/05/25 16:33:36 Received: F513FD2C0D543D69C658500C
2026/05/25 16:33:36 serial 1911
2026/05/25 16:33:36 Processing protocol: 0x94 
2026/05/25 16:33:36 ℹ️ Information transmission packet
2026/05/25 16:33:38 Received: 3AC5B88B01930D7958302711B92FD580D70AEB24E65138026A652118CFB77EB32D842372ECDD1F85
2026/05/25 16:33:38 serial 1912
2026/05/25 16:33:38 Processing protocol: 0x22 
2026/05/25 16:33:38 ✅ Location - IMEI: 867440069564325, Lat: 22.510897, Lon: 88.362425, Speed: 114, Course: 2866, Serial: 1912
2026/05/25 16:33:40 Received: B764D755C51D1E54C14AE6EE
2026/05/25 16:33:40 serial 1913
2026/05/25 16:33:40 Processing protocol: 0x94 
2026/05/25 16:33:40 ℹ️ Information transmission packet
2026/05/25 16:33:42 Received: 7FDEE85C43AD12930C20BAD23CC9A88D3EBA871FE8BDA933FBA02D9D3E75779D807AE473617B5155
2026/05/25 16:33:42 serial 1914
2026/05/25 16:33:42 Processing protocol: 0x22 
2026/05/25 16:33:42 ✅ Location - IMEI: 867440069564330, Lat: 22.611348, Lon: 88.362345, Speed: 119, Course: 4485, Serial: 1914
2026/05/25 16:33:44 Received: 000CB95A7F15151AB947204A
2026/05/25 16:33:44 serial 1915
2026/05/25 16:33:44 Processing protocol: 0x94 
2026/05/25 16:33:44 ℹ️ Information transmission packet
2026/05/25 16:33:46 Received: 343A212FBC7107E805EC7B7E27081FC1E50098DE4104FFA47953EAA3531228282D8574B9974CA61D
2026/05/25 16:33:46 serial 1916
2026/05/25 16:33:46 Processing protocol: 0x22 
2026/05/25 16:33:46 ✅ Location - IMEI: 867440069564330, Lat: 22.626999, Lon: 88.301658, Speed: 28, Course: 1118, Serial: 1916
2026/05/25 16:33:48 Server listening on :5023
2026/05/25 16:33:50 Received: 422149AC40AED5B509D28A41FB0F90292445110526BC4B022031F6305453C3F2125607945E044D5C
2026/05/25 16:33:50 serial 1917
2026/05/25 16:33:50 Processing protocol: 0x22 
2026/05/25 16:33:50 ✅ Location - IMEI: 867440069564328, Lat: 22.517951, Lon: 88.511731, Speed: 8, Course: 3806, Serial: 1917
2026/05/25 16:33:52 Received: C22C88309009AEEEA6EE57010D6B7A71C89C7E4AD150957B0A7A4008A272ECEE81C44B
2026/05/25 16:33:52 serial 1918
2026/05/25 16:33:52 Processing protocol: 0x26 
2026/05/25 16:33:52 ⚠️ Unknown protocol: 0x26
2026/05/25 16:33:54 Server listening on :5023
2026/05/25 16:33:56 Received: B14A985330B286C57780F3CC
2026/05/25 16:33:56 serial 1919
2026/05/25 16:33:56 Processing protocol: 0x94 
2026/05/25 16:33:56 ℹ️ Information transmission packet
2026/05/25 16:33:58 Received: 78A05C0FB923472864BC61BDD5D0EEA8D994BC9C27D885B03DC40E04E9A1809E858642D05ACA0F5F
2026/05/25 16:33:58 serial 1920
2026/05/25 16:33:58 Processing protocol: 0x22 
2026/05/25 16:33:58 ✅ Location - IMEI: 867440069564329, Lat: 22.566778, Lon: 88.456100, Speed: 38, Course: 5259, Serial: 1920
2026/05/25 16:34:00 Client connected: 190.188.91.229:33503
2026/05/25 16:34:00 Received: D14521578F211ACA0A9F00F0AFAAE69C9984BA97
2026/05/25 16:34:00 serial 1921
2026/05/25 16:34:00 Processing protocol: 0x01 
2026/05/25 16:34:00 ✅ Login packet - IMEI: 867440069564328, Serial: 1921
2026/05/25 16:34:00 Sent response: DF805D2DE7490E8A3BDA
2026/05/25 16:34:02 Received: 4E8564A0966FEFFD4A2C56A5C2F73C1D
2026/05/25 16:34:02 serial 1922
2026/05/25 16:34:02 Processing protocol: 0x13 
2026/05/25 16:34:02 ✅ Heartbeat - IMEI: 867440069564327, Battery: 6, GSM: 4, TermInfo: B8A0A5BD, Serial: 1922
2026/05/25 16:34:02 Sent response: D257C6B4053CA281F19C
2026/05/25 16:34:04 Received: 3EC6AE89240DA787C30DD5AD0F498A0FE4E230457D3351DB4822715DE7F6E20642A456ED6DE670C4
2026/05/25 16:34:04 serial 1923
2026/05/25 16:34:04 Processing protocol: 0x22 
2026/05/25 16:34:04 ✅ Location - IMEI: 867440069564323, Lat: 22.523134, Lon: 88.432093, Speed: 62, Course: 4818, Serial: 1923
2026/05/25 16:43:48 Received: 9D9DC6B5281146013EC7238F25A9E8E0945D286D2030F0EDD3E68D4333792CA3F1158B
2026/05/25 16:43:48 serial 1924
2026/05/25 16:43:48 Processing protocol: 0x26 
2026/05/25 16:43:48 ⚠️ Unknown protocol: 0x26
2026/05/25 16:43:50 Received: A4C86857CC7A6DF02FC06F87118288F79F8FB61B55B3098B9D84E650B9958F5F4AEB80
2026/05/25 16:43:50 serial 1925
2026/05/25 16:43:50 Processing protocol: 0x26 
2026/05/25 16:43:50 ⚠️ Unknown protocol: 0x26
2026/05/25 16:43:50 Connection error: EOF
2026/05/25 16:43:52 Client connected: 183.22.236.179:51647
2026/05/25 16:43:52 Received: 7B21D04A6A5FB01228D4BCD31C75ED062CAB1356
2026/05/25 16:43:52 serial 1926
2026/05/25 16:43:52 Processing protocol: 0x01 
2026/05/25 16:43:52 ✅ Login packet - IMEI: 867440069564321, Serial: 1926
2026/05/25 16:43:52 Sent response: C804457B75E9F7F46DF3
2026/05/25 16:43:54 Server listening on :5023
2026/05/25 16:43:56 Received: 8BC93A027D54827AAC36C75D020C87EA
2026/05/25 16:43:56 serial 1927
2026/05/25 16:43:56 Processing protocol: 0x13 
2026/05/25 16:43:56 ✅ Heartbeat - IMEI: 867440069564324, Battery: 6, GSM: 1, TermInfo: 26496069, Serial: 1927
2026/05/25 16:43:56 Sent response: 576DF4AA17FD934E5FFF
2026/05/25 16:43:58 Server listening on :5023
2026/05/25 16:44:00 Received: 5F71E6FB2A8ED04A5B956DB19166CBD93B57C4CABDCD338F954156E6E1F7778FA0812D
2026/05/25 16:44:00 serial 1928
2026/05/25 16:44:00 Processing protocol: 0x26 
2026/05/25 16:44:00 ⚠️ Unknown protocol: 0x26
2026/05/25 16:44:02 Received: 9A17B76FD62616FCA9ED2E2D
2026/05/25 16:44:02 serial 1929
2026/05/25 16:44:02 Processing protocol: 0x94 
2026/05/25 16:44:02 ℹ️ Information transmission packet
2026/05/25 16:44:04 Received: 1FDED0B654BEBBF241F010F485CBA979
2026/05/25 16:44:04 serial 1930
2026/05/25 16:44:04 Processing protocol: 0x13 
2026/05/25 16:44:04 ✅ Heartbeat - IMEI: 867440069564327, Battery: 6, GSM: 1, TermInfo: C5779FFB, Serial: 1930
2026/05/25 16:44:04 Sent response: 3E9C0B3B1CA20B2AE905
2026/05/25 16:44:04 Connection error: EOF
2026/05/25 16:44:06 Server listening on :5023
2026/05/25 16:44:06 Connection error: EOF
2026/05/25 16:44:08 Received: A7F8C89BD66786475FC22DC7
2026/05/25 16:44:08 serial 1931
2026/05/25 16:44:08 Processing protocol: 0x94 
2026/05/25 16:44:08 ℹ️ Information transmission packet
2026/05/25 16:44:10 Server listening on :5023
2026/05/25 16:44:12 Received: AA2A172842760B45CCCE74048910175B
2026/05/25 16:44:12 serial 1932
2026/05/25 16:44:12 Processing protocol: 0x13 
2026/05/25 16:44:12 ✅ Heartbeat - IMEI: 867440069564329, Battery: 3, GSM: 3, TermInfo: 80C9D72D, Serial: 1932
2026/05/25 16:44:12 Sent response: 6DC3732E8BC50549B5F1
2026/05/25 16:44:14 Server listening on :5023
2026/05/25 16:44:16 Client connected: 170.8.121.12:28381
2026/05/25 16:44:16 Received: D52E6D8532F399C179E0D01EE37C9C009D4BD29C
2026/05/25 16:44:16 serial 1933
2026/05/25 16:44:16 Processing protocol: 0x01 
2026/05/25 16:44:16 ✅ Login packet - IMEI: 867440069564326, Serial: 1933
2026/05/25 16:44:16 Sent response: 698B3744574FA0B8F8F6
2026/05/25 16:44:18 Received: E8CE1188FB1E2BF4A9F4C5FA13E5EB779CCD827A82DB745039545D072E5BFADFD433AA
2026/05/25 16:44:18 serial 1934
2026/05/25 16:44:18 Processing protocol: 0x26 
2026/05/25 16:44:18 ⚠️ Unknown protocol: 0x26
2026/05/25 16:44:20 Received: F8BD2BA1AD04F2862934A5A0D2B58DF3
2026/05/25 16:44:20 serial 1935
2026/05/25 16:44:20 Processing protocol: 0x13 
2026/05/25 16:44:20 ✅ Heartbeat - IMEI: 867440069564328, Battery: 4, GSM: 2, TermInfo: 23E2738C, Serial: 1935
2026/05/25 16:44:20 Sent response: 22D57F130A18FB9572E9
2026/05/25 16:44:22 Received: F1DF87B2A507E084E811BB34A3131A1A
2026/05/25 16:44:22 serial 1936
2026/05/25 16:44:22 Processing protocol: 0x13 
2026/05/25 16:44:22 ✅ Heartbeat - IMEI: 867440069564326, Battery: 1, GSM: 4, TermInfo: 7F26E179, Serial: 1936
2026/05/25 16:44:22 Sent response: 3A415FF76BF5CA88F614
2026/05/25 16:44:24 Received: 6067374CB6C8BF63DABDF096
2026/05/25 16:44:24 serial 1937
2026/05/25 16:44:24 Processing protocol: 0x94 
2026/05/25 16:44:24 ℹ️ Information transmission packet
2026/05/25 16:44:26 Received: 395ED033AF54E0BA393AF36A380E54B4
2026/05/25 16:44:26 serial 1938
2026/05/25 16:44:26 Processing protocol: 0x13 
2026/05/25 16:44:26 ✅ Heartbeat - IMEI: 867440069564323, Battery: 4, GSM: 2, TermInfo: 2BFF4704, Serial: 1938
2026/05/25 16:44:26 Sent response: C682C7F53E254BFA5D29
2026/05/25 16:44:28 Received: B1C90F8BF40097EDFD04A553CD313BDC
2026/05/25 16:44:28 serial 1939
2026/05/25 16:44:28 Processing protocol: 0x13 
2026/05/25 16:44:28 ✅ Heartbeat - IMEI: 867440069564323, Battery: 1, GSM: 4, TermInfo: 3A297E37, Serial: 1939
2026/05/25 16:44:28 Sent response: DBD1E0A196EE0BEDC087
2026/05/25 16:44:30 Received: 5D43E200855637CBD913E346
2026/05/25 16:44:30 serial 1940
2026/05/25 16:44:30 Processing protocol: 0x94 
2026/05/25 16:44:30 ℹ️ Information transmission packet
2026/05/25 16:44:32 Received: 4C478E697B179D687D3DFE2074EC2398
2026/05/25 16:44:32 serial 1941
2026/05/25 16:44:32 Processing protocol: 0x13 
2026/05/25 16:44:32 ✅ Heartbeat - IMEI: 867440069564329, Battery: 4, GSM: 3, TermInfo: 39808274, Serial: 1941
2026/05/25 16:44:32 Sent response: 0407BDC2518006D98751
2026/05/25 16:44:34 Received: 52D2A4C71EE4131EC5F3A0AB2CE65C7473B8A9FE71C4EF40526D48B640640CED99C717
2026/05/25 16:44:34 serial 1942
2026/05/25 16:44:34 Processing protocol: 0x26 
2026/05/25 16:44:34 ⚠️ Unknown protocol: 0x26
2026/05/25 16:44:36 Received: 659626EEC14ABB8F80E79EA6E3AA6914E2D8C30DB0A832DFD6816D76B4B48E32F98FB4
2026/05/25 16:44:36 serial 1943
2026/05/25 16:44:36 Processing protocol: 0x26 
2026/05/25 16:44:36 ⚠️ Unknown protocol: 0x26
2026/05/25 16:44:38 Received: 358829791E70829FBACD29FBA3D3B8ED
2026/05/25 16:44:38 serial 1944
2026/05/25 16:44:38 Processing protocol: 0x13 
2026/05/25 16:44:38 ✅ Heartbeat - IMEI: 867440069564324, Battery: 3, GSM: 5, TermInfo: 4AB401DD, Serial: 1944
2026/05/25 16:44:38 Sent response: 068383079F9673FA4CA2
2026/05/25 16:44:40 Server listening on :5023
2026/05/25 16:44:42 Client connected: 155.93.93.164:37317
2026/05/25 16:44:42 Received: D1FA1E4D6321E1DED3F51215C4A7E01F57B3F7B1
2026/05/25 16:44:42 serial 1945
2026/05/25 16:44:42 Processing protocol: 0x01 
2026/05/25 16:44:42 ✅ Login packet - IMEI: 867440069564325, Serial: 1945
2026/05/25 16:44:42 Sent response: 5759D154AE8DEC265839
2026/05/25 16:44:44 Received: 604ADE9E8F67FF2E1984CE61D73BA3EAC7D24D8B112275DC3D217811611CE7BA1C38C7293070AB74
2026/05/25 16:44:44 serial 1946
2026/05/25 16:44:44 Processing protocol: 0x22 
2026/05/25 16:44:44 ✅ Location - IMEI: 867440069564325, Lat: 22.658281, Lon: 88.357433, Speed: 117, Course: 2329, Serial: 1946
2026/05/25 16:44:46 Server listening on :5023
2026/05/25 16:44:48 Received: 584589626EF5815AFEDB744A9188929B62C5E64B45975317566FD24E57ECA1F1FE7F132053915550
2026/05/25 16:44:48 serial 1947
2026/05/25 16:44:48 Processing protocol: 0x22 
2026/05/25 16:44:48 ✅ Location - IMEI: 867440069564329, Lat: 22.559447, Lon: 88.343015, Speed: 42, Course: 2979, Serial: 1947
2026/05/25 16:44:50 Client connected: 5.224.244.108:51950
2026/05/25 16:44:50 Received: 19E97339330AE67923CF8819B0787B883D3AD2C6
2026/05/25 16:44:50 serial 1948
2026/05/25 16:44:50 Processing protocol: 0x01 
2026/05/25 16:44:50 ✅ Login packet - IMEI: 867440069564326, Serial: 1948
2026/05/25 16:44:50 Sent response: 8734FE16A3E009633639
2026/05/25 16:44:52 Received: F8A15596C67B08FC8E828FA37746BEC7
2026/05/25 16:44:52 serial 1949
2026/05/25 16:44:52 Processing protocol: 0x13 
2026/05/25 16:44:52 ✅ Heartbeat - IMEI: 867440069564322, Battery: 5, GSM: 3, TermInfo: F090F919, Serial: 1949
2026/05/25 16:44:52 Sent response: 10E42B84D5B55710D9E1
2026/05/25 16:44:54 Received: AC63A0846EA414B3CA2DB678DCE6A8D4
2026/05/25 16:44:54 serial 1950
2026/05/25 16:44:54 Processing protocol: 0x13 
2026/05/25 16:44:54 ✅ Heartbeat - IMEI: 867440069564330, Battery: 2, GSM: 3, TermInfo: 0CDFD338, Serial: 1950
2026/05/25 16:44:54 Sent response: 8D6247E63E0ECBF4582A
2026/05/25 16:44:56 Received: 33D6003200A149BD9FBEBAC910907987
2026/05/25 16:44:56 serial 1951
2026/05/25 16:44:56 Processing protocol: 0x13 
2026/05/25 16:44:56 ✅ Heartbeat - IMEI: 867440069564329, Battery: 1, GSM: 4, TermInfo: 3BE035DF, Serial: 1951
2026/05/25 16:44:56 Sent response: 4DCEBA161093A548578A
2026/05/25 16:44:56 Connection error: EOF
2026/05/25 16:44:58 Client connected: 177.28.30.3:11367
2026/05/25 16:44:58 Received: B2DB1403D664A410AB725506826D31A8CD6AB15F
2026/05/25 16:44:58 serial 1952
2026/05/25 16:44:58 Processing protocol: 0x01 
2026/05/25 16:44:58 ✅ Login packet - IMEI: 867440069564323, Serial: 1952
2026/05/25 16:44:58 Sent response: 16D4B31346AA631651DA
2026/05/25 16:45:00 Client connected: 65.15.254.155:35319
2026/05/25 16:45:00 Received: 625B7C7F4F6EB9A0E156B37AD4DCF27E38897C9A
2026/05/25 16:45:00 serial 1953
2026/05/25 16:45:00 Processing protocol: 0x01 
2026/05/25 16:45:00 ✅ Login packet - IMEI: 867440069564321, Serial: 1953
2026/05/25 16:45:00 Sent response: 2D523023824140D7D425
2026/05/25 16:45:02 Client connected: 75.97.227.132:42705
2026/05/25 16:45:02 Received: DD0FE3500611025DE9929523C446CD1ACF47081E
2026/05/25 16:45:02 serial 1954
2026/05/25 16:45:02 Processing protocol: 0x01 
2026/05/25 16:45:02 ✅ Login packet - IMEI: 867440069564330, Serial: 1954
2026/05/25 16:45:02 Sent response: B8BDEB600349C271D4ED
2026/05/25 16:45:04 Received: 2E25D6918BA5EC37F76D4534C004120B9406787331FE9A0A0EAAF82DD10EDE2F965AD9
2026/05/25 16:45:04 serial 1955
2026/05/25 16:45:04 Processing protocol: 0x26 
2026/05/25 16:45:04 ⚠️ Unknown protocol: 0x26
2026/05/25 16:45:06 Client connected: 188.95.126.198:45855
2026/05/25 16:45:06 Received: AE99BDFDF90E1239B87352519E4F05AA92DB4403
2026/05/25 16:45:06 serial 1956
2026/05/25 16:45:06 Processing protocol: 0x01 
2026/05/25 16:45:06 ✅ Login packet - IMEI: 867440069564321, Serial: 1956
2026/05/25 16:45:06 Sent response: 4EF8C0D3ADE12C9CE35B
2026/05/25 16:45:08 Server listening on :5023
2026/05/25 16:45:10 Received: E8C00A512ED65CEAA30E76C0
2026/05/25 16:45:10 serial 1957
2026/05/25 16:45:10 Processing protocol: 0x94 
2026/05/25 16:45:10 ℹ️ Information transmission packet
2026/05/25 16:45:12 Received: 0A93B928E3AD5915095575AE8F9A526A
2026/05/25 16:45:12 serial 1958
2026/05/25 16:45:12 Processing protocol: 0x13 
2026/05/25 16:45:12 ✅ Heartbeat - IMEI: 867440069564330, Battery: 3, GSM: 5, TermInfo: 1F7AEB9B, Serial: 1958
2026/05/25 16:45:12 Sent response: 595F0C012F1439906F5F
2026/05/25 16:45:14 Received: 7B23C183EE3EBE7155159971D1F8C8ED0F2E147C6D07FF3328CBB49060F7C781409000495A7EFB96
2026/05/25 16:45:14 serial 1959
2026/05/25 16:45:14 Processing protocol: 0x22 
2026/05/25 16:45:14 ✅ Location - IMEI: 867440069564326, Lat: 22.547270, Lon: 88.377694, Speed: 8, Course: 4961, Serial: 1959
2026/05/25 16:45:16 Received: 3420338F8472B66F65ECEEE208594BB0
2026/05/25 16:45:16 serial 1960
2026/05/25 16:45:16 Processing protocol: 0x13 
2026/05/25 16:45:16 ✅ Heartbeat - IMEI: 867440069564326, Battery: 6, GSM: 3, TermInfo: 490E75C0, Serial: 1960
2026/05/25 16:45:16 Sent response: 9222852AD83B7A25CFED
2026/05/25 16:45:18 Received: 218C93D74D253B3B69102AB5
2026/05/25 16:45:18 serial 1961
2026/05/25 16:45:18 Processing protocol: 0x94 
2026/05/25 16:45:18 ℹ️ Information transmission packet
2026/05/25 16:45:20 Received: E9238BA29943AED9BA521119063CD4260FA44FDD393F794B996260F58424EE337696BA1E6623A875
2026/05/25 16:45:20 serial 1962
2026/05/25 16:45:20 Processing protocol: 0x22 
2026/05/25 16:45:20 ✅ Location - IMEI: 867440069564321, Lat: 22.595574, Lon: 88.300108, Speed: 87, Course: 5712, Serial: 1962
2026/05/25 16:45:22 Received: 49C9C84F89D416350E15377F
2026/05/25 16:45:22 serial 1963
2026/05/25 16:45:22 Processing protocol: 0x94 
2026/05/25 16:45:22 ℹ️ Information transmission packet
2026/05/25 16:45:24 Client connected: 6.137.145.10:42170
2026/05/25 16:45:24 Received: AAD94EB4D92A2FEB621337212B6A96D1EC76F8D9
2026/05/25 16:45:24 serial 1964
2026/05/25 16:45:24 Processing protocol: 0x01 
2026/05/25 16:45:24 ✅ Login packet - IMEI: 867440069564324, Serial: 1964
2026/05/25 16:45:24 Sent response: 6976EEE6A452D94392D4
2026/05/25 16:45:24 Connection error: EOF
2026/05/25 16:45:26 Client connected: 139.159.151.49:12101
2026/05/25 16:45:26 Received: F22B2B333A22349C079031C868F74F41AEB01E8D
2026/05/25 16:45:26 serial 1965
2026/05/25 16:45:26 Processing protocol: 0x01 
2026/05/25 16:45:26 ✅ Login packet - IMEI: 867440069564326, Serial: 1965
2026/05/25 16:45:26 Sent response: 6D746A6AC57B0A4AC920
